esp;num;ano;data;regime;presidente;presidente_fonte;autores;camara;senado;endurece;abranda;mantem;autoria_senado;forma
LEI;1431;1951;1951-09-14;República de 1946;GETÚLIO VARGAS;assinatura no fecho do texto da norma;"[{""nome"": ""DAMASO ROCHA"", ""tipo"": ""Deputado(a)"", ""partido"": ""PSD"", ""uf"": ""RS"", ""proposicao"": ""PL 1254/1948""}]";"{""votacoes"": 0, ""nominais"": 0}";"{""votacoes"": 0}";0;0;0;Câmara dos Deputados;
LEI;2505;1955;1955-06-16;República de 1946;JOÃO CAFÉ FILHO;assinatura no fecho do texto da norma;"[{""nome"": ""MARREY JUNIOR"", ""tipo"": ""Deputado(a)"", ""partido"": ""PTB"", ""uf"": ""SP"", ""proposicao"": ""PL 1440/1951""}]";"{""votacoes"": 0, ""nominais"": 0}";"{""votacoes"": 0}";0;0;0;Câmara dos Deputados;
LEI;4451;1964;1964-11-06;Ditadura militar;H. CASTELLO BRANCO;assinatura no fecho do texto da norma;"[{""nome"": ""COUTINHO CAVALCANTI"", ""tipo"": ""Deputado(a)"", ""partido"": ""PTB"", ""uf"": ""SP"", ""proposicao"": ""PL 698/1959""}]";"{""votacoes"": 0, ""nominais"": 0}";"{""votacoes"": 0}";0;0;0;Câmara dos Deputados;
LEI;4729;1965;1965-07-19;Ditadura militar;H. CASTELLO BRANCO;assinatura no fecho do texto da norma;"[{""nome"": ""Poder Executivo"", ""tipo"": ""Órgão do Poder Executivo"", ""partido"": """", ""uf"": """", ""proposicao"": ""PL 2748/1965""}]";"{""votacoes"": 0, ""nominais"": 0}";"{""votacoes"": 0}";0;0;0;Câmara dos Deputados;
LEI;5346;1967;1967-11-07;Ditadura militar;A. COSTA E SILVA;assinatura no fecho do texto da norma;"[{""nome"": ""Poder Executivo"", ""tipo"": ""Órgão do Poder Executivo"", ""partido"": """", ""uf"": """", ""proposicao"": ""PL 583/1967""}]";"{""votacoes"": 0, ""nominais"": 0}";"{""votacoes"": 0}";0;0;0;Câmara dos Deputados;
LEI;5467;1968;1968-07-08;Ditadura militar;A. COSTA E SILVA;assinatura no fecho do texto da norma;"[{""nome"": ""SENADO FEDERAL - GUIDO MONDIN"", ""tipo"": ""Órgão do Poder Legislativo"", ""partido"": """", ""uf"": """", ""proposicao"": ""PL 4044/1966""}]";"{""votacoes"": 0, ""nominais"": 0}";"{""votacoes"": 0}";0;0;0;;
LEI;5474;1968;1968-07-19;Ditadura militar;A. COSTA E SILVA;assinatura no fecho do texto da norma;"[{""nome"": ""Poder Executivo"", ""tipo"": ""Órgão do Poder Executivo"", ""partido"": """", ""uf"": """", ""proposicao"": ""PL 1138/1968""}]";"{""votacoes"": 0, ""nominais"": 0}";"{""votacoes"": 0}";1;0;0;Câmara dos Deputados;
LEI;5478;1968;1968-07-26;Ditadura militar;A. COSTA E SILVA;assinatura no fecho do texto da norma;"[{""nome"": ""Poder Executivo"", ""tipo"": ""Órgão do Poder Executivo"", ""partido"": """", ""uf"": """", ""proposicao"": ""PL 1163/1968""}]";"{""votacoes"": 3, ""nominais"": 0}";"{""votacoes"": 0}";1;0;0;;
DL;385;1968;1968-12-27;Ditadura militar;A. COSTA E SILVA;assinatura no fecho do texto da norma;"[{""nome"": ""Poder Executivo"", ""tipo"": ""Órgão do Poder Executivo"", ""partido"": """", ""uf"": """", ""proposicao"": ""Decreto-Lei, ato do Presidente da República editado sem passar pelo Congresso"", ""fonte"": ""Câmara dos Deputados, Legislação Informatizada, ficha do Decreto-Lei n. 385/1968: Origem, Poder Executivo""}]";"{""votacoes"": 0, ""nominais"": 0}";"{""votacoes"": 0}";0;0;0;;
LEI;5726;1971;1971-11-01;Ditadura militar;EMÍLIO G. MÉDICI;assinatura no fecho do texto da norma;"[{""nome"": ""Poder Executivo"", ""tipo"": ""Órgão do Poder Executivo"", ""partido"": """", ""uf"": """", ""proposicao"": ""PL 185/1971""}]";"{""votacoes"": 0, ""nominais"": 0}";"{""votacoes"": 0}";0;0;0;Câmara dos Deputados;
LEI;6368;1976;1976-10-22;Ditadura militar;ERNESTO GEISEL;assinatura no fecho do texto da norma;"[{""nome"": ""Poder Executivo"", ""tipo"": ""Órgão do Poder Executivo"", ""partido"": """", ""uf"": """", ""proposicao"": ""PL 2380/1976 (PLC 57/1976 no Senado)"", ""fonte"": ""Senado Federal, Dados Abertos, processo 2356971, norma gerada: AUTOR: EXECUTIVO - PL. 2380 DE 1976""}]";"{""votacoes"": 0, ""nominais"": 0}";"{""votacoes"": 0}";0;0;0;;
LEI;6416;1977;1977-05-25;Ditadura militar;ERNESTO GEISEL;assinatura no fecho do texto da norma;"[{""nome"": ""Poder Executivo"", ""tipo"": ""Órgão do Poder Executivo"", ""partido"": """", ""uf"": """", ""proposicao"": ""PLN 2/1977 (Mensagem n. 37/1977)"", ""fonte"": ""Senado Federal, Dados Abertos, processo 2796994, autor Presidente da República, norma gerada: AUTOR: EXECUTIVO - PLN 2 DE 1977""}]";"{""votacoes"": 0, ""nominais"": 0}";"{""votacoes"": 0}";0;0;0;;
LEI;6799;1980;1980-06-24;Ditadura militar;JOÃO FIGUEIREDO;assinatura no fecho do texto da norma;"[{""nome"": ""NORTON MACEDO"", ""tipo"": ""Deputado(a)"", ""partido"": ""ARENA"", ""uf"": ""PR"", ""proposicao"": ""PL 1066/1975""}]";"{""votacoes"": 0, ""nominais"": 0}";"{""votacoes"": 0}";0;0;0;Câmara dos Deputados;
LEI;6895;1980;1980-12-18;Ditadura militar;JOÃO FIGUEIREDO;assinatura no fecho do texto da norma;"[{""nome"": ""Poder Executivo"", ""tipo"": ""Órgão do Poder Executivo"", ""partido"": """", ""uf"": """", ""proposicao"": ""PL 3143/1980""}]";"{""votacoes"": 0, ""nominais"": 0}";"{""votacoes"": 0}";0;0;0;Câmara dos Deputados;
LEI;6898;1981;1981-04-01;Ditadura militar;JOÃO FIGUEIREDO;assinatura no fecho do texto da norma;"[{""nome"": ""Poder Executivo"", ""tipo"": ""Órgão do Poder Executivo"", ""partido"": """", ""uf"": """", ""proposicao"": ""PL 3358/1980""}]";"{""votacoes"": 0, ""nominais"": 0}";"{""votacoes"": 0}";0;0;1;Câmara dos Deputados;
LEI;7209;1984;1984-07-13;Ditadura militar;JOÃO FIGUEIREDO;assinatura no fecho do texto da norma;"[{""nome"": ""Poder Executivo"", ""tipo"": ""Órgão do Poder Executivo"", ""partido"": """", ""uf"": """", ""proposicao"": ""PL 1656/1983""}]";"{""votacoes"": 0, ""nominais"": 0}";"{""votacoes"": 0}";0;0;0;Câmara dos Deputados;
LEI;7251;1984;1984-11-21;Ditadura militar;JOÃO FIGUEIREDO;assinatura no fecho do texto da norma;"[{""nome"": ""ADHEMAR GHISI"", ""tipo"": ""Deputado(a)"", ""partido"": ""ARENA"", ""uf"": ""SC"", ""proposicao"": ""PL 285/1979""}]";"{""votacoes"": 0, ""nominais"": 0}";"{""votacoes"": 0}";1;0;0;Câmara dos Deputados;
LEI;8069;1990;1990-07-16;Nova República;FERNANDO COLLOR;assinatura no fecho do texto da norma;"[{""nome"": ""SENADO FEDERAL - RONAN TITO"", ""tipo"": ""Órgão do Poder Legislativo"", ""partido"": """", ""uf"": """", ""proposicao"": ""PL 5172/1990""}, {""nome"": ""Ronan Tito"", ""tipo"": ""Senador(a)"", ""partido"": ""MDB"", ""uf"": ""MG"", ""proposicao"": """"}]";"{""votacoes"": 0, ""nominais"": 0}";"{""votacoes"": 0}";0;0;0;Senador Ronan Tito (MDB/MG);
LEI;8072;1990;1990-07-26;Nova República;FERNANDO COLLOR;assinatura no fecho do texto da norma;"[{""nome"": ""SENADO FEDERAL - ODACIR SOARES"", ""tipo"": ""Órgão do Poder Legislativo"", ""partido"": """", ""uf"": """", ""proposicao"": ""PL 5405/1990""}, {""nome"": ""Odacir Soares"", ""tipo"": ""Senador(a)"", ""partido"": """", ""uf"": ""RO"", ""proposicao"": """"}]";"{""votacoes"": 0, ""nominais"": 0}";"{""votacoes"": 0}";3;0;0;Senador Odacir Soares (/RO);
LEI;8137;1990;1990-12-28;Nova República;FERNANDO COLLOR;assinatura no fecho do texto da norma;"[{""nome"": ""Poder Executivo"", ""tipo"": ""Órgão do Poder Executivo"", ""partido"": """", ""uf"": """", ""proposicao"": ""PL 4788/1990""}]";"{""votacoes"": 0, ""nominais"": 0}";"{""votacoes"": 0}";1;2;0;Câmara dos Deputados;
LEI;8176;1991;1991-02-13;Nova República;FERNANDO COLLOR;assinatura no fecho do texto da norma;"[{""nome"": ""Poder Executivo"", ""tipo"": ""Órgão do Poder Executivo"", ""partido"": """", ""uf"": """", ""proposicao"": ""PL 6134/1991""}]";"{""votacoes"": 0, ""nominais"": 0}";"{""votacoes"": 0}";0;0;0;;
LEI;8635;1993;1993-03-17;Nova República;ITAMAR FRANCO;assinatura no fecho do texto da norma;"[{""nome"": ""Poder Executivo"", ""tipo"": ""Órgão do Poder Executivo"", ""partido"": """", ""uf"": """", ""proposicao"": ""PL 161/1991""}]";"{""votacoes"": 0, ""nominais"": 0}";"{""votacoes"": 0}";0;0;0;Câmara dos Deputados;
LEI;8683;1993;1993-07-16;Nova República;ITAMAR FRANCO;assinatura no fecho do texto da norma;"[{""nome"": ""DIOGO NOMURA"", ""tipo"": ""Deputado(a)"", ""partido"": ""ARENA"", ""uf"": ""SP"", ""proposicao"": ""PL 2460/1991""}]";"{""votacoes"": 0, ""nominais"": 0}";"{""votacoes"": 0}";0;0;1;Câmara dos Deputados;
LEI;9127;1995;1995-11-17;Nova República;FERNANDO HENRIQUE CARDOSO;assinatura no fecho do texto da norma;"[{""nome"": ""CPI - CN"", ""tipo"": ""COMISSÃO PARLAMENTAR DE INQUÉRITO"", ""partido"": """", ""uf"": """", ""proposicao"": ""PL 3787/1993""}]";"{""votacoes"": 0, ""nominais"": 0}";"{""votacoes"": 0}";1;0;0;Câmara dos Deputados;
LEI;9268;1996;1996-04-02;Nova República;FERNANDO HENRIQUE CARDOSO;assinatura no fecho do texto da norma;"[{""nome"": ""Poder Executivo"", ""tipo"": ""Órgão do Poder Executivo"", ""partido"": """", ""uf"": """", ""proposicao"": ""PL 726/1995""}]";"{""votacoes"": 1, ""nominais"": 0}";"{""votacoes"": 0}";0;0;0;Câmara dos Deputados;
LEI;9269;1996;1996-04-03;Nova República;FERNANDO HENRIQUE CARDOSO;assinatura no fecho do texto da norma;"[{""nome"": ""SENADO FEDERAL - FRANCISCO ROLLEMBERG"", ""tipo"": ""Órgão do Poder Legislativo"", ""partido"": """", ""uf"": """", ""proposicao"": ""PL 3288/1992""}, {""nome"": ""Francisco Rollemberg"", ""tipo"": ""Senador(a)"", ""partido"": """", ""uf"": ""SE"", ""proposicao"": """"}]";"{""votacoes"": 0, ""nominais"": 0}";"{""votacoes"": 0}";0;0;0;Senador Francisco Rollemberg (/SE);
LEI;9279;1996;1996-05-15;Nova República;FERNANDO HENRIQUE CARDOSO;assinatura no fecho do texto da norma;"[{""nome"": ""Poder Executivo"", ""tipo"": ""Órgão do Poder Executivo"", ""partido"": """", ""uf"": """", ""proposicao"": ""PL 824/1991""}]";"{""votacoes"": 0, ""nominais"": 0}";"{""votacoes"": 0}";3;5;1;Câmara dos Deputados;
LEI;9281;1996;1996-06-05;Nova República;FERNANDO HENRIQUE CARDOSO;assinatura no fecho do texto da norma;"[{""nome"": ""ROSE DE FREITAS"", ""tipo"": ""Deputado(a)"", ""partido"": ""PSDB"", ""uf"": ""ES"", ""proposicao"": ""PL 1374/1991""}]";"{""votacoes"": 1, ""nominais"": 0}";"{""votacoes"": 0}";0;0;0;Câmara dos Deputados;
LEI;9318;1996;1996-12-06;Nova República;FERNANDO HENRIQUE CARDOSO;assinatura no fecho do texto da norma;"[{""nome"": ""GEOVANI BORGES"", ""tipo"": ""Deputado(a)"", ""partido"": ""PDS"", ""uf"": ""AP"", ""proposicao"": ""PL 2797/1989""}]";"{""votacoes"": 0, ""nominais"": 0}";"{""votacoes"": 0}";0;0;0;Câmara dos Deputados;
LEI;9426;1996;1996-12-26;Nova República;FERNANDO HENRIQUE CARDOSO;assinatura no fecho do texto da norma;"[{""nome"": ""Poder Executivo"", ""tipo"": ""Órgão do Poder Executivo"", ""partido"": """", ""uf"": """", ""proposicao"": ""PL 725/1995""}]";"{""votacoes"": 1, ""nominais"": 0}";"{""votacoes"": 0}";4;1;0;Câmara dos Deputados;
LEI;9459;1997;1997-05-14;Nova República;FERNANDO HENRIQUE CARDOSO;assinatura no fecho do texto da norma;"[{""nome"": ""PAULO PAIM"", ""tipo"": ""Deputado(a)"", ""partido"": ""PT"", ""uf"": ""RS"", ""proposicao"": ""PL 1240/1995""}]";"{""votacoes"": 0, ""nominais"": 0}";"{""votacoes"": 0}";0;0;0;Câmara dos Deputados;
LEI;9677;1998;1998-07-03;Nova República;FERNANDO HENRIQUE CARDOSO;assinatura no fecho do texto da norma;"[{""nome"": ""BENEDITO DOMINGOS"", ""tipo"": ""Deputado(a)"", ""partido"": ""PP"", ""uf"": ""DF"", ""proposicao"": ""PL 4207/1998""}]";"{""votacoes"": 0, ""nominais"": 0}";"{""votacoes"": 0}";6;0;0;Câmara dos Deputados;
LEI;9714;1998;1998-11-26;Nova República;FERNANDO HENRIQUE CARDOSO;assinatura no fecho do texto da norma;"[{""nome"": ""Poder Executivo"", ""tipo"": ""Órgão do Poder Executivo"", ""partido"": """", ""uf"": """", ""proposicao"": ""PL 2684/1996""}]";"{""votacoes"": 0, ""nominais"": 0}";"{""votacoes"": 0}";0;0;0;Câmara dos Deputados;
LEI;9777;1998;1998-12-30;Nova República;FERNANDO HENRIQUE CARDOSO;assinatura no fecho do texto da norma;"[{""nome"": ""PAULO ROCHA"", ""tipo"": ""Deputado(a)"", ""partido"": ""PT"", ""uf"": ""PA"", ""proposicao"": ""PL 929/1995""}]";"{""votacoes"": 0, ""nominais"": 0}";"{""votacoes"": 0}";2;0;0;Câmara dos Deputados;
LEI;9983;2000;2000-07-17;Nova República;FERNANDO HENRIQUE CARDOSO;assinatura no fecho do texto da norma;"[{""nome"": ""Poder Executivo"", ""tipo"": ""Órgão do Poder Executivo"", ""partido"": """", ""uf"": """", ""proposicao"": ""PL 933/1999""}]";"{""votacoes"": 2, ""nominais"": 0}";"{""votacoes"": 0}";6;0;0;Câmara dos Deputados;
LEI;10028;2000;2000-10-20;Nova República;FERNANDO HENRIQUE CARDOSO;assinatura no fecho do texto da norma;"[{""nome"": ""Poder Executivo"", ""tipo"": ""Órgão do Poder Executivo"", ""partido"": """", ""uf"": """", ""proposicao"": ""PL 621/1999""}]";"{""votacoes"": 0, ""nominais"": 0}";"{""votacoes"": 0}";8;0;0;Câmara dos Deputados;
LEI;10224;2001;2001-05-16;Nova República;FERNANDO HENRIQUE CARDOSO;assinatura no fecho do texto da norma;"[{""nome"": ""Iara Bernardi"", ""tipo"": ""Deputado(a)"", ""partido"": ""PT"", ""uf"": ""SP"", ""proposicao"": ""PL 61/1999""}]";"{""votacoes"": 1, ""nominais"": 0}";"{""votacoes"": 0}";1;0;0;Câmara dos Deputados;
LEI;10268;2001;2001-08-29;Nova República;FERNANDO HENRIQUE CARDOSO;assinatura no fecho do texto da norma;"[{""nome"": ""Poder Executivo"", ""tipo"": ""Órgão do Poder Executivo"", ""partido"": """", ""uf"": """", ""proposicao"": ""PL 3532/2000""}]";"{""votacoes"": 2, ""nominais"": 0}";"{""votacoes"": 0}";1;0;0;Câmara dos Deputados;
LEI;10467;2002;2002-06-12;Nova República;FERNANDO HENRIQUE CARDOSO;assinatura no fecho do texto da norma;"[{""nome"": ""Poder Executivo"", ""tipo"": ""Órgão do Poder Executivo"", ""partido"": """", ""uf"": """", ""proposicao"": ""PL 4143/2001""}]";"{""votacoes"": 3, ""nominais"": 0}";"{""votacoes"": 0}";2;0;0;Câmara dos Deputados;
LEI;10695;2003;2003-07-02;Nova República;LUIZ INÁCIO LULA DA SILVA;assinatura no fecho do texto da norma;"[{""nome"": ""Poder Executivo"", ""tipo"": ""Órgão do Poder Executivo"", ""partido"": """", ""uf"": """", ""proposicao"": ""PL 2681/1996""}]";"{""votacoes"": 9, ""nominais"": 0}";"{""votacoes"": 0}";1;0;0;Câmara dos Deputados;
LEI;10741;2003;2003-10-03;Nova República;LUIZ INÁCIO LULA DA SILVA;assinatura no fecho do texto da norma;"[{""nome"": ""Paulo Paim"", ""tipo"": ""Deputado(a)"", ""partido"": ""PT"", ""uf"": ""RS"", ""proposicao"": ""PL 3561/1997""}]";"{""votacoes"": 6, ""nominais"": 0}";"{""votacoes"": 0}";0;0;0;Câmara dos Deputados;
LEI;10763;2003;2003-11-13;Nova República;LUIZ INÁCIO LULA DA SILVA;assinatura no fecho do texto da norma;"[{""nome"": ""Senado Federal (Comissão Mista - art. 142 e 143 do Regimento Comum)"", ""tipo"": ""Órgão do Poder Legislativo"", ""partido"": """", ""uf"": """", ""proposicao"": ""PL 7017/2002""}]";"{""votacoes"": 5, ""nominais"": 0}";"{""votacoes"": 0}";2;0;0;CMESP - Segurança Pública - 2002;
LEI;10803;2003;2003-12-12;Nova República;LUIZ INÁCIO LULA DA SILVA;assinatura no fecho do texto da norma;"[{""nome"": ""SENADO FEDERAL - WALDECK ORNELAS"", ""tipo"": ""Órgão do Poder Legislativo"", ""partido"": """", ""uf"": """", ""proposicao"": ""PL 7429/2002""}, {""nome"": ""Waldeck Ornelas"", ""tipo"": ""Senador(a)"", ""partido"": ""PFL"", ""uf"": ""BA"", ""proposicao"": """"}]";"{""votacoes"": 4, ""nominais"": 0}";"{""votacoes"": 0}";0;0;1;Senador Waldeck Ornelas (PFL/BA);
LEI;10886;2004;2004-06-18;Nova República;LUIZ INÁCIO LULA DA SILVA;assinatura no fecho do texto da norma;"[{""nome"": ""Iara Bernardi"", ""tipo"": ""Deputado(a)"", ""partido"": ""PT"", ""uf"": ""SP"", ""proposicao"": ""PL 3/2003""}]";"{""votacoes"": 8, ""nominais"": 0}";"{""votacoes"": 0}";0;1;0;Câmara dos Deputados;
LEI;11035;2004;2004-12-23;Nova República;LUIZ INÁCIO LULA DA SILVA;assinatura no fecho do texto da norma;"[{""nome"": ""Poder Executivo"", ""tipo"": ""Órgão do Poder Executivo"", ""partido"": """", ""uf"": """", ""proposicao"": ""PL 1365/1999""}]";"{""votacoes"": 3, ""nominais"": 0}";"{""votacoes"": 0}";0;0;0;Câmara dos Deputados;
LEI;11106;2005;2005-03-29;Nova República;LUIZ INÁCIO LULA DA SILVA;assinatura no fecho do texto da norma;"[{""nome"": ""Iara Bernardi"", ""tipo"": ""Deputado(a)"", ""partido"": ""PT"", ""uf"": ""SP"", ""proposicao"": ""PL 117/2003""}]";"{""votacoes"": 7, ""nominais"": 0}";"{""votacoes"": 0}";0;0;0;Câmara dos Deputados;
LEI;11340;2006;2006-08-08;Nova República;LUIZ INÁCIO LULA DA SILVA;assinatura no fecho do texto da norma;"[{""nome"": ""Poder Executivo"", ""tipo"": ""Órgão do Poder Executivo"", ""partido"": """", ""uf"": """", ""proposicao"": ""PL 4559/2004""}]";"{""votacoes"": 12, ""nominais"": 1, ""nominais_lista"": [{""id"": ""301190-6"", ""data"": ""2005-11-29"", ""proposicao"": ""PL 4559/2004"", ""descricao"": ""Aprovado o Requerimento de Urgência (Art. 155 do RICD). Sim: 382; Não: 2; Abst.: 0; Total: 384."", ""sim"": 382, ""nao"": 2, ""outros"": 3, ""partidos"": {""PCdoB"": [9, 0, 0], ""PDT"": [16, 0, 0], ""PFL"": [41, 0, 0], ""PL"": [25, 0, 0], ""PMDB"": [58, 1, 1], ""PMR"": [2, 0, 0], ""PP"": [34, 1, 2], ""PPS"": [14, 0, 0], ""PRONA"": [2, 0, 0], ""PSB"": [23, 0, 0], ""PSC"": [5, 0, 0], ""PSDB"": [40, 0, 0], ""PSOL"": [5, 0, 0], ""PT"": [68, 0, 0], ""PTB"": [36, 0, 0], ""PV"": [4, 0, 0]}}]}";"{""votacoes"": 0}";1;0;0;Câmara dos Deputados;
LEI;11466;2007;2007-03-29;Nova República;LUIZ INÁCIO LULA DA SILVA;assinatura no fecho do texto da norma;"[{""nome"": ""Senado Federal - César Borges"", ""tipo"": ""Órgão do Poder Legislativo"", ""partido"": """", ""uf"": """", ""proposicao"": ""PL 7225/2006""}, {""nome"": ""César Borges"", ""tipo"": ""Senador(a)"", ""partido"": ""PFL"", ""uf"": ""BA"", ""proposicao"": """"}]";"{""votacoes"": 3, ""nominais"": 1, ""nominais_lista"": [{""id"": ""327896-22"", ""data"": ""2007-02-14"", ""proposicao"": ""PL 7225/2006"", ""descricao"": ""Aprovada a Proposta do Senado Federal para que possa tramitar o Projeto de Lei nº 7.225, de 2006, em razão de rejeição de matéria idêntica ao Projeto de Lei nº 7.298, de 2002 e apensados. (Votação nominal, aprovada pela maioria absoluta dos deputados, nos temos do art. 110, do RICD, combinado com art. 67, da Constituição Federal.) Sim: 398; Não: 2; Abst.: 4; Total: 404."", ""sim"": 398, ""nao"": 2, ""outros"": 4, ""partidos"": {""PAN"": [5, 0, 0], ""PCdoB"": [10, 0, 0], ""PDT"": [17, 0, 0], ""PFL"": [53, 0, 0], ""PHS"": [1, 0, 0], ""PMDB"": [71, 0, 0], ""PMN"": [4, 0, 0], ""PP"": [26, 0, 1], ""PPS"": [11, 1, 0], ""PR"": [19, 0, 0], ""PRB"": [1, 0, 0], ""PSB"": [23, 0, 0], ""PSC"": [4, 0, 0], ""PSDB"": [51, 1, 1], ""PSOL"": [1, 0, 1], ""PT"": [67, 0, 1], ""PTB"": [18, 0, 0], ""PTC"": [3, 0, 0], ""PTdoB"": [1, 0, 0], ""PV"": [11, 0, 0], ""S.PART."": [1, 0, 0]}}]}";"{""votacoes"": 0}";1;0;0;Senador César Borges (PFL/BA);
LEI;11596;2007;2007-11-30;Nova República;LUIZ INÁCIO LULA DA SILVA;assinatura no fecho do texto da norma;"[{""nome"": ""Senado Federal - Magno Malta"", ""tipo"": ""Órgão do Poder Legislativo"", ""partido"": """", ""uf"": """", ""proposicao"": ""PL 5973/2005""}, {""nome"": ""Magno Malta"", ""tipo"": ""Senador(a)"", ""partido"": ""PL"", ""uf"": ""ES"", ""proposicao"": """"}]";"{""votacoes"": 2, ""nominais"": 0}";"{""votacoes"": 0}";0;0;0;Senador Magno Malta (PL/ES);
LEI;11923;2009;2009-04-17;Nova República;LUIZ INÁCIO LULA DA SILVA;assinatura no fecho do texto da norma;"[{""nome"": ""Senado Federal - Rodolpho Tourinho"", ""tipo"": ""Órgão do Poder Legislativo"", ""partido"": """", ""uf"": """", ""proposicao"": ""PL 4025/2004""}, {""nome"": ""Rodolpho Tourinho"", ""tipo"": ""Senador(a)"", ""partido"": ""PFL"", ""uf"": ""BA"", ""proposicao"": """"}]";"{""votacoes"": 5, ""nominais"": 0}";"{""votacoes"": 0}";1;0;0;Senador Rodolpho Tourinho (PFL/BA);
LEI;12012;2009;2009-08-07;Nova República;LUIZ INÁCIO LULA DA SILVA;assinatura no fecho do texto da norma;"[{""nome"": ""Alberto Fraga"", ""tipo"": ""Deputado(a)"", ""partido"": ""DEM"", ""uf"": ""DF"", ""proposicao"": ""PL 7024/2006""}]";"{""votacoes"": 4, ""nominais"": 0}";"{""votacoes"": 0}";1;0;0;Câmara dos Deputados;
LEI;12015;2009;2009-08-10;Nova República;LUIZ INÁCIO LULA DA SILVA;assinatura no fecho do texto da norma;"[{""nome"": ""Senado Federal - CPMI - Exploração Sexual"", ""tipo"": ""Órgão do Poder Legislativo"", ""partido"": """", ""uf"": """", ""proposicao"": ""PL 4850/2005""}]";"{""votacoes"": 2, ""nominais"": 0}";"{""votacoes"": 0}";7;1;0;CPMI - Exploração Sexual - 2003;
LEI;12033;2009;2009-09-30;Nova República;LUIZ INÁCIO LULA DA SILVA;assinatura no fecho do texto da norma;"[{""nome"": ""Paulo Rocha"", ""tipo"": ""Deputado(a)"", ""partido"": ""PT"", ""uf"": ""PA"", ""proposicao"": ""PL 36/1999""}]";"{""votacoes"": 2, ""nominais"": 0}";"{""votacoes"": 0}";0;0;0;Câmara dos Deputados;
LEI;12234;2010;2010-05-06;Nova República;LUIZ INÁCIO LULA DA SILVA;assinatura no fecho do texto da norma;"[{""nome"": ""Antonio Carlos Biscaia"", ""tipo"": ""Deputado(a)"", ""partido"": ""PT"", ""uf"": ""RJ"", ""proposicao"": ""PL 1383/2003""}]";"{""votacoes"": 8, ""nominais"": 0}";"{""votacoes"": 0}";0;0;0;Câmara dos Deputados;
LEI;12550;2011;2011-12-16;Nova República;DILMA ROUSSEFF;assinatura no fecho do texto da norma;"[{""nome"": ""Poder Executivo"", ""tipo"": ""Órgão do Poder Executivo"", ""partido"": """", ""uf"": """", ""proposicao"": ""PL 1749/2011""}]";"{""votacoes"": 10, ""nominais"": 2, ""nominais_lista"": [{""id"": ""511029-60"", ""data"": ""2011-09-20"", ""proposicao"": ""PL 1749/2011"", ""descricao"": ""Aprovado o Substitutivo adotado pela Comissão Especial, ressalvados os destaques. Sim: 240; não: 112; abstenção: 4; total: 356."", ""sim"": 240, ""nao"": 112, ""outros"": 6, ""partidos"": {""DEM"": [2, 24, 3], ""PCdoB"": [7, 6, 0], ""PDT"": [17, 4, 0], ""PHS"": [2, 0, 0], ""PMDB"": [50, 3, 0], ""PMN"": [3, 1, 0], ""PP"": [16, 1, 0], ""PPS"": [3, 7, 0], ""PR"": [23, 3, 0], ""PRB"": [9, 1, 0], ""PRP"": [1, 0, 0], ""PRTB"": [1, 0, 0], ""PSB"": [16, 7, 2], ""PSC"": [9, 6, 0], ""PSDB"": [1, 36, 0], ""PSL"": [2, 0, 0], ""PSOL"": [0, 3, 0], ""PT"": [59, 4, 1], ""PTB"": [10, 4, 0], ""PTdoB"": [1, 0, 0], ""PV"": [8, 2, 0]}}, {""id"": ""511029-44"", ""data"": ""2011-09-20"", ""proposicao"": ""PL 1749/2011"", ""descricao"": ""Em votação nominal, o Parecer com Complementação de Voto foi aprovado, com 13 votos favoráveis e 4 contrários. Votaram a favor os Deputados Devanir Ribeiro, Newton Lima, Rogério Carvalho, Danilo Forte, Osmar Terra, Roberto Britto, Dr. Paulo César, Ribamar Alves, Nazareno Fonteles, Geraldo Resende, Darcísio Perondi, Dr. Ubiali e Manato. Votaram contra os Deputados Raimundo Gomes de Matos, João Ananias, Marcus Pestana e Mandetta."", ""sim"": 13, ""nao"": 4, ""outros"": 0, ""partidos"": {""DEM"": [0, 1, 0], ""PCdoB"": [0, 1, 0], ""PDT"": [1, 0, 0], ""PMDB"": [4, 0, 0], ""PP"": [1, 0, 0], ""PR"": [1, 0, 0], ""PSB"": [2, 0, 0], ""PSDB"": [0, 2, 0], ""PT"": [4, 0, 0]}}]}";"{""votacoes"": 1, ""nominais_lista"": [{""data"": ""2011-11-23"", ""proposicao"": ""PLC 79/2011"", ""descricao"": ""votação do Projeto de Lei da Câmara nº 79, de 2011. Resultado: Aprovado"", ""sim"": 42, ""nao"": 18, ""outros"": 21, ""partidos"": {""PDT"": [2, 2, 1], ""PL"": [6, 0, 1], ""PSDB"": [0, 9, 1], ""PP"": [3, 0, 2], ""PT"": [11, 0, 2], ""PSB"": [3, 0, 0], ""PTB"": [2, 0, 4], ""MDB"": [12, 1, 5], ""DEM"": [0, 2, 3], ""PSC"": [0, 1, 0], ""PCdoB"": [0, 1, 1], ""PSD"": [1, 0, 1], ""REPUBLICANOS"": [1, 0, 0], ""PSOL"": [1, 1, 0], ""PV"": [0, 1, 0]}}]}";1;0;0;Câmara dos Deputados;
LEI;12650;2012;2012-05-18;Nova República;DILMA ROUSSEFF;assinatura no fecho do texto da norma;"[{""nome"": ""Senado Federal - CPI da Pedofilia"", ""tipo"": ""Órgão do Poder Legislativo"", ""partido"": """", ""uf"": """", ""proposicao"": ""PL 6719/2009""}]";"{""votacoes"": 5, ""nominais"": 0}";"{""votacoes"": 0}";0;0;0;CPI - Pedofilia - 2008;
LEI;12653;2012;2012-05-29;Nova República;DILMA ROUSSEFF;assinatura no fecho do texto da norma;"[{""nome"": ""Poder Executivo"", ""tipo"": ""Órgão do Poder Executivo"", ""partido"": """", ""uf"": """", ""proposicao"": ""PL 3331/2012""}]";"{""votacoes"": 4, ""nominais"": 0}";"{""votacoes"": 0}";1;0;0;Câmara dos Deputados;
LEI;12694;2012;2012-07-25;Nova República;DILMA ROUSSEFF;assinatura no fecho do texto da norma;"[{""nome"": ""Comissão de Legislação Participativa"", ""tipo"": ""COMISSÃO PERMANENTE"", ""partido"": """", ""uf"": """", ""proposicao"": ""PL 2057/2007""}]";"{""votacoes"": 7, ""nominais"": 0}";"{""votacoes"": 0}";0;0;0;Câmara dos Deputados;
LEI;12720;2012;2012-09-28;Nova República;DILMA ROUSSEFF;assinatura no fecho do texto da norma;"[{""nome"": ""Luiz Couto"", ""tipo"": ""Deputado(a)"", ""partido"": ""PT"", ""uf"": ""PB"", ""proposicao"": ""PL 370/2007""}]";"{""votacoes"": 12, ""nominais"": 1, ""nominais_lista"": [{""id"": ""344218-93"", ""data"": ""2009-12-16"", ""proposicao"": ""PL 370/2007"", ""descricao"": ""Rejeitado o destaque, contra os votos dos Deputados Francisco Tenorio, Marcelo Melo, Bispo Gê Tenuta, Guilherme Campos e Paes de Lira."", ""sim"": 8, ""nao"": 5, ""outros"": 0, ""partidos"": {""DEM"": [0, 2, 0], ""PCdoB"": [1, 0, 0], ""PMDB"": [0, 1, 0], ""PMN"": [0, 1, 0], ""PPS"": [1, 0, 0], ""PSB"": [1, 0, 0], ""PT"": [5, 0, 0], ""PTC"": [0, 1, 0]}}]}";"{""votacoes"": 0}";1;0;0;Câmara dos Deputados;
LEI;12735;2012;2012-12-03;Nova República;DILMA ROUSSEFF;assinatura no fecho do texto da norma;"[{""nome"": ""Luiz Piauhylino"", ""tipo"": ""Deputado(a)"", ""partido"": ""PDT"", ""uf"": ""PE"", ""proposicao"": ""PL 84/1999""}]";"{""votacoes"": 20, ""nominais"": 0}";"{""votacoes"": 0}";0;0;0;Câmara dos Deputados;
LEI;12737;2012;2012-12-03;Nova República;DILMA ROUSSEFF;assinatura no fecho do texto da norma;"[{""nome"": ""Paulo Teixeira"", ""tipo"": ""Deputado(a)"", ""partido"": ""PT"", ""uf"": ""SP"", ""proposicao"": ""PL 2793/2011""}, {""nome"": ""Luiza Erundina"", ""tipo"": ""Deputado(a)"", ""partido"": ""PSB"", ""uf"": ""SP"", ""proposicao"": ""PL 2793/2011""}, {""nome"": ""Manuela D'ávila"", ""tipo"": ""Deputado(a)"", ""partido"": ""PCdoB"", ""uf"": ""RS"", ""proposicao"": ""PL 2793/2011""}, {""nome"": ""João Arruda"", ""tipo"": ""Deputado(a)"", ""partido"": ""PMDB"", ""uf"": ""PR"", ""proposicao"": ""PL 2793/2011""}, {""nome"": ""Brizola Neto"", ""tipo"": ""Deputado(a)"", ""partido"": ""PDT"", ""uf"": ""RJ"", ""proposicao"": ""PL 2793/2011""}, {""nome"": ""Emiliano José"", ""tipo"": ""Deputado(a)"", ""partido"": ""PT"", ""uf"": ""BA"", ""proposicao"": ""PL 2793/2011""}]";"{""votacoes"": 8, ""nominais"": 1, ""nominais_lista"": [{""id"": ""529011-53"", ""data"": ""2012-11-07"", ""proposicao"": ""PL 2793/2011"", ""descricao"": ""Rejeitado o Requerimento. Sim: 5; não: 263; abstenção: 2; total: 270."", ""sim"": 5, ""nao"": 263, ""outros"": 20, ""partidos"": {""DEM"": [1, 3, 10], ""PCdoB"": [0, 9, 0], ""PDT"": [0, 6, 9], ""PEN"": [0, 1, 0], ""PHS"": [0, 1, 0], ""PMDB"": [0, 38, 0], ""PMN"": [0, 1, 0], ""PP"": [0, 20, 1], ""PPS"": [1, 6, 0], ""PR"": [1, 17, 0], ""PRB"": [0, 6, 0], ""PRP"": [0, 1, 0], ""PRTB"": [0, 1, 0], ""PSB"": [0, 15, 0], ""PSC"": [0, 10, 0], ""PSD"": [2, 32, 0], ""PSDB"": [0, 29, 0], ""PSL"": [0, 1, 0], ""PSOL"": [0, 1, 0], ""PT"": [0, 49, 0], ""PTB"": [0, 8, 0], ""PTdoB"": [0, 1, 0], ""PV"": [0, 7, 0]}}]}";"{""votacoes"": 0}";1;0;0;Câmara dos Deputados;
LEI;12850;2013;2013-08-05;Nova República;DILMA ROUSSEFF;assinatura no fecho do texto da norma;"[{""nome"": ""Senado Federal - Serys Slhessarenko"", ""tipo"": ""Órgão do Poder Legislativo"", ""partido"": """", ""uf"": """", ""proposicao"": ""PL 6578/2009""}, {""nome"": ""Serys Slhessarenko"", ""tipo"": ""Senador(a)"", ""partido"": ""PT"", ""uf"": ""MT"", ""proposicao"": """"}]";"{""votacoes"": 4, ""nominais"": 0}";"{""votacoes"": 0}";0;1;1;Senadora Serys Slhessarenko (PT/MT);
LEI;12978;2014;2014-05-22;Nova República;DILMA ROUSSEFF;assinatura no fecho do texto da norma;"[{""nome"": ""Senado Federal - Alfredo Nascimento"", ""tipo"": ""Órgão do Poder Legislativo"", ""partido"": """", ""uf"": """", ""proposicao"": ""PL 7220/2014""}, {""nome"": ""Alfredo Nascimento"", ""tipo"": ""Senador(a)"", ""partido"": ""PL"", ""uf"": ""AM"", ""proposicao"": """"}]";"{""votacoes"": 3, ""nominais"": 0}";"{""votacoes"": 0}";0;0;0;Senador Alfredo Nascimento (PL/AM);
LEI;13008;2014;2014-06-27;Nova República;DILMA ROUSSEFF;assinatura no fecho do texto da norma;"[{""nome"": ""Efraim Filho"", ""tipo"": ""Deputado(a)"", ""partido"": ""DEM"", ""uf"": ""PB"", ""proposicao"": ""PL 643/2011""}]";"{""votacoes"": 6, ""nominais"": 1, ""nominais_lista"": [{""id"": ""494004-52"", ""data"": ""2012-06-13"", ""proposicao"": ""PL 643/2011"", ""descricao"": ""Aprovada a Emenda oferecida pelo Relator da Comissão de Constituição e Justiça e de Cidadania. Sim: 236; não: 22; total: 258."", ""sim"": 236, ""nao"": 22, ""outros"": 0, ""partidos"": {""DEM"": [10, 1, 0], ""PCdoB"": [4, 0, 0], ""PDT"": [16, 0, 0], ""PHS"": [1, 0, 0], ""PMDB"": [39, 0, 0], ""PMN"": [1, 0, 0], ""PP"": [19, 0, 0], ""PPS"": [4, 0, 0], ""PR"": [14, 0, 0], ""PRB"": [5, 0, 0], ""PSB"": [14, 1, 0], ""PSC"": [11, 0, 0], ""PSD"": [25, 0, 0], ""PSDB"": [4, 20, 0], ""PSOL"": [2, 0, 0], ""PT"": [49, 0, 0], ""PTB"": [11, 0, 0], ""PTdoB"": [3, 0, 0], ""PV"": [4, 0, 0]}}]}";"{""votacoes"": 0}";1;0;1;Câmara dos Deputados;
LEI;13104;2015;2015-03-10;Nova República;DILMA ROUSSEFF;assinatura no fecho do texto da norma;"[{""nome"": ""Senado Federal - CPMI Violência Contra a Mulher no Brasil"", ""tipo"": ""Órgão do Poder Legislativo"", ""partido"": """", ""uf"": """", ""proposicao"": ""PL 8305/2014""}]";"{""votacoes"": 6, ""nominais"": 0}";"{""votacoes"": 0}";0;0;0;CPMI - Violência contra a Mulher - 2012;
LEI;13142;2015;2015-07-07;Nova República;DILMA ROUSSEFF;assinatura no fecho do texto da norma;"[{""nome"": ""Leonardo Picciani"", ""tipo"": ""Deputado(a)"", ""partido"": ""PMDB"", ""uf"": ""RJ"", ""proposicao"": ""PL 846/2015""}]";"{""votacoes"": 1, ""nominais"": 0}";"{""votacoes"": 0}";0;0;0;Câmara dos Deputados;
LEI;13188;2015;2015-11-12;Nova República;DILMA ROUSSEFF;assinatura no fecho do texto da norma;"[{""nome"": ""Senado Federal - Roberto Requião"", ""tipo"": ""Órgão do Poder Legislativo"", ""partido"": """", ""uf"": """", ""proposicao"": ""PL 6446/2013""}, {""nome"": ""Roberto Requião"", ""tipo"": ""Senador(a)"", ""partido"": ""MDB"", ""uf"": ""PR"", ""proposicao"": """"}]";"{""votacoes"": 3, ""nominais"": 0}";"{""votacoes"": 0}";0;0;0;Senador Roberto Requião (MDB/PR);
LEI;13228;2015;2015-12-29;Nova República;DILMA ROUSSEFF;assinatura no fecho do texto da norma;"[{""nome"": ""Márcio Marinho"", ""tipo"": ""Deputado(a)"", ""partido"": ""PRB"", ""uf"": ""BA"", ""proposicao"": ""PL 6920/2010""}]";"{""votacoes"": 5, ""nominais"": 0}";"{""votacoes"": 0}";0;0;0;Câmara dos Deputados;
LEI;13330;2016;2016-08-03;Nova República;MICHEL TEMER;assinatura no fecho do texto da norma;"[{""nome"": ""Afonso Hamm"", ""tipo"": ""Deputado(a)"", ""partido"": ""PP"", ""uf"": ""RS"", ""proposicao"": ""PL 6999/2013""}]";"{""votacoes"": 8, ""nominais"": 0}";"{""votacoes"": 0}";0;0;0;Câmara dos Deputados;
LEI;13344;2016;2016-10-07;Nova República;MICHEL TEMER;assinatura no fecho do texto da norma;"[{""nome"": ""Senado Federal - Comissão Parlamentar  de Inquérito do Tráfico Nacional e Internacional de Pessoas no Brasíl"", ""tipo"": ""Órgão do Poder Legislativo"", ""partido"": """", ""uf"": """", ""proposicao"": ""PL 7370/2014""}]";"{""votacoes"": 4, ""nominais"": 0}";"{""votacoes"": 0}";1;0;0;CPI - Tráfico Nacional e Internacional de Pessoas no Brasil - 2011;
LEI;13445;2017;2017-05-25;Nova República;MICHEL TEMER;assinatura no fecho do texto da norma;"[{""nome"": ""Senado Federal - Aloysio Nunes Ferreira"", ""tipo"": ""Órgão do Poder Legislativo"", ""partido"": """", ""uf"": """", ""proposicao"": ""PL 2516/2015""}, {""nome"": ""Aloysio Nunes Ferreira"", ""tipo"": ""Senador(a)"", ""partido"": ""PSDB"", ""uf"": ""SP"", ""proposicao"": """"}]";"{""votacoes"": 38, ""nominais"": 1, ""nominais_lista"": [{""id"": ""1594910-125"", ""data"": ""2016-12-06"", ""proposicao"": ""PL 2516/2015"", ""descricao"": ""Mantido o texto. Sim: 207; Não: 83; Abstenção: 1;Total: 291."", ""sim"": 207, ""nao"": 83, ""outros"": 1, ""partidos"": {""DEM"": [1, 17, 0], ""PCdoB"": [10, 0, 0], ""PDT"": [5, 0, 0], ""PEN"": [0, 1, 0], ""PHS"": [1, 1, 0], ""PMB"": [1, 0, 0], ""PMDB"": [24, 11, 0], ""PP"": [9, 21, 0], ""PPS"": [7, 0, 0], ""PR"": [12, 11, 0], ""PRB"": [6, 2, 0], ""PROS"": [4, 1, 0], ""PRP"": [0, 1, 0], ""PSB"": [17, 0, 0], ""PSC"": [0, 4, 0], ""PSD"": [23, 3, 0], ""PSDB"": [36, 0, 0], ""PSL"": [1, 0, 1], ""PSOL"": [4, 0, 0], ""PT"": [23, 0, 0], ""PTB"": [4, 1, 0], ""PTN"": [8, 2, 0], ""PTdoB"": [3, 0, 0], ""PV"": [1, 1, 0], ""REDE"": [4, 0, 0], ""SD"": [3, 6, 0]}}]}";"{""votacoes"": 0}";0;0;0;Senador Aloysio Nunes Ferreira (PSDB/SP);
LEI;13531;2017;2017-12-08;Nova República;MICHEL TEMER;assinatura no fecho do texto da norma;"[{""nome"": ""Coronel Alves"", ""tipo"": ""Deputado(a)"", ""partido"": ""PR"", ""uf"": ""AP"", ""proposicao"": ""PL 3763/2004""}]";"{""votacoes"": 5, ""nominais"": 0}";"{""votacoes"": 0}";0;0;0;Câmara dos Deputados;
LEI;13606;2018;2018-01-10;Nova República;MICHEL TEMER;assinatura no fecho do texto da norma;"[{""nome"": ""Zé Silva"", ""tipo"": ""Deputado(a)"", ""partido"": ""SD"", ""uf"": ""MG"", ""proposicao"": ""PL 9206/2017""}, {""nome"": ""Nilson Leitão"", ""tipo"": ""Deputado(a)"", ""partido"": ""PSDB"", ""uf"": ""MT"", ""proposicao"": ""PL 9206/2017""}]";"{""votacoes"": 2, ""nominais"": 1, ""nominais_lista"": [{""id"": ""2163629-6"", ""data"": ""2017-11-29"", ""proposicao"": ""PL 9206/2017"", ""descricao"": ""Aprovado o Requerimento de Urgência (Art. 155 do RICD). Sim: 325; não: 29; abstenção: 2; total: 356."", ""sim"": 325, ""nao"": 29, ""outros"": 17, ""partidos"": {""AVANTE"": [3, 1, 0], ""DEM"": [17, 0, 0], ""PCdoB"": [0, 6, 0], ""PDT"": [18, 0, 0], ""PEN"": [3, 0, 0], ""PHS"": [7, 0, 0], ""PMDB"": [39, 0, 0], ""PODE"": [12, 1, 0], ""PP"": [29, 2, 1], ""PPS"": [6, 0, 0], ""PR"": [24, 4, 0], ""PRB"": [16, 0, 0], ""PROS"": [3, 0, 0], ""PRP"": [1, 0, 0], ""PSB"": [11, 3, 8], ""PSC"": [10, 0, 0], ""PSD"": [26, 0, 0], ""PSDB"": [32, 1, 0], ""PSL"": [2, 0, 0], ""PSOL"": [0, 0, 5], ""PT"": [40, 11, 0], ""PTB"": [9, 0, 1], ""PV"": [4, 0, 0], ""REDE"": [1, 0, 2], ""S.PART."": [3, 0, 0], ""SD"": [9, 0, 0]}}]}";"{""votacoes"": 0}";0;0;0;Câmara dos Deputados;
LEI;13654;2018;2018-04-24;Nova República;MICHEL TEMER;assinatura no fecho do texto da norma;"[{""nome"": ""Senado Federal - Otto Alencar"", ""tipo"": ""Órgão do Poder Legislativo"", ""partido"": """", ""uf"": """", ""proposicao"": ""PL 9160/2017""}, {""nome"": ""Otto Alencar"", ""tipo"": ""Senador(a)"", ""partido"": ""PSD"", ""uf"": ""BA"", ""proposicao"": """"}]";"{""votacoes"": 8, ""nominais"": 0}";"{""votacoes"": 0}";2;0;0;Senador Otto Alencar (PSD/BA);
LEI;13715;2018;2018-09-25;Nova República;JOSÉ ANTONIO DIAS TOFFOLI;assinatura no fecho do texto da norma;"[{""nome"": ""Laura Carneiro"", ""tipo"": ""Deputado(a)"", ""partido"": ""DEM"", ""uf"": ""RJ"", ""proposicao"": ""PL 7874/2017""}]";"{""votacoes"": 5, ""nominais"": 0}";"{""votacoes"": 0}";0;0;0;Câmara dos Deputados;
LEI;13718;2018;2018-09-25;Nova República;JOSÉ ANTONIO DIAS TOFFOLI;assinatura no fecho do texto da norma;"[{""nome"": ""Senado Federal - Vanessa Grazziotin"", ""tipo"": ""Órgão do Poder Legislativo"", ""partido"": """", ""uf"": """", ""proposicao"": ""PL 5452/2016""}, {""nome"": ""Vanessa Grazziotin"", ""tipo"": ""Senador(a)"", ""partido"": ""PCdoB"", ""uf"": ""AM"", ""proposicao"": """"}]";"{""votacoes"": 5, ""nominais"": 0}";"{""votacoes"": 0}";0;0;0;Senadora Vanessa Grazziotin (PCdoB/AM);
LEI;13771;2018;2018-12-20;Nova República;MICHEL TEMER;assinatura no fecho do texto da norma;"[{""nome"": ""Lincoln Portela"", ""tipo"": ""Deputado(a)"", ""partido"": ""PR"", ""uf"": ""MG"", ""proposicao"": ""PL 3030/2015""}]";"{""votacoes"": 8, ""nominais"": 0}";"{""votacoes"": 0}";0;0;0;Câmara dos Deputados;
LEI;13772;2018;2018-12-20;Nova República;MICHEL TEMER;assinatura no fecho do texto da norma;"[{""nome"": ""João Arruda"", ""tipo"": ""Deputado(a)"", ""partido"": ""MDB"", ""uf"": ""PR"", ""proposicao"": ""PL 5555/2013""}]";"{""votacoes"": 12, ""nominais"": 0}";"{""votacoes"": 0}";1;0;0;Câmara dos Deputados;
LEI;13869;2019;2019-09-05;Nova República;JAIR MESSIAS BOLSONARO;assinatura no fecho do texto da norma;"[{""nome"": ""Senado Federal - Randolfe Rodrigues"", ""tipo"": ""Órgão do Poder Legislativo"", ""partido"": """", ""uf"": """", ""proposicao"": ""PL 7596/2017""}, {""nome"": ""Randolfe Rodrigues"", ""tipo"": ""Senador(a)"", ""partido"": ""REDE"", ""uf"": ""AP"", ""proposicao"": """"}]";"{""votacoes"": 14, ""nominais"": 2, ""nominais_lista"": [{""id"": ""2136580-62"", ""data"": ""2019-08-14"", ""proposicao"": ""PL 7596/2017"", ""descricao"": ""Mantido o texto. Sim: 325; não: 133; abstenção: 1; total: 459."", ""sim"": 325, ""nao"": 133, ""outros"": 1, ""partidos"": {""AVANTE"": [4, 3, 0], ""CIDADANIA"": [2, 6, 0], ""DEM"": [21, 4, 0], ""MDB"": [27, 3, 0], ""NOVO"": [0, 8, 0], ""PATRIOTA"": [3, 2, 0], ""PCdoB"": [6, 0, 0], ""PDT"": [18, 3, 0], ""PL"": [27, 8, 0], ""PMN"": [0, 1, 0], ""PODE"": [2, 8, 1], ""PP"": [29, 5, 0], ""PRB"": [30, 1, 0], ""PROS"": [6, 4, 0], ""PSB"": [20, 8, 0], ""PSC"": [5, 2, 0], ""PSD"": [24, 7, 0], ""PSDB"": [23, 6, 0], ""PSL"": [0, 48, 0], ""PSOL"": [10, 0, 0], ""PT"": [48, 0, 0], ""PTB"": [7, 1, 0], ""PV"": [1, 3, 0], ""REDE"": [1, 0, 0], ""SOLIDARIEDADE"": [11, 2, 0]}}, {""id"": ""2215146-4"", ""data"": ""2019-08-14"", ""proposicao"": ""PL 7596/2017"", ""descricao"": ""Aprovado o Requerimento de Urgência (Art. 155 do RICD). Sim: 342; não: 83; total: 425."", ""sim"": 342, ""nao"": 83, ""outros"": 0, ""partidos"": {""AVANTE"": [7, 0, 0], ""CIDADANIA"": [1, 7, 0], ""DEM"": [22, 0, 0], ""MDB"": [23, 1, 0], ""NOVO"": [0, 8, 0], ""PATRIOTA"": [1, 3, 0], ""PCdoB"": [8, 0, 0], ""PDT"": [24, 2, 0], ""PHS"": [1, 0, 0], ""PL"": [24, 5, 0], ""PMN"": [0, 1, 0], ""PODE"": [5, 5, 0], ""PP"": [29, 1, 0], ""PRB"": [30, 0, 0], ""PROS"": [8, 1, 0], ""PSB"": [26, 2, 0], ""PSC"": [5, 0, 0], ""PSD"": [24, 4, 0], ""PSDB"": [22, 1, 0], ""PSL"": [4, 41, 0], ""PSOL"": [10, 0, 0], ""PT"": [45, 0, 0], ""PTB"": [8, 0, 0], ""PV"": [2, 1, 0], ""REDE"": [1, 0, 0], ""SOLIDARIEDADE"": [12, 0, 0]}}]}";"{""votacoes"": 1, ""nominais_lista"": [{""data"": ""2017-04-26"", ""proposicao"": ""PLS 85/2017"", ""descricao"": ""Votação que define os crimes de abuso de autoridade e dá outras providências. Resultado: Aprovado"", ""sim"": 54, ""nao"": 19, ""outros"": 8, ""partidos"": {""PDT"": [1, 1, 0], ""MDB"": [18, 2, 2], ""PV"": [0, 1, 0], ""PP"": [4, 2, 1], ""PSDB"": [8, 3, 0], ""PSB"": [5, 2, 0], ""PTB"": [1, 1, 0], ""PL"": [2, 1, 1], ""CIDADANIA"": [0, 1, 0], ""DEM"": [3, 0, 1], ""REPUBLICANOS"": [1, 0, 0], ""PTC"": [1, 0, 0], ""PT"": [7, 1, 1], ""PSD"": [2, 1, 2], ""PSC"": [0, 1, 0], ""REDE"": [0, 1, 0], ""S/Partido"": [0, 1, 0], ""PCdoB"": [1, 0, 0]}}]}";0;0;0;Senador Randolfe Rodrigues (REDE/AP);
LEI;13964;2019;2019-12-24;Nova República;JAIR MESSIAS BOLSONARO;assinatura no fecho do texto da norma;"[{""nome"": ""José Rocha"", ""tipo"": ""Deputado(a)"", ""partido"": ""PL"", ""uf"": ""BA"", ""proposicao"": ""PL 10372/2018""}, {""nome"": ""Marcelo Aro"", ""tipo"": ""Deputado(a)"", ""partido"": ""PP"", ""uf"": ""MG"", ""proposicao"": ""PL 10372/2018""}, {""nome"": ""Wladimir Costa"", ""tipo"": ""Deputado(a)"", ""partido"": ""SOLIDARIEDADE"", ""uf"": ""PA"", ""proposicao"": ""PL 10372/2018""}, {""nome"": ""Nilson Leitão"", ""tipo"": ""Deputado(a)"", ""partido"": ""PSDB"", ""uf"": ""MT"", ""proposicao"": ""PL 10372/2018""}, {""nome"": ""Baleia Rossi"", ""tipo"": ""Deputado(a)"", ""partido"": ""MDB"", ""uf"": ""SP"", ""proposicao"": ""PL 10372/2018""}, {""nome"": ""Luis Tibé"", ""tipo"": ""Deputado(a)"", ""partido"": ""AVANTE"", ""uf"": ""MG"", ""proposicao"": ""PL 10372/2018""}, {""nome"": ""Ricardo Teobaldo"", ""tipo"": ""Deputado(a)"", ""partido"": ""PODE"", ""uf"": ""PE"", ""proposicao"": ""PL 10372/2018""}, {""nome"": ""Celso Russomanno"", ""tipo"": ""Deputado(a)"", ""partido"": ""REPUBLICANOS"", ""uf"": ""SP"", ""proposicao"": ""PL 10372/2018""}, {""nome"": ""Domingos Neto"", ""tipo"": ""Deputado(a)"", ""partido"": ""PSD"", ""uf"": ""CE"", ""proposicao"": ""PL 10372/2018""}, {""nome"": ""Aureo"", ""tipo"": ""Deputado(a)"", ""partido"": ""SOLIDARIEDADE"", ""uf"": ""RJ"", ""proposicao"": ""PL 10372/2018""}, {""nome"": ""Rodrigo Garcia"", ""tipo"": ""Deputado(a)"", ""partido"": ""DEM"", ""uf"": ""SP"", ""proposicao"": ""PL 10372/2018""}]";"{""votacoes"": 4, ""nominais"": 3, ""nominais_lista"": [{""id"": ""2178170-58"", ""data"": ""2019-12-04"", ""proposicao"": ""PL 10372/2018"", ""descricao"": ""Mantido o texto. Sim 256; não 147; abstenção 1; total 404."", ""sim"": 256, ""nao"": 147, ""outros"": 1, ""partidos"": {""AVANTE"": [6, 1, 0], ""CIDADANIA"": [0, 7, 0], ""DEM"": [12, 10, 0], ""MDB"": [18, 6, 0], ""NOVO"": [0, 8, 0], ""PATRIOTA"": [2, 2, 0], ""PCdoB"": [7, 0, 0], ""PDT"": [22, 1, 0], ""PL"": [20, 8, 0], ""PMN"": [0, 1, 0], ""PODE"": [0, 7, 0], ""PP"": [27, 5, 0], ""PROS"": [3, 5, 0], ""PSB"": [22, 5, 0], ""PSC"": [2, 3, 0], ""PSD"": [21, 9, 1], ""PSDB"": [3, 21, 0], ""PSL"": [0, 41, 0], ""PSOL"": [9, 0, 0], ""PT"": [41, 0, 0], ""PTB"": [6, 5, 0], ""PV"": [3, 0, 0], ""REDE"": [1, 0, 0], ""REPUBLICANOS"": [23, 0, 0], ""SOLIDARIEDADE"": [8, 2, 0]}}, {""id"": ""2178170-53"", ""data"": ""2019-12-04"", ""proposicao"": ""PL 10372/2018"", ""descricao"": ""Aprovado o Substitutivo ao Projeto de Lei 10.372, de 2018, adotado pelo Relator da Comissão Especial, ressalvado o destaque. Sim 408; não 9; abstenção 2; total 419."", ""sim"": 408, ""nao"": 9, ""outros"": 2, ""partidos"": {""AVANTE"": [8, 0, 0], ""CIDADANIA"": [8, 0, 0], ""DEM"": [26, 0, 0], ""MDB"": [26, 0, 0], ""NOVO"": [8, 0, 0], ""PATRIOTA"": [4, 0, 0], ""PCdoB"": [5, 0, 0], ""PDT"": [24, 0, 0], ""PL"": [28, 0, 0], ""PMN"": [1, 0, 0], ""PODE"": [7, 0, 0], ""PP"": [27, 0, 0], ""PROS"": [8, 0, 0], ""PSB"": [28, 0, 0], ""PSC"": [5, 0, 0], ""PSD"": [34, 0, 0], ""PSDB"": [27, 0, 0], ""PSL"": [44, 0, 0], ""PSOL"": [3, 6, 0], ""PT"": [38, 3, 2], ""PTB"": [10, 0, 0], ""PV"": [3, 0, 0], ""REDE"": [1, 0, 0], ""REPUBLICANOS"": [23, 0, 0], ""SOLIDARIEDADE"": [12, 0, 0]}}, {""id"": ""2232173-4"", ""data"": ""2019-12-04"", ""proposicao"": ""PL 10372/2018"", ""descricao"": ""Aprovado o Requerimento de Urgência (Art. 155 do RICD). Sim 359; não 9; abstenção 1; total 369."", ""sim"": 359, ""nao"": 9, ""outros"": 1, ""partidos"": {""AVANTE"": [8, 0, 0], ""CIDADANIA"": [7, 0, 0], ""DEM"": [19, 0, 0], ""MDB"": [22, 0, 0], ""NOVO"": [7, 0, 0], ""PATRIOTA"": [3, 0, 0], ""PCdoB"": [7, 0, 0], ""PDT"": [25, 0, 0], ""PL"": [28, 0, 0], ""PMN"": [1, 0, 0], ""PODE"": [4, 0, 0], ""PP"": [28, 0, 0], ""PROS"": [6, 0, 0], ""PSB"": [24, 0, 0], ""PSC"": [5, 0, 0], ""PSD"": [31, 0, 0], ""PSDB"": [26, 0, 0], ""PSL"": [37, 0, 1], ""PSOL"": [0, 9, 0], ""PT"": [33, 0, 0], ""PTB"": [8, 0, 0], ""PV"": [2, 0, 0], ""REDE"": [1, 0, 0], ""REPUBLICANOS"": [18, 0, 0], ""SOLIDARIEDADE"": [9, 0, 0]}}]}";"{""votacoes"": 0}";0;0;0;Câmara dos Deputados;
LEI;13968;2019;2019-12-27;Nova República;JAIR MESSIAS BOLSONARO;assinatura no fecho do texto da norma;"[{""nome"": ""Senado Federal - Ciro Nogueira"", ""tipo"": ""Órgão do Poder Legislativo"", ""partido"": """", ""uf"": """", ""proposicao"": ""PL 8833/2017""}, {""nome"": ""Ciro Nogueira"", ""tipo"": ""Senador(a)"", ""partido"": ""PP"", ""uf"": ""PI"", ""proposicao"": """"}]";"{""votacoes"": 3, ""nominais"": 0}";"{""votacoes"": 0}";0;0;0;Senador Ciro Nogueira (PP/PI);
LEI;14110;2020;2020-12-21;Nova República;JAIR MESSIAS BOLSONARO;assinatura no fecho do texto da norma;"[{""nome"": ""Arthur Lira"", ""tipo"": ""Deputado(a)"", ""partido"": ""PP"", ""uf"": ""AL"", ""proposicao"": ""PL 2810/2020""}]";"{""votacoes"": 5, ""nominais"": 2, ""nominais_lista"": [{""id"": ""2253458-7"", ""data"": ""2020-07-29"", ""proposicao"": ""PL 2810/2020"", ""descricao"": ""Aprovado o Requerimento. Sim: 300; não: 10; abstenção: 1; total: 311."", ""sim"": 300, ""nao"": 10, ""outros"": 1, ""partidos"": {""AVANTE"": [3, 0, 0], ""CIDADANIA"": [5, 0, 0], ""DEM"": [12, 0, 0], ""MDB"": [17, 0, 0], ""NOVO"": [7, 0, 0], ""PATRIOTA"": [4, 0, 0], ""PCdoB"": [2, 0, 0], ""PDT"": [18, 0, 0], ""PL"": [21, 0, 0], ""PODE"": [4, 0, 0], ""PP"": [24, 0, 0], ""PROS"": [8, 0, 0], ""PSB"": [19, 1, 0], ""PSC"": [2, 0, 0], ""PSD"": [20, 0, 0], ""PSDB"": [19, 0, 0], ""PSL"": [39, 0, 0], ""PSOL"": [0, 8, 0], ""PT"": [36, 1, 1], ""PTB"": [5, 0, 0], ""PV"": [3, 0, 0], ""REDE"": [1, 0, 0], ""REPUBLICANOS"": [20, 0, 0], ""SOLIDARIEDADE"": [11, 0, 0]}}, {""id"": ""2253431-33"", ""data"": ""2020-08-04"", ""proposicao"": ""PL 2810/2020"", ""descricao"": ""Rejeitado o Requerimento. Sim: 12; não: 412; total: 424."", ""sim"": 12, ""nao"": 412, ""outros"": 0, ""partidos"": {""AVANTE"": [0, 2, 0], ""CIDADANIA"": [1, 7, 0], ""DEM"": [1, 25, 0], ""MDB"": [0, 26, 0], ""NOVO"": [8, 0, 0], ""PATRIOTA"": [1, 2, 0], ""PCdoB"": [0, 7, 0], ""PDT"": [0, 25, 0], ""PL"": [0, 33, 0], ""PODE"": [0, 10, 0], ""PP"": [0, 29, 0], ""PROS"": [0, 10, 0], ""PSB"": [0, 28, 0], ""PSC"": [0, 8, 0], ""PSD"": [0, 30, 0], ""PSDB"": [1, 22, 0], ""PSL"": [0, 47, 0], ""PT"": [0, 49, 0], ""PTB"": [0, 8, 0], ""PV"": [0, 3, 0], ""REDE"": [0, 1, 0], ""REPUBLICANOS"": [0, 27, 0], ""SOLIDARIEDADE"": [0, 13, 0]}}]}";"{""votacoes"": 0}";0;0;0;Câmara dos Deputados;
LEI;14132;2021;2021-04-01;Nova República;JAIR MESSIAS BOLSONARO;assinatura no fecho do texto da norma;"[{""nome"": ""Senado Federal - Leila Barros"", ""tipo"": ""Órgão do Poder Legislativo"", ""partido"": """", ""uf"": """", ""proposicao"": ""PL 1369/2019""}, {""nome"": ""Leila Barros"", ""tipo"": ""Senador(a)"", ""partido"": ""PSB"", ""uf"": ""DF"", ""proposicao"": """"}]";"{""votacoes"": 3, ""nominais"": 0}";"{""votacoes"": 0}";0;0;0;Senadora Leila Barros (PSB/DF);
LEI;14133;2021;2021-04-01;Nova República;JAIR MESSIAS BOLSONARO;assinatura no fecho do texto da norma;"[{""nome"": ""Senado Federal - Comissão Temporária de Modernização da Lei de Licitações e Contratos"", ""tipo"": ""Órgão do Poder Legislativo"", ""partido"": """", ""uf"": """", ""proposicao"": ""PL 6814/2017""}]";"{""votacoes"": 11, ""nominais"": 0}";"{""votacoes"": 0}";11;0;0;CT - Modernização da Lei de Licitações e Contratos (Lei nº 8.666/1993);
LEI;14155;2021;2021-05-28;Nova República;JAIR MESSIAS BOLSONARO;assinatura no fecho do texto da norma;"[{""nome"": ""Senado Federal - Izalci Lucas"", ""tipo"": ""Órgão do Poder Legislativo"", ""partido"": """", ""uf"": """", ""proposicao"": ""PL 4554/2020""}, {""nome"": ""Izalci Lucas"", ""tipo"": ""Senador(a)"", ""partido"": ""PSDB"", ""uf"": ""DF"", ""proposicao"": """"}]";"{""votacoes"": 4, ""nominais"": 1, ""nominais_lista"": [{""id"": ""2266921-7"", ""data"": ""2021-03-03"", ""proposicao"": ""PL 4554/2020"", ""descricao"": ""Aprovado o Requerimento de Urgência (Art. 155 do RICD). Sim: 354; não: 83; total: 437."", ""sim"": 354, ""nao"": 83, ""outros"": 0, ""partidos"": {""AVANTE"": [8, 0, 0], ""CIDADANIA"": [7, 0, 0], ""DEM"": [14, 0, 0], ""MDB"": [26, 0, 0], ""NOVO"": [8, 0, 0], ""PATRIOTA"": [4, 0, 0], ""PCdoB"": [2, 5, 0], ""PDT"": [23, 0, 0], ""PL"": [35, 0, 0], ""PODE"": [9, 1, 0], ""PP"": [32, 0, 0], ""PROS"": [9, 0, 0], ""PSB"": [9, 18, 0], ""PSC"": [10, 0, 0], ""PSD"": [30, 0, 0], ""PSDB"": [31, 0, 0], ""PSL"": [45, 0, 0], ""PSOL"": [0, 10, 0], ""PT"": [1, 48, 0], ""PTB"": [10, 0, 0], ""PV"": [4, 0, 0], ""REDE"": [0, 1, 0], ""REPUBLICANOS"": [28, 0, 0], ""SOLIDARIEDADE"": [9, 0, 0]}}]}";"{""votacoes"": 0}";2;0;0;Senador Izalci Lucas (PSDB/DF);
LEI;14188;2021;2021-07-29;Nova República;JAIR MESSIAS BOLSONARO;assinatura no fecho do texto da norma;"[{""nome"": ""Margarete Coelho"", ""tipo"": ""Deputado(a)"", ""partido"": ""PP"", ""uf"": ""PI"", ""proposicao"": ""PL 741/2021""}, {""nome"": ""Soraya Santos"", ""tipo"": ""Deputado(a)"", ""partido"": ""PL"", ""uf"": ""RJ"", ""proposicao"": ""PL 741/2021""}, {""nome"": ""Greyce Elias"", ""tipo"": ""Deputado(a)"", ""partido"": ""AVANTE"", ""uf"": ""MG"", ""proposicao"": ""PL 741/2021""}, {""nome"": ""Carla Dickson"", ""tipo"": ""Deputado(a)"", ""partido"": ""PROS"", ""uf"": ""RN"", ""proposicao"": ""PL 741/2021""}]";"{""votacoes"": 5, ""nominais"": 1, ""nominais_lista"": [{""id"": ""2273570-9"", ""data"": ""2021-03-18"", ""proposicao"": ""PL 741/2021"", ""descricao"": ""Aprovado o Requerimento de Urgência (Art. 155 do RICD). Sim: 364; não: 57; abstenção: 1; total: 422."", ""sim"": 364, ""nao"": 57, ""outros"": 1, ""partidos"": {""AVANTE"": [8, 0, 0], ""CIDADANIA"": [7, 0, 0], ""DEM"": [21, 0, 0], ""MDB"": [26, 0, 0], ""NOVO"": [7, 0, 0], ""PATRIOTA"": [6, 0, 0], ""PCdoB"": [6, 0, 0], ""PDT"": [22, 1, 0], ""PL"": [32, 0, 0], ""PODE"": [8, 1, 0], ""PP"": [28, 0, 0], ""PROS"": [9, 0, 0], ""PSB"": [26, 0, 0], ""PSC"": [8, 0, 0], ""PSD"": [29, 0, 0], ""PSDB"": [28, 0, 0], ""PSL"": [41, 1, 1], ""PSOL"": [0, 8, 0], ""PT"": [0, 45, 0], ""PTB"": [9, 0, 0], ""PV"": [2, 1, 0], ""REDE"": [1, 0, 0], ""REPUBLICANOS"": [29, 0, 0], ""SOLIDARIEDADE"": [11, 0, 0]}}]}";"{""votacoes"": 1, ""nominais_lista"": [{""data"": ""2021-07-01"", ""proposicao"": ""PL 741/2021"", ""descricao"": ""Votação nominal do Projeto de Lei nº 741, de 2021, nos termos do Parecer. Resultado: Aprovado"", ""sim"": 69, ""nao"": 0, ""outros"": 12, ""partidos"": {""PDT"": [1, 0, 2], ""CIDADANIA"": [2, 0, 0], ""PODEMOS"": [9, 0, 0], ""PSD"": [10, 0, 1], ""PL"": [4, 0, 0], ""DEM"": [5, 0, 1], ""PP"": [6, 0, 1], ""MDB"": [9, 0, 6], ""REDE"": [2, 0, 0], ""PROS"": [2, 0, 1], ""PATRIOTA"": [1, 0, 0], ""PSL"": [2, 0, 0], ""PT"": [6, 0, 0], ""PSDB"": [7, 0, 0], ""PSB"": [1, 0, 0], ""REPUBLICANOS"": [1, 0, 0], ""PSC"": [1, 0, 0]}}]}";1;0;0;Câmara dos Deputados;
LEI;14197;2021;2021-09-02;Nova República;JAIR MESSIAS BOLSONARO;assinatura no fecho do texto da norma;"[{""nome"": ""HELIO BICUDO"", ""tipo"": ""Deputado(a)"", ""partido"": ""PT"", ""uf"": ""SP"", ""proposicao"": ""PL 2462/1991""}]";"{""votacoes"": 10, ""nominais"": 5, ""nominais_lista"": [{""id"": ""18156-156"", ""data"": ""2021-05-04"", ""proposicao"": ""PL 2462/1991"", ""descricao"": ""Rejeitada a Emenda de Plenário nº 3. Sim: 53; não: 364; abstenção: 1; total: 418."", ""sim"": 53, ""nao"": 364, ""outros"": 1, ""partidos"": {""AVANTE"": [0, 6, 0], ""CIDADANIA"": [0, 6, 0], ""DEM"": [1, 21, 0], ""MDB"": [0, 28, 0], ""NOVO"": [0, 8, 0], ""PATRIOTA"": [1, 3, 0], ""PCdoB"": [0, 7, 0], ""PDT"": [2, 21, 0], ""PL"": [1, 34, 0], ""PODE"": [0, 8, 0], ""PP"": [1, 31, 0], ""PROS"": [0, 6, 0], ""PSB"": [1, 23, 0], ""PSC"": [2, 5, 0], ""PSD"": [3, 21, 0], ""PSDB"": [0, 27, 0], ""PSL"": [40, 5, 1], ""PSOL"": [0, 9, 0], ""PT"": [0, 52, 0], ""PTB"": [0, 7, 0], ""PV"": [0, 4, 0], ""REDE"": [0, 1, 0], ""REPUBLICANOS"": [0, 22, 0], ""SOLIDARIEDADE"": [1, 9, 0]}}, {""id"": ""18156-154"", ""data"": ""2021-05-04"", ""proposicao"": ""PL 2462/1991"", ""descricao"": ""Rejeitada a Emenda de Plenário nº 2. Sim 63; não: 383; abstenção: 1; total: 447."", ""sim"": 63, ""nao"": 383, ""outros"": 1, ""partidos"": {""AVANTE"": [1, 5, 0], ""CIDADANIA"": [0, 6, 0], ""DEM"": [2, 23, 0], ""MDB"": [1, 26, 0], ""NOVO"": [0, 8, 0], ""PATRIOTA"": [0, 4, 0], ""PCdoB"": [1, 6, 0], ""PDT"": [0, 24, 0], ""PL"": [2, 34, 0], ""PODE"": [1, 8, 0], ""PP"": [2, 30, 0], ""PROS"": [3, 7, 0], ""PSB"": [0, 27, 0], ""PSC"": [4, 5, 0], ""PSD"": [2, 23, 0], ""PSDB"": [0, 29, 0], ""PSL"": [41, 7, 1], ""PSOL"": [0, 9, 0], ""PT"": [0, 52, 0], ""PTB"": [0, 9, 0], ""PV"": [0, 4, 0], ""REDE"": [0, 1, 0], ""REPUBLICANOS"": [2, 24, 0], ""SOLIDARIEDADE"": [1, 12, 0]}}, {""id"": ""18156-152"", ""data"": ""2021-05-04"", ""proposicao"": ""PL 2462/1991"", ""descricao"": ""Mantido o texto. Sim: 390; não: 52; total: 442."", ""sim"": 390, ""nao"": 52, ""outros"": 0, ""partidos"": {""AVANTE"": [7, 0, 0], ""CIDADANIA"": [5, 0, 0], ""DEM"": [19, 1, 0], ""MDB"": [30, 1, 0], ""NOVO"": [7, 0, 0], ""PATRIOTA"": [4, 1, 0], ""PCdoB"": [7, 0, 0], ""PDT"": [25, 0, 0], ""PL"": [31, 2, 0], ""PODE"": [10, 0, 0], ""PP"": [33, 1, 0], ""PROS"": [7, 0, 0], ""PSB"": [28, 0, 0], ""PSC"": [7, 3, 0], ""PSD"": [27, 2, 0], ""PSDB"": [27, 0, 0], ""PSL"": [7, 41, 0], ""PSOL"": [8, 0, 0], ""PT"": [50, 0, 0], ""PTB"": [9, 0, 0], ""PV"": [4, 0, 0], ""REDE"": [1, 0, 0], ""REPUBLICANOS"": [27, 0, 0], ""SOLIDARIEDADE"": [10, 0, 0]}}, {""id"": ""18156-148"", ""data"": ""2021-05-04"", ""proposicao"": ""PL 2462/1991"", ""descricao"": ""Mantido o texto. Sim: 343; não: 75; abstenção: 1; total: 419."", ""sim"": 343, ""nao"": 75, ""outros"": 1, ""partidos"": {""AVANTE"": [7, 1, 0], ""CIDADANIA"": [5, 1, 0], ""DEM"": [22, 3, 0], ""MDB"": [24, 1, 0], ""NOVO"": [0, 7, 0], ""PATRIOTA"": [3, 1, 0], ""PCdoB"": [7, 0, 0], ""PDT"": [25, 0, 0], ""PL"": [34, 1, 0], ""PODE"": [8, 2, 0], ""PP"": [30, 2, 0], ""PROS"": [5, 2, 0], ""PSB"": [25, 1, 0], ""PSC"": [4, 4, 0], ""PSD"": [22, 5, 0], ""PSDB"": [26, 1, 0], ""PSL"": [5, 41, 1], ""PSOL"": [5, 1, 0], ""PT"": [48, 0, 0], ""PTB"": [5, 0, 0], ""PV"": [3, 1, 0], ""REDE"": [1, 0, 0], ""REPUBLICANOS"": [20, 0, 0], ""SOLIDARIEDADE"": [9, 0, 0]}}, {""id"": ""18156-127"", ""data"": ""2021-05-04"", ""proposicao"": ""PL 2462/1991"", ""descricao"": ""Rejeitado o Requerimento. Sim: 62; não: 338; abstenção: 1; total: 401."", ""sim"": 62, ""nao"": 338, ""outros"": 1, ""partidos"": {""AVANTE"": [2, 3, 0], ""CIDADANIA"": [0, 6, 0], ""DEM"": [1, 23, 0], ""MDB"": [1, 22, 0], ""NOVO"": [8, 0, 0], ""PATRIOTA"": [0, 4, 0], ""PCdoB"": [0, 5, 0], ""PDT"": [0, 22, 0], ""PL"": [0, 30, 1], ""PODE"": [0, 6, 0], ""PP"": [1, 31, 0], ""PROS"": [1, 9, 0], ""PSB"": [1, 22, 0], ""PSC"": [2, 5, 0], ""PSD"": [1, 22, 0], ""PSDB"": [1, 28, 0], ""PSL"": [41, 6, 0], ""PSOL"": [0, 9, 0], ""PT"": [1, 43, 0], ""PTB"": [0, 8, 0], ""PV"": [0, 2, 0], ""REDE"": [0, 1, 0], ""REPUBLICANOS"": [0, 25, 0], ""SOLIDARIEDADE"": [1, 6, 0]}}]}";"{""votacoes"": 1, ""nominais_lista"": [{""data"": ""2021-08-10"", ""proposicao"": ""PL 2108/2021"", ""descricao"": ""Votação nominal da Emenda nº 18 - PLEN ao Projeto de Lei nº 2.108, de 2021, destacada Resultado: Rejeitado"", ""sim"": 59, ""nao"": 83, ""outros"": 19, ""partidos"": {""PDT"": [0, 6, 0], ""CIDADANIA"": [0, 3, 1], ""PODEMOS"": [14, 2, 2], ""PSD"": [3, 16, 3], ""PL"": [4, 1, 3], ""DEM"": [5, 4, 3], ""MDB"": [8, 17, 5], ""PP"": [11, 3, 0], ""REDE"": [0, 4, 0], ""PROS"": [3, 2, 1], ""PATRIOTA"": [2, 0, 0], ""PSL"": [2, 2, 0], ""PT"": [0, 12, 0], ""PSDB"": [4, 8, 1], ""S/Partido"": [0, 2, 0], ""REPUBLICANOS"": [1, 1, 0], ""PSC"": [2, 0, 0]}}]}";8;0;0;Câmara dos Deputados;
LEI;14245;2021;2021-11-23;Nova República;JAIR MESSIAS BOLSONARO;assinatura no fecho do texto da norma;"[{""nome"": ""Lídice da Mata"", ""tipo"": ""Deputado(a)"", ""partido"": ""PSB"", ""uf"": ""BA"", ""proposicao"": ""PL 5096/2020""}, {""nome"": ""Marcelo Nilo"", ""tipo"": ""Deputado(a)"", ""partido"": ""PSB"", ""uf"": ""BA"", ""proposicao"": ""PL 5096/2020""}, {""nome"": ""Vilson da Fetaemg"", ""tipo"": ""Deputado(a)"", ""partido"": ""PSB"", ""uf"": ""MG"", ""proposicao"": ""PL 5096/2020""}, {""nome"": ""João H. Campos"", ""tipo"": ""Deputado(a)"", ""partido"": ""PSB"", ""uf"": ""PE"", ""proposicao"": ""PL 5096/2020""}, {""nome"": ""Tereza Nelma"", ""tipo"": ""Deputado(a)"", ""partido"": ""PSDB"", ""uf"": ""AL"", ""proposicao"": ""PL 5096/2020""}, {""nome"": ""Jandira Feghali"", ""tipo"": ""Deputado(a)"", ""partido"": ""PCdoB"", ""uf"": ""RJ"", ""proposicao"": ""PL 5096/2020""}, {""nome"": ""Dulce Miranda"", ""tipo"": ""Deputado(a)"", ""partido"": ""MDB"", ""uf"": ""TO"", ""proposicao"": ""PL 5096/2020""}, {""nome"": ""Rodrigo Agostinho"", ""tipo"": ""Deputado(a)"", ""partido"": ""PSB"", ""uf"": ""SP"", ""proposicao"": ""PL 5096/2020""}, {""nome"": ""Rose Modesto"", ""tipo"": ""Deputado(a)"", ""partido"": ""PSDB"", ""uf"": ""MS"", ""proposicao"": ""PL 5096/2020""}, {""nome"": ""Mara Rocha"", ""tipo"": ""Deputado(a)"", ""partido"": ""PSDB"", ""uf"": ""AC"", ""proposicao"": ""PL 5096/2020""}, {""nome"": ""Iracema Portella"", ""tipo"": ""Deputado(a)"", ""partido"": ""PP"", ""uf"": ""PI"", ""proposicao"": ""PL 5096/2020""}, {""nome"": ""Joice Hasselmann"", ""tipo"": ""Deputado(a)"", ""partido"": ""PSL"", ""uf"": ""SP"", ""proposicao"": ""PL 5096/2020""}, {""nome"": ""Angela Amin"", ""tipo"": ""Deputado(a)"", ""partido"": ""PP"", ""uf"": ""SC"", ""proposicao"": ""PL 5096/2020""}, {""nome"": ""Talíria Petrone"", ""tipo"": ""Deputado(a)"", ""partido"": ""PSOL"", ""uf"": ""RJ"", ""proposicao"": ""PL 5096/2020""}, {""nome"": ""Joenia Wapichana"", ""tipo"": ""Deputado(a)"", ""partido"": ""REDE"", ""uf"": ""RR"", ""proposicao"": ""PL 5096/2020""}, {""nome"": ""Tabata Amaral"", ""tipo"": ""Deputado(a)"", ""partido"": ""PSB"", ""uf"": ""SP"", ""proposicao"": ""PL 5096/2020""}, {""nome"": ""Áurea Carolina"", ""tipo"": ""Deputado(a)"", ""partido"": ""PSOL"", ""uf"": ""MG"", ""proposicao"": ""PL 5096/2020""}, {""nome"": ""Sâmia Bomfim"", ""tipo"": ""Deputado(a)"", ""partido"": ""PSOL"", ""uf"": ""SP"", ""proposicao"": ""PL 5096/2020""}, {""nome"": ""Erika Kokay"", ""tipo"": ""Deputado(a)"", ""partido"": ""PT"", ""uf"": ""DF"", ""proposicao"": ""PL 5096/2020""}, {""nome"": ""Luiza Erundina"", ""tipo"": ""Deputado(a)"", ""partido"": ""PSOL"", ""uf"": ""SP"", ""proposicao"": ""PL 5096/2020""}, {""nome"": ""Marília Arraes"", ""tipo"": ""Deputado(a)"", ""partido"": ""PT"", ""uf"": ""PE"", ""proposicao"": ""PL 5096/2020""}, {""nome"": ""Norma Ayub"", ""tipo"": ""Deputado(a)"", ""partido"": ""DEM"", ""uf"": ""ES"", ""proposicao"": ""PL 5096/2020""}, {""nome"": ""Maria do Rosário"", ""tipo"": ""Deputado(a)"", ""partido"": ""PT"", ""uf"": ""RS"", ""proposicao"": ""PL 5096/2020""}, {""nome"": ""Aline Gurgel"", ""tipo"": ""Deputado(a)"", ""partido"": ""REPUBLICANOS"", ""uf"": ""AP"", ""proposicao"": ""PL 5096/2020""}, {""nome"": ""Daniela do Waguinho"", ""tipo"": ""Deputado(a)"", ""partido"": ""MDB"", ""uf"": ""RJ"", ""proposicao"": ""PL 5096/2020""}, {""nome"": ""Fernanda Melchionna"", ""tipo"": ""Deputado(a)"", ""partido"": ""PSOL"", ""uf"": ""RS"", ""proposicao"": ""PL 5096/2020""}]";"{""votacoes"": 4, ""nominais"": 0}";"{""votacoes"": 0}";0;0;0;Câmara dos Deputados;
LEI;14344;2022;2022-05-25;Nova República;JAIR MESSIAS BOLSONARO;assinatura no fecho do texto da norma;"[{""nome"": ""Alê Silva"", ""tipo"": ""Deputado(a)"", ""partido"": ""REPUBLICANOS"", ""uf"": ""MG"", ""proposicao"": ""PL 1360/2021""}, {""nome"": ""Carla Zambelli"", ""tipo"": ""Deputado(a)"", ""partido"": ""PL"", ""uf"": ""SP"", ""proposicao"": ""PL 1360/2021""}, {""nome"": ""Jaqueline Cassol"", ""tipo"": ""Deputado(a)"", ""partido"": ""PP"", ""uf"": ""RO"", ""proposicao"": ""PL 1360/2021""}]";"{""votacoes"": 10, ""nominais"": 0}";"{""votacoes"": 1, ""nominais_lista"": [{""data"": ""2022-03-22"", ""proposicao"": ""PL 1360/2021"", ""descricao"": ""Votação nominal do PL 1.360/2021. Resultado: Aprovado"", ""sim"": 76, ""nao"": 0, ""outros"": 5, ""partidos"": {""PDT"": [3, 0, 0], ""PSDB"": [8, 0, 0], ""PSD"": [10, 0, 1], ""PODEMOS"": [9, 0, 0], ""PL"": [6, 0, 1], ""MDB"": [15, 0, 1], ""DEM"": [3, 0, 1], ""PP"": [6, 0, 1], ""CIDADANIA"": [2, 0, 0], ""PT"": [7, 0, 0], ""PROS"": [3, 0, 0], ""PSL"": [2, 0, 0], ""REPUBLICANOS"": [1, 0, 0], ""REDE"": [1, 0, 0]}}]}";0;0;0;Câmara dos Deputados;
LEI;14478;2022;2022-12-22;Nova República;JAIR MESSIAS BOLSONARO;assinatura no fecho do texto da norma;"[{""nome"": ""Aureo"", ""tipo"": ""Deputado(a)"", ""partido"": ""SOLIDARIEDADE"", ""uf"": ""RJ"", ""proposicao"": ""PL 4401/2021""}]";"{""votacoes"": 76, ""nominais"": 2, ""nominais_lista"": [{""id"": ""1555470-234"", ""data"": ""2021-12-08"", ""proposicao"": ""PL 4401/2021"", ""descricao"": ""Rejeitado o Requerimento. Sim: 40; não: 308; total: 348."", ""sim"": 40, ""nao"": 308, ""outros"": 0, ""partidos"": {""AVANTE"": [2, 3, 0], ""CIDADANIA"": [1, 4, 0], ""DEM"": [0, 16, 0], ""MDB"": [1, 21, 0], ""NOVO"": [8, 0, 0], ""PATRIOTA"": [0, 2, 0], ""PCdoB"": [0, 8, 0], ""PDT"": [0, 18, 0], ""PL"": [0, 25, 0], ""PODE"": [0, 9, 0], ""PP"": [0, 23, 0], ""PROS"": [0, 7, 0], ""PSB"": [3, 19, 0], ""PSC"": [1, 3, 0], ""PSD"": [0, 25, 0], ""PSDB"": [19, 5, 0], ""PSL"": [4, 40, 0], ""PSOL"": [0, 6, 0], ""PT"": [0, 40, 0], ""PTB"": [0, 4, 0], ""PV"": [0, 2, 0], ""REDE"": [0, 1, 0], ""REPUBLICANOS"": [1, 23, 0], ""SOLIDARIEDADE"": [0, 4, 0]}}, {""id"": ""1555470-319"", ""data"": ""2022-11-29"", ""proposicao"": ""PL 4401/2021"", ""descricao"": ""Suprimido o texto. Sim: 152; não: 213; total: 365."", ""sim"": 152, ""nao"": 213, ""outros"": 0, ""partidos"": {""AVANTE"": [0, 3, 0], ""CIDADANIA"": [0, 6, 0], ""MDB"": [8, 17, 0], ""NOVO"": [0, 8, 0], ""PATRIOTA"": [0, 3, 0], ""PCdoB"": [7, 0, 0], ""PDT"": [0, 15, 0], ""PL"": [43, 13, 0], ""PODE"": [2, 4, 0], ""PP"": [1, 37, 0], ""PROS"": [1, 2, 0], ""PSB"": [0, 17, 0], ""PSC"": [1, 4, 0], ""PSD"": [3, 30, 0], ""PSDB"": [4, 8, 0], ""PSOL"": [7, 0, 0], ""PT"": [44, 4, 0], ""PTB"": [0, 3, 0], ""PV"": [2, 0, 0], ""REDE"": [2, 0, 0], ""REPUBLICANOS"": [26, 4, 0], ""SOLIDARIEDADE"": [1, 4, 0], ""UNIÃO"": [0, 31, 0]}}]}";"{""votacoes"": 0}";1;0;0;Câmara dos Deputados;
LEI;14532;2023;2023-01-11;Nova República;LUIZ INÁCIO LULA DA SILVA;assinatura no fecho do texto da norma;"[{""nome"": ""Tia Eron"", ""tipo"": ""Deputado(a)"", ""partido"": ""REPUBLICANOS"", ""uf"": ""BA"", ""proposicao"": ""PL 4566/2021""}, {""nome"": ""Bebeto"", ""tipo"": ""Deputado(a)"", ""partido"": ""PSB"", ""uf"": ""BA"", ""proposicao"": ""PL 4566/2021""}]";"{""votacoes"": 5, ""nominais"": 1, ""nominais_lista"": [{""id"": ""1301128-43"", ""data"": ""2021-11-30"", ""proposicao"": ""PL 4566/2021"", ""descricao"": ""Aprovado o Substitutivo ao Projeto de Lei nº 1.749, de 2015, adotado pelo Relator da Comissão de Constituição e Justiça e de Cidadania. Sim: 358; não: 17; abstenção: 2; total: 377."", ""sim"": 358, ""nao"": 17, ""outros"": 2, ""partidos"": {""AVANTE"": [5, 0, 0], ""CIDADANIA"": [6, 0, 0], ""DEM"": [19, 1, 0], ""MDB"": [24, 0, 1], ""NOVO"": [0, 7, 0], ""PATRIOTA"": [2, 1, 0], ""PCdoB"": [6, 0, 0], ""PDT"": [20, 0, 0], ""PL"": [33, 0, 0], ""PODE"": [6, 1, 0], ""PP"": [30, 0, 0], ""PROS"": [6, 0, 0], ""PSB"": [25, 0, 1], ""PSC"": [7, 1, 0], ""PSD"": [24, 1, 0], ""PSDB"": [19, 0, 0], ""PSL"": [36, 5, 0], ""PSOL"": [7, 0, 0], ""PT"": [39, 0, 0], ""PTB"": [7, 0, 0], ""PV"": [4, 0, 0], ""REDE"": [1, 0, 0], ""REPUBLICANOS"": [25, 0, 0], ""SOLIDARIEDADE"": [7, 0, 0]}}]}";"{""votacoes"": 0}";1;0;0;Câmara dos Deputados;
LEI;14562;2023;2023-04-27;Nova República;GERALDO JOSÉ RODRIGUES ALCKMIN FILHO;assinatura no fecho do texto da norma;"[{""nome"": ""Paulo Ganime"", ""tipo"": ""Deputado(a)"", ""partido"": ""NOVO"", ""uf"": ""RJ"", ""proposicao"": ""PL 5385/2019""}]";"{""votacoes"": 5, ""nominais"": 1, ""nominais_lista"": [{""id"": ""2224574-5"", ""data"": ""2019-10-16"", ""proposicao"": ""PL 5385/2019"", ""descricao"": ""Aprovado o Requerimento de Urgência (Art. 155 do RICD). Sim: 335; não:1; total: 336."", ""sim"": 335, ""nao"": 1, ""outros"": 0, ""partidos"": {""AVANTE"": [4, 0, 0], ""CIDADANIA"": [3, 0, 0], ""DEM"": [12, 0, 0], ""MDB"": [24, 0, 0], ""NOVO"": [6, 0, 0], ""PATRIOTA"": [2, 0, 0], ""PCdoB"": [8, 0, 0], ""PDT"": [24, 0, 0], ""PL"": [27, 0, 0], ""PMN"": [1, 0, 0], ""PODE"": [5, 0, 0], ""PP"": [20, 0, 0], ""PROS"": [7, 0, 0], ""PSB"": [22, 0, 0], ""PSC"": [5, 0, 0], ""PSD"": [26, 0, 0], ""PSDB"": [17, 0, 0], ""PSL"": [38, 0, 0], ""PSOL"": [5, 1, 0], ""PT"": [42, 0, 0], ""PTB"": [7, 0, 0], ""PV"": [3, 0, 0], ""REPUBLICANOS"": [18, 0, 0], ""SOLIDARIEDADE"": [9, 0, 0]}}]}";"{""votacoes"": 0}";0;0;0;Câmara dos Deputados;
LEI;14811;2024;2024-01-15;Nova República;LUIZ INÁCIO LULA DA SILVA;assinatura no fecho do texto da norma;"[{""nome"": ""Osmar Terra"", ""tipo"": ""Deputado(a)"", ""partido"": ""PMDB"", ""uf"": ""RS"", ""proposicao"": ""PL 4224/2021""}]";"{""votacoes"": 8, ""nominais"": 0}";"{""votacoes"": 0}";1;0;0;Câmara dos Deputados;
LEI;14967;2024;2024-09-10;Nova República;LUIZ INÁCIO LULA DA SILVA;assinatura no fecho do texto da norma;"[{""nome"": ""Senado Federal - Marcelo Crivella"", ""tipo"": ""Órgão do Poder Legislativo"", ""partido"": """", ""uf"": """", ""proposicao"": ""PL 4238/2012""}, {""nome"": ""Marcelo Crivella"", ""tipo"": ""Senador(a)"", ""partido"": ""REPUBLICANOS"", ""uf"": ""RJ"", ""proposicao"": """"}]";"{""votacoes"": 11, ""nominais"": 1, ""nominais_lista"": [{""id"": ""552197-208"", ""data"": ""2016-11-29"", ""proposicao"": ""PL 4238/2012"", ""descricao"": ""Mantido o texto. Sim: 297; Não: 51; Abstenções: 2; Total: 350."", ""sim"": 297, ""nao"": 51, ""outros"": 2, ""partidos"": {""DEM"": [20, 0, 0], ""PCdoB"": [8, 0, 0], ""PDT"": [15, 0, 0], ""PEN"": [2, 0, 0], ""PHS"": [6, 0, 0], ""PMB"": [1, 0, 0], ""PMDB"": [44, 1, 0], ""PP"": [31, 0, 0], ""PPS"": [7, 0, 0], ""PR"": [31, 1, 0], ""PRB"": [18, 0, 0], ""PROS"": [2, 0, 0], ""PRP"": [1, 0, 0], ""PSB"": [27, 0, 0], ""PSC"": [2, 0, 2], ""PSD"": [25, 1, 0], ""PSDB"": [25, 1, 0], ""PSL"": [2, 0, 0], ""PSOL"": [1, 3, 0], ""PT"": [0, 44, 0], ""PTB"": [9, 0, 0], ""PTdoB"": [3, 0, 0], ""PV"": [4, 0, 0], ""REDE"": [2, 0, 0], ""SD"": [11, 0, 0]}}]}";"{""votacoes"": 0}";0;0;0;Senador Marcelo Crivella (REPUBLICANOS/RJ);
LEI;14994;2024;2024-10-10;Nova República;LUIZ INÁCIO LULA DA SILVA;assinatura no fecho do texto da norma;"[{""nome"": ""Senado Federal - Margareth Buzetti"", ""tipo"": ""Órgão do Poder Legislativo"", ""partido"": """", ""uf"": """", ""proposicao"": ""PL 4266/2023""}, {""nome"": ""Margareth Buzetti"", ""tipo"": ""Senador(a)"", ""partido"": ""PSD"", ""uf"": ""MT"", ""proposicao"": """"}]";"{""votacoes"": 8, ""nominais"": 2, ""nominais_lista"": [{""id"": ""2410466-50"", ""data"": ""2024-09-11"", ""proposicao"": ""PL 4266/2023"", ""descricao"": ""Rejeitado o Requerimento. Sim: 2; Não: 377; Abstenção: 4; Total: 383."", ""sim"": 2, ""nao"": 377, ""outros"": 59, ""partidos"": {""AVANTE"": [0, 6, 0], ""CIDADANIA"": [0, 3, 0], ""MDB"": [1, 37, 0], ""NOVO"": [0, 0, 3], ""PCdoB"": [0, 5, 0], ""PDT"": [0, 18, 0], ""PL"": [1, 17, 55], ""PODE"": [0, 14, 0], ""PP"": [0, 43, 1], ""PRD"": [0, 3, 0], ""PSB"": [0, 12, 0], ""PSD"": [0, 37, 0], ""PSDB"": [0, 10, 0], ""PSOL"": [0, 11, 0], ""PT"": [0, 63, 0], ""PV"": [0, 5, 0], ""REDE"": [0, 1, 0], ""REPUBLICANOS"": [0, 38, 0], ""SOLIDARIEDADE"": [0, 5, 0], ""UNIÃO"": [0, 49, 0]}}, {""id"": ""2410466-47"", ""data"": ""2024-09-11"", ""proposicao"": ""PL 4266/2023"", ""descricao"": ""Rejeitado o Requerimento. Sim: 1; Não: 347; Total: 348."", ""sim"": 1, ""nao"": 347, ""outros"": 66, ""partidos"": {""AVANTE"": [0, 6, 0], ""CIDADANIA"": [0, 3, 0], ""MDB"": [0, 22, 0], ""NOVO"": [0, 0, 3], ""PCdoB"": [0, 4, 0], ""PDT"": [0, 18, 0], ""PL"": [0, 12, 63], ""PODE"": [0, 14, 0], ""PP"": [1, 40, 0], ""PRD"": [0, 3, 0], ""PSB"": [0, 11, 0], ""PSD"": [0, 33, 0], ""PSDB"": [0, 9, 0], ""PSOL"": [0, 10, 0], ""PT"": [0, 62, 0], ""PV"": [0, 4, 0], ""REDE"": [0, 1, 0], ""REPUBLICANOS"": [0, 36, 0], ""SOLIDARIEDADE"": [0, 5, 0], ""UNIÃO"": [0, 54, 0]}}]}";"{""votacoes"": 0}";2;0;0;Senadora Margareth Buzetti (PSD/MT);
LEI;15035;2024;2024-11-28;Nova República;LUIZ INÁCIO LULA DA SILVA;assinatura no fecho do texto da norma;"[{""nome"": ""Senado Federal - Margareth Buzetti"", ""tipo"": ""Órgão do Poder Legislativo"", ""partido"": """", ""uf"": """", ""proposicao"": ""PL 6212/2023""}, {""nome"": ""Margareth Buzetti"", ""tipo"": ""Senador(a)"", ""partido"": ""PSD"", ""uf"": ""MT"", ""proposicao"": """"}]";"{""votacoes"": 7, ""nominais"": 0}";"{""votacoes"": 0}";0;0;0;Senadora Margareth Buzetti (PSD/MT);
LEI;15123;2025;2025-04-25;Nova República;LUIZ INÁCIO LULA DA SILVA;assinatura no fecho do texto da norma;"[{""nome"": ""Jandira Feghali"", ""tipo"": ""Deputado(a)"", ""partido"": ""PCdoB"", ""uf"": ""RJ"", ""proposicao"": ""PL 370/2024""}]";"{""votacoes"": 5, ""nominais"": 0}";"{""votacoes"": 0}";0;0;0;Câmara dos Deputados;
LEI;15134;2025;2025-05-07;Nova República;LUIZ INÁCIO LULA DA SILVA;assinatura no fecho do texto da norma;"[{""nome"": ""Evandro Rogerio Roman"", ""tipo"": ""Deputado(a)"", ""partido"": ""PSD"", ""uf"": ""PR"", ""proposicao"": ""PL 4015/2023""}]";"{""votacoes"": 13, ""nominais"": 4, ""nominais_lista"": [{""id"": ""2375501-8"", ""data"": ""2023-08-08"", ""proposicao"": ""PL 4015/2023"", ""descricao"": ""Aprovado o Requerimento de Urgência (Art. 155 do RICD). Sim: 346; não: 34; total: 380."", ""sim"": 346, ""nao"": 34, ""outros"": 0, ""partidos"": {""AVANTE"": [5, 0, 0], ""CIDADANIA"": [3, 0, 0], ""MDB"": [25, 2, 0], ""NOVO"": [0, 3, 0], ""PATRIOTA"": [1, 0, 0], ""PCdoB"": [7, 0, 0], ""PDT"": [14, 1, 0], ""PL"": [60, 19, 0], ""PODE"": [9, 1, 0], ""PP"": [32, 3, 0], ""PSB"": [12, 0, 0], ""PSC"": [1, 0, 0], ""PSD"": [30, 0, 0], ""PSDB"": [9, 2, 0], ""PSOL"": [8, 0, 0], ""PT"": [56, 0, 0], ""PV"": [4, 0, 0], ""REDE"": [1, 0, 0], ""REPUBLICANOS"": [31, 1, 0], ""SOLIDARIEDADE"": [4, 0, 0], ""UNIÃO"": [34, 2, 0]}}, {""id"": ""1197773-99"", ""data"": ""2023-08-09"", ""proposicao"": ""PL 4015/2023"", ""descricao"": ""Rejeitada a Emenda de Plenário nº 3. Sim: 117; não: 264; abstenção: 1; total: 382."", ""sim"": 117, ""nao"": 264, ""outros"": 1, ""partidos"": {""AVANTE"": [0, 5, 0], ""CIDADANIA"": [0, 1, 0], ""MDB"": [5, 18, 0], ""NOVO"": [0, 3, 0], ""PATRIOTA"": [1, 1, 0], ""PCdoB"": [1, 3, 0], ""PDT"": [12, 2, 0], ""PL"": [70, 13, 1], ""PODE"": [1, 10, 0], ""PP"": [3, 30, 0], ""PSB"": [1, 11, 0], ""PSC"": [0, 3, 0], ""PSD"": [7, 22, 0], ""PSDB"": [1, 12, 0], ""PSOL"": [0, 11, 0], ""PT"": [0, 55, 0], ""PV"": [1, 3, 0], ""REDE"": [0, 1, 0], ""REPUBLICANOS"": [4, 24, 0], ""SOLIDARIEDADE"": [1, 2, 0], ""UNIÃO"": [9, 34, 0]}}, {""id"": ""1197773-90"", ""data"": ""2023-08-09"", ""proposicao"": ""PL 4015/2023"", ""descricao"": ""Aprovado o Substitutivo ao Projeto de Lei nº 996, de 2015, adotado pelo Relator da Comissão de Constituição e Justiça e de Cidadania, ressalvados os destaques. Sim: 335; não: 49; abstenção: 1; total: 385"", ""sim"": 335, ""nao"": 49, ""outros"": 1, ""partidos"": {""AVANTE"": [5, 0, 0], ""CIDADANIA"": [1, 0, 0], ""MDB"": [24, 1, 0], ""NOVO"": [0, 3, 0], ""PATRIOTA"": [1, 2, 0], ""PCdoB"": [5, 0, 0], ""PDT"": [13, 0, 0], ""PL"": [51, 30, 0], ""PODE"": [8, 1, 0], ""PP"": [32, 1, 0], ""PSB"": [15, 0, 0], ""PSC"": [3, 0, 0], ""PSD"": [28, 3, 0], ""PSDB"": [11, 3, 0], ""PSOL"": [10, 0, 0], ""PT"": [54, 0, 0], ""PV"": [4, 0, 0], ""REDE"": [1, 0, 0], ""REPUBLICANOS"": [23, 3, 0], ""SOLIDARIEDADE"": [3, 0, 0], ""UNIÃO"": [43, 2, 1]}}, {""id"": ""1197773-140"", ""data"": ""2024-12-04"", ""proposicao"": ""PL 4015/2023"", ""descricao"": ""Rejeitadas as Emendas do Senado Federal ao Projeto de Lei nº 996, de 2015, ressalvados os destaques. Sim: 23; Não: 404; Abstenção: 1; Total: 428."", ""sim"": 23, ""nao"": 404, ""outros"": 1, ""partidos"": {""AVANTE"": [0, 6, 0], ""CIDADANIA"": [0, 3, 0], ""MDB"": [1, 31, 0], ""NOVO"": [0, 4, 0], ""PCdoB"": [1, 6, 0], ""PDT"": [0, 15, 0], ""PL"": [3, 79, 0], ""PODE"": [0, 11, 0], ""PP"": [2, 41, 0], ""PRD"": [0, 2, 0], ""PSB"": [6, 7, 0], ""PSD"": [2, 34, 0], ""PSDB"": [0, 10, 0], ""PSOL"": [0, 9, 1], ""PT"": [5, 57, 0], ""PV"": [0, 4, 0], ""REPUBLICANOS"": [0, 39, 0], ""SOLIDARIEDADE"": [0, 2, 0], ""UNIÃO"": [3, 44, 0]}}]}";"{""votacoes"": 0}";0;0;0;Câmara dos Deputados;
LEI;15159;2025;2025-07-04;Nova República;GERALDO JOSÉ RODRIGUES ALCKMIN FILHO;assinatura no fecho do texto da norma;"[{""nome"": ""Poder Executivo"", ""tipo"": ""Órgão do Poder Executivo"", ""partido"": """", ""uf"": """", ""proposicao"": ""PL 3613/2023""}]";"{""votacoes"": 3, ""nominais"": 0}";"{""votacoes"": 0}";0;0;0;Câmara dos Deputados;
LEI;15160;2025;2025-07-04;Nova República;GERALDO JOSÉ RODRIGUES ALCKMIN FILHO;assinatura no fecho do texto da norma;"[{""nome"": ""Laura Carneiro"", ""tipo"": ""Deputado(a)"", ""partido"": ""UNIÃO"", ""uf"": ""RJ"", ""proposicao"": ""PL 419/2023""}]";"{""votacoes"": 4, ""nominais"": 0}";"{""votacoes"": 0}";0;0;0;Câmara dos Deputados;
LEI;15163;2025;2025-07-04;Nova República;GERALDO JOSÉ RODRIGUES ALCKMIN FILHO;assinatura no fecho do texto da norma;"[{""nome"": ""Helio Lopes"", ""tipo"": ""Deputado(a)"", ""partido"": ""PL"", ""uf"": ""RJ"", ""proposicao"": ""PL 4626/2020""}, {""nome"": ""Carla Zambelli"", ""tipo"": ""Deputado(a)"", ""partido"": ""PL"", ""uf"": ""SP"", ""proposicao"": ""PL 4626/2020""}, {""nome"": ""Daniel Freitas"", ""tipo"": ""Deputado(a)"", ""partido"": ""PL"", ""uf"": ""SC"", ""proposicao"": ""PL 4626/2020""}, {""nome"": ""Alex Santana"", ""tipo"": ""Deputado(a)"", ""partido"": ""REPUBLICANOS"", ""uf"": ""BA"", ""proposicao"": ""PL 4626/2020""}, {""nome"": ""Lucas Redecker"", ""tipo"": ""Deputado(a)"", ""partido"": ""PSDB"", ""uf"": ""RS"", ""proposicao"": ""PL 4626/2020""}]";"{""votacoes"": 5, ""nominais"": 0}";"{""votacoes"": 0}";2;0;0;Câmara dos Deputados;
LEI;15181;2025;2025-07-29;Nova República;LUIZ INÁCIO LULA DA SILVA;assinatura no fecho do texto da norma;"[{""nome"": ""Sandro Alex"", ""tipo"": ""Deputado(a)"", ""partido"": ""PSD"", ""uf"": ""PR"", ""proposicao"": ""PL 4872/2024""}]";"{""votacoes"": 7, ""nominais"": 0}";"{""votacoes"": 0}";0;1;0;Câmara dos Deputados;
LEI;15229;2025;2025-10-03;Nova República;LUIZ INÁCIO LULA DA SILVA;assinatura no fecho do texto da norma;"[{""nome"": ""Senado Federal - Damares Alves"", ""tipo"": ""Órgão do Poder Legislativo"", ""partido"": """", ""uf"": """", ""proposicao"": ""PL 3114/2023""}, {""nome"": ""Damares Alves"", ""tipo"": ""Senador(a)"", ""partido"": ""REPUBLICANOS"", ""uf"": ""DF"", ""proposicao"": """"}]";"{""votacoes"": 2, ""nominais"": 0}";"{""votacoes"": 0}";0;0;0;Senadora Damares Alves (REPUBLICANOS/DF);
LEI;15245;2025;2025-10-30;Nova República;LUIZ INÁCIO LULA DA SILVA;assinatura no fecho do texto da norma;"[{""nome"": ""Senado Federal - Sergio Moro"", ""tipo"": ""Órgão do Poder Legislativo"", ""partido"": """", ""uf"": """", ""proposicao"": ""PL 1307/2023""}, {""nome"": ""Sergio Moro"", ""tipo"": ""Senador(a)"", ""partido"": ""UNIÃO"", ""uf"": ""PR"", ""proposicao"": """"}]";"{""votacoes"": 2, ""nominais"": 0}";"{""votacoes"": 0}";0;0;0;Senador Sergio Moro (UNIÃO/PR);
LEI;15280;2025;2025-12-08;Nova República;LUIZ INÁCIO LULA DA SILVA;assinatura no fecho do texto da norma;"[{""nome"": ""Senado Federal - Margareth Buzetti"", ""tipo"": ""Órgão do Poder Legislativo"", ""partido"": """", ""uf"": """", ""proposicao"": ""PL 2810/2025""}, {""nome"": ""Margareth Buzetti"", ""tipo"": ""Senador(a)"", ""partido"": ""PSD"", ""uf"": ""MT"", ""proposicao"": """"}]";"{""votacoes"": 6, ""nominais"": 0}";"{""votacoes"": 0}";6;0;0;Senadora Margareth Buzetti (PSD/MT);
LC;225;2026;2026-01-09;Nova República;LUIZ INÁCIO LULA DA SILVA;assinatura no fecho do texto da norma;"[{""nome"": ""Senado Federal - Rodrigo Pacheco"", ""tipo"": ""Órgão do Poder Legislativo"", ""partido"": """", ""uf"": """", ""proposicao"": ""PLP 125/2022""}, {""nome"": ""Rodrigo Pacheco"", ""tipo"": ""Senador(a)"", ""partido"": ""PSD"", ""uf"": ""MG"", ""proposicao"": """"}]";"{""votacoes"": 10, ""nominais"": 3, ""nominais_lista"": [{""id"": ""2560611-10"", ""data"": ""2025-10-30"", ""proposicao"": ""PLP 125/2022"", ""descricao"": ""Aprovado o Requerimento de Urgência (Art. 155 do RICD). Sim: 336; Não: 50; Total: 386."", ""sim"": 336, ""nao"": 50, ""outros"": 0, ""partidos"": {""AVANTE"": [7, 0, 0], ""CIDADANIA"": [2, 0, 0], ""MDB"": [28, 1, 0], ""NOVO"": [4, 0, 0], ""PCdoB"": [5, 1, 0], ""PDT"": [15, 0, 0], ""PL"": [30, 35, 0], ""PODE"": [12, 1, 0], ""PP"": [30, 5, 0], ""PRD"": [4, 1, 0], ""PSB"": [16, 0, 0], ""PSD"": [22, 1, 0], ""PSDB"": [11, 1, 0], ""PSOL"": [9, 0, 0], ""PT"": [54, 0, 0], ""PV"": [3, 0, 0], ""REPUBLICANOS"": [38, 1, 0], ""SOLIDARIEDADE"": [2, 0, 0], ""UNIÃO"": [44, 3, 0]}}, {""id"": ""2559194-44"", ""data"": ""2025-12-09"", ""proposicao"": ""PLP 125/2022"", ""descricao"": ""Rejeitadas as Emendas de Plenário. Sim: 8; Não: 382; Total: 390."", ""sim"": 8, ""nao"": 382, ""outros"": 0, ""partidos"": {""AVANTE"": [0, 5, 0], ""CIDADANIA"": [0, 3, 0], ""MDB"": [1, 29, 0], ""NOVO"": [0, 5, 0], ""PCdoB"": [0, 8, 0], ""PDT"": [0, 13, 0], ""PL"": [2, 65, 0], ""PODE"": [0, 15, 0], ""PP"": [1, 38, 0], ""PRD"": [0, 5, 0], ""PSB"": [2, 8, 0], ""PSD"": [0, 35, 0], ""PSDB"": [0, 11, 0], ""PSOL"": [0, 9, 0], ""PT"": [1, 43, 0], ""PV"": [0, 2, 0], ""REDE"": [0, 3, 0], ""REPUBLICANOS"": [0, 30, 0], ""SOLIDARIEDADE"": [1, 4, 0], ""UNIÃO"": [0, 51, 0]}}, {""id"": ""2559194-42"", ""data"": ""2025-12-09"", ""proposicao"": ""PLP 125/2022"", ""descricao"": ""Aprovado o Projeto de Lei Complementar nº 125, de 2022. Sim: 436; Não: 2; Total: 438."", ""sim"": 436, ""nao"": 2, ""outros"": 0, ""partidos"": {""AVANTE"": [8, 0, 0], ""CIDADANIA"": [3, 0, 0], ""MDB"": [31, 0, 0], ""NOVO"": [5, 0, 0], ""PCdoB"": [9, 0, 0], ""PDT"": [16, 0, 0], ""PL"": [73, 0, 0], ""PODE"": [16, 0, 0], ""PP"": [39, 1, 0], ""PRD"": [5, 0, 0], ""PSB"": [13, 0, 0], ""PSD"": [41, 0, 0], ""PSDB"": [13, 0, 0], ""PSOL"": [8, 0, 0], ""PT"": [58, 1, 0], ""PV"": [2, 0, 0], ""REDE"": [3, 0, 0], ""REPUBLICANOS"": [35, 0, 0], ""SOLIDARIEDADE"": [5, 0, 0], ""UNIÃO"": [53, 0, 0]}}]}";"{""votacoes"": 1, ""nominais_lista"": [{""data"": ""2025-09-02"", ""proposicao"": ""PLP 125/2022"", ""descricao"": ""Votação nominal da Emenda nº 6 (Substitutivo) ao PLP nº 125/2022, nos termos da subemenda substitutiva de Plenário. Resultado: Aprovado"", ""sim"": 71, ""nao"": 0, ""outros"": 10, ""partidos"": {""UNIÃO"": [5, 0, 1], ""MDB"": [11, 0, 1], ""PDT"": [3, 0, 0], ""PSD"": [12, 0, 0], ""PL"": [13, 0, 2], ""PT"": [9, 0, 0], ""PODEMOS"": [2, 0, 2], ""PSB"": [2, 0, 2], ""PP"": [8, 0, 0], ""REPUBLICANOS"": [4, 0, 0], ""NOVO"": [1, 0, 0], ""PSDB"": [1, 0, 2]}}]}";0;0;0;Senador Rodrigo Pacheco (PSD/MG);
LEI;15353;2026;2026-03-08;Nova República;LUIZ INÁCIO LULA DA SILVA;assinatura no fecho do texto da norma;"[{""nome"": ""Laura Carneiro"", ""tipo"": ""Deputado(a)"", ""partido"": ""UNIÃO"", ""uf"": ""RJ"", ""proposicao"": ""PL 2195/2024""}]";"{""votacoes"": 5, ""nominais"": 0}";"{""votacoes"": 0}";0;0;0;Câmara dos Deputados;
LEI;15358;2026;2026-03-25;Nova República;LUIZ INÁCIO LULA DA SILVA;assinatura no fecho do texto da norma;"[{""nome"": ""Poder Executivo"", ""tipo"": ""Órgão do Poder Executivo"", ""partido"": """", ""uf"": """", ""proposicao"": ""PL 5582/2025""}]";"{""votacoes"": 19, ""nominais"": 9, ""nominais_lista"": [{""id"": ""2579832-105"", ""data"": ""2025-11-18"", ""proposicao"": ""PL 5582/2025"", ""descricao"": ""Aprovada a Emenda de Plenário nº 25. Sim: 349; Não: 40; Abstenção: 1; Total: 390."", ""sim"": 349, ""nao"": 40, ""outros"": 1, ""partidos"": {""AVANTE"": [4, 0, 1], ""CIDADANIA"": [2, 0, 0], ""MDB"": [30, 1, 0], ""NOVO"": [5, 0, 0], ""PCdoB"": [4, 1, 0], ""PDT"": [4, 9, 0], ""PL"": [70, 0, 0], ""PODE"": [9, 6, 0], ""PP"": [42, 1, 0], ""PRD"": [3, 0, 0], ""PSB"": [9, 2, 0], ""PSD"": [32, 4, 0], ""PSDB"": [9, 2, 0], ""PSOL"": [0, 11, 0], ""PT"": [42, 0, 0], ""PV"": [3, 0, 0], ""REDE"": [0, 1, 0], ""REPUBLICANOS"": [31, 2, 0], ""SOLIDARIEDADE"": [3, 0, 0], ""UNIÃO"": [47, 0, 0]}}, {""id"": ""2579832-99"", ""data"": ""2025-11-18"", ""proposicao"": ""PL 5582/2025"", ""descricao"": ""Rejeitada a preferência. Sim: 107; Não: 298; Abstenção: 2; Total: 407."", ""sim"": 107, ""nao"": 298, ""outros"": 2, ""partidos"": {""AVANTE"": [1, 4, 1], ""CIDADANIA"": [0, 2, 0], ""MDB"": [3, 30, 1], ""NOVO"": [0, 5, 0], ""PCdoB"": [9, 0, 0], ""PDT"": [6, 8, 0], ""PL"": [0, 67, 0], ""PODE"": [5, 11, 0], ""PP"": [1, 42, 0], ""PRD"": [0, 3, 0], ""PSB"": [12, 3, 0], ""PSD"": [1, 33, 0], ""PSDB"": [1, 10, 0], ""PSOL"": [4, 0, 0], ""PT"": [54, 0, 0], ""PV"": [3, 0, 0], ""REDE"": [2, 0, 0], ""REPUBLICANOS"": [0, 33, 0], ""SOLIDARIEDADE"": [2, 2, 0], ""UNIÃO"": [3, 45, 0]}}, {""id"": ""2579832-96"", ""data"": ""2025-11-18"", ""proposicao"": ""PL 5582/2025"", ""descricao"": ""Mantido o texto. Sim: 298; Não: 109; Abstenção: 1; Total: 408."", ""sim"": 298, ""nao"": 109, ""outros"": 1, ""partidos"": {""AVANTE"": [4, 1, 1], ""CIDADANIA"": [2, 0, 0], ""MDB"": [29, 2, 0], ""NOVO"": [5, 0, 0], ""PCdoB"": [0, 9, 0], ""PDT"": [10, 5, 0], ""PL"": [70, 1, 0], ""PODE"": [9, 4, 0], ""PP"": [40, 1, 0], ""PRD"": [3, 0, 0], ""PSB"": [3, 9, 0], ""PSD"": [32, 1, 0], ""PSDB"": [8, 3, 0], ""PSOL"": [0, 11, 0], ""PT"": [0, 55, 0], ""PV"": [0, 3, 0], ""REDE"": [0, 2, 0], ""REPUBLICANOS"": [37, 0, 0], ""SOLIDARIEDADE"": [3, 0, 0], ""UNIÃO"": [43, 2, 0]}}, {""id"": ""2579832-95"", ""data"": ""2025-11-18"", ""proposicao"": ""PL 5582/2025"", ""descricao"": ""Rejeitada a Emenda de Plenário nº 33. Sim: 142; Não: 298; Abstenção: 1; Total: 441."", ""sim"": 142, ""nao"": 298, ""outros"": 1, ""partidos"": {""AVANTE"": [1, 3, 1], ""CIDADANIA"": [0, 3, 0], ""MDB"": [16, 18, 0], ""NOVO"": [0, 5, 0], ""PCdoB"": [9, 0, 0], ""PDT"": [4, 12, 0], ""PL"": [0, 74, 0], ""PODE"": [4, 11, 0], ""PP"": [2, 42, 0], ""PRD"": [0, 4, 0], ""PSB"": [12, 3, 0], ""PSD"": [5, 33, 0], ""PSDB"": [3, 8, 0], ""PSOL"": [12, 0, 0], ""PT"": [59, 0, 0], ""PV"": [3, 0, 0], ""REDE"": [1, 1, 0], ""REPUBLICANOS"": [3, 33, 0], ""SOLIDARIEDADE"": [3, 2, 0], ""UNIÃO"": [5, 46, 0]}}, {""id"": ""2579832-62"", ""data"": ""2025-11-18"", ""proposicao"": ""PL 5582/2025"", ""descricao"": ""Aprovado o Substitutivo ao Projeto de Lei nº 5.582, de 2025, adotado pelo relator da Comissão de Segurança Pública e Combate ao Crime Organizado, ressalvados os destaques. Sim: 370; Não: 110; Abstenção: 3; Total: 483."", ""sim"": 370, ""nao"": 110, ""outros"": 3, ""partidos"": {""AVANTE"": [4, 2, 1], ""CIDADANIA"": [4, 0, 0], ""MDB"": [37, 1, 0], ""NOVO"": [5, 0, 0], ""PCdoB"": [1, 8, 0], ""PDT"": [16, 1, 0], ""PL"": [80, 2, 0], ""PODE"": [12, 1, 0], ""PP"": [47, 1, 0], ""PRD"": [5, 0, 0], ""PSB"": [7, 8, 0], ""PSD"": [42, 0, 1], ""PSDB"": [11, 2, 0], ""PSOL"": [0, 12, 0], ""PT"": [0, 65, 0], ""PV"": [1, 3, 0], ""REDE"": [1, 1, 1], ""REPUBLICANOS"": [39, 1, 0], ""SOLIDARIEDADE"": [4, 1, 0], ""UNIÃO"": [54, 1, 0]}}, {""id"": ""2579832-61"", ""data"": ""2025-11-18"", ""proposicao"": ""PL 5582/2025"", ""descricao"": ""Rejeitada a Preferência. Sim: 156; Não: 306; Total: 462."", ""sim"": 156, ""nao"": 306, ""outros"": 0, ""partidos"": {""AVANTE"": [2, 5, 0], ""CIDADANIA"": [0, 3, 0], ""MDB"": [15, 20, 0], ""NOVO"": [0, 5, 0], ""PCdoB"": [9, 0, 0], ""PDT"": [9, 7, 0], ""PL"": [0, 79, 0], ""PODE"": [5, 11, 0], ""PP"": [2, 44, 0], ""PRD"": [0, 3, 0], ""PSB"": [12, 2, 0], ""PSD"": [10, 31, 0], ""PSDB"": [3, 10, 0], ""PSOL"": [12, 0, 0], ""PT"": [63, 0, 0], ""PV"": [4, 0, 0], ""REDE"": [3, 0, 0], ""REPUBLICANOS"": [4, 34, 0], ""SOLIDARIEDADE"": [1, 3, 0], ""UNIÃO"": [2, 49, 0]}}, {""id"": ""2579832-54"", ""data"": ""2025-11-18"", ""proposicao"": ""PL 5582/2025"", ""descricao"": ""Aprovado o Requerimento. Sim: 335; Não: 111; Total: 446."", ""sim"": 335, ""nao"": 111, ""outros"": 0, ""partidos"": {""AVANTE"": [5, 2, 0], ""CIDADANIA"": [4, 0, 0], ""MDB"": [31, 1, 0], ""NOVO"": [5, 0, 0], ""PCdoB"": [0, 9, 0], ""PDT"": [15, 1, 0], ""PL"": [77, 2, 0], ""PODE"": [12, 4, 0], ""PP"": [44, 1, 0], ""PRD"": [4, 0, 0], ""PSB"": [3, 10, 0], ""PSD"": [38, 1, 0], ""PSDB"": [9, 2, 0], ""PSOL"": [1, 11, 0], ""PT"": [0, 59, 0], ""PV"": [0, 4, 0], ""REDE"": [0, 2, 0], ""REPUBLICANOS"": [35, 0, 0], ""SOLIDARIEDADE"": [3, 1, 0], ""UNIÃO"": [49, 1, 0]}}, {""id"": ""2579832-49"", ""data"": ""2025-11-18"", ""proposicao"": ""PL 5582/2025"", ""descricao"": ""Rejeitado o Requerimento. Sim: 114; Não: 335; Total: 449."", ""sim"": 114, ""nao"": 335, ""outros"": 0, ""partidos"": {""AVANTE"": [3, 3, 0], ""CIDADANIA"": [0, 3, 0], ""MDB"": [2, 33, 0], ""NOVO"": [0, 5, 0], ""PCdoB"": [9, 0, 0], ""PDT"": [1, 15, 0], ""PL"": [0, 79, 0], ""PODE"": [3, 13, 0], ""PP"": [1, 43, 0], ""PRD"": [0, 4, 0], ""PSB"": [11, 4, 0], ""PSD"": [3, 35, 0], ""PSDB"": [1, 9, 0], ""PSOL"": [12, 0, 0], ""PT"": [59, 0, 0], ""PV"": [4, 0, 0], ""REDE"": [2, 0, 0], ""REPUBLICANOS"": [0, 35, 0], ""SOLIDARIEDADE"": [1, 4, 0], ""UNIÃO"": [2, 50, 0]}}, {""id"": ""2579832-41"", ""data"": ""2025-11-18"", ""proposicao"": ""PL 5582/2025"", ""descricao"": ""Rejeitado o Requerimento. Sim: 110; Não: 316; Total: 426."", ""sim"": 110, ""nao"": 316, ""outros"": 0, ""partidos"": {""AVANTE"": [0, 5, 0], ""CIDADANIA"": [0, 3, 0], ""MDB"": [1, 32, 0], ""NOVO"": [0, 5, 0], ""PCdoB"": [8, 0, 0], ""PDT"": [1, 15, 0], ""PL"": [1, 73, 0], ""PODE"": [1, 15, 0], ""PP"": [1, 38, 0], ""PRD"": [0, 4, 0], ""PSB"": [5, 6, 0], ""PSD"": [17, 25, 0], ""PSDB"": [1, 10, 0], ""PSOL"": [11, 0, 0], ""PT"": [53, 1, 0], ""PV"": [4, 0, 0], ""REDE"": [1, 0, 0], ""REPUBLICANOS"": [0, 37, 0], ""SOLIDARIEDADE"": [1, 3, 0], ""UNIÃO"": [4, 44, 0]}}]}";"{""votacoes"": 1, ""nominais_lista"": [{""data"": ""2025-12-10"", ""proposicao"": ""PL 5582/2025"", ""descricao"": ""Votação nominal da Emenda nº 117 (Substitutivo) ao Projeto de Lei nº 5.582, de 2025, nos termos do parecer. Resultado: Aprovado"", ""sim"": 64, ""nao"": 0, ""outros"": 17, ""partidos"": {""REPUBLICANOS"": [5, 0, 0], ""MDB"": [9, 0, 2], ""PDT"": [3, 0, 0], ""PSD"": [11, 0, 3], ""PL"": [13, 0, 2], ""PT"": [7, 0, 2], ""PODEMOS"": [1, 0, 3], ""PSB"": [3, 0, 1], ""PP"": [5, 0, 2], ""UNIÃO"": [3, 0, 2], ""NOVO"": [1, 0, 0], ""PSDB"": [3, 0, 0]}}]}";5;0;1;Câmara dos Deputados;
LEI;15384;2026;2026-04-10;Nova República;LUIZ INÁCIO LULA DA SILVA;assinatura no fecho do texto da norma;"[{""nome"": ""Laura Carneiro"", ""tipo"": ""Deputado(a)"", ""partido"": ""UNIÃO"", ""uf"": ""RJ"", ""proposicao"": ""PL 3880/2024""}, {""nome"": ""Maria do Rosário"", ""tipo"": ""Deputado(a)"", ""partido"": ""PT"", ""uf"": ""RS"", ""proposicao"": ""PL 3880/2024""}, {""nome"": ""Fernanda Melchionna"", ""tipo"": ""Deputado(a)"", ""partido"": ""PSOL"", ""uf"": ""RS"", ""proposicao"": ""PL 3880/2024""}]";"{""votacoes"": 9, ""nominais"": 4, ""nominais_lista"": [{""id"": ""2462009-79"", ""data"": ""2026-03-18"", ""proposicao"": ""PL 3880/2024"", ""descricao"": ""Mantido o texto. Sim: 232; Não: 151; Abstenção: 1; Total: 384."", ""sim"": 232, ""nao"": 151, ""outros"": 1, ""partidos"": {""AVANTE"": [3, 1, 0], ""CIDADANIA"": [1, 1, 0], ""MDB"": [21, 9, 0], ""MISSÃO"": [0, 1, 0], ""NOVO"": [0, 5, 0], ""PCdoB"": [7, 0, 0], ""PDT"": [8, 2, 0], ""PL"": [4, 66, 0], ""PODE"": [9, 2, 0], ""PP"": [26, 8, 0], ""PRD"": [1, 2, 0], ""PSB"": [10, 0, 0], ""PSD"": [27, 6, 0], ""PSDB"": [10, 2, 0], ""PSOL"": [9, 0, 0], ""PT"": [57, 0, 0], ""PV"": [3, 0, 0], ""REDE"": [4, 0, 0], ""REPUBLICANOS"": [7, 26, 0], ""SOLIDARIEDADE"": [3, 0, 0], ""UNIÃO"": [22, 20, 1]}}, {""id"": ""2610645-5"", ""data"": ""2026-03-18"", ""proposicao"": ""PL 3880/2024"", ""descricao"": ""Rejeitado o Recurso nº 6/2026 contra parecer terminativo da Comissão de Constituição e Justiça e de Cidadania à Emenda de Plenário de nº 3 oferecida ao Projeto de Lei nº 3.880, de 2024 (Art. 132, § 2º C/C Art. 144, Caput, RICD). Sim: 152; Não: 254; Abstenção: 1; Total: 407."", ""sim"": 152, ""nao"": 254, ""outros"": 1, ""partidos"": {""AVANTE"": [1, 6, 0], ""CIDADANIA"": [1, 2, 0], ""MDB"": [10, 21, 0], ""MISSÃO"": [1, 0, 0], ""NOVO"": [5, 0, 0], ""PCdoB"": [0, 7, 0], ""PDT"": [0, 11, 0], ""PL"": [70, 4, 0], ""PODE"": [1, 13, 0], ""PP"": [6, 24, 0], ""PRD"": [0, 3, 0], ""PSB"": [0, 14, 0], ""PSD"": [6, 27, 1], ""PSDB"": [2, 9, 0], ""PSOL"": [0, 11, 0], ""PT"": [0, 61, 0], ""PV"": [0, 3, 0], ""REDE"": [0, 4, 0], ""REPUBLICANOS"": [31, 6, 0], ""SOLIDARIEDADE"": [0, 2, 0], ""UNIÃO"": [18, 26, 0]}}, {""id"": ""2462009-60"", ""data"": ""2026-03-18"", ""proposicao"": ""PL 3880/2024"", ""descricao"": ""Rejeitado o Requerimento. Sim: 125; Não: 297; Total: 422."", ""sim"": 125, ""nao"": 297, ""outros"": 0, ""partidos"": {""AVANTE"": [0, 6, 0], ""CIDADANIA"": [1, 2, 0], ""MDB"": [4, 30, 0], ""MISSÃO"": [1, 0, 0], ""NOVO"": [4, 0, 0], ""PCdoB"": [0, 7, 0], ""PDT"": [0, 15, 0], ""PL"": [71, 5, 0], ""PODE"": [2, 12, 0], ""PP"": [5, 33, 0], ""PRD"": [1, 2, 0], ""PSB"": [0, 14, 0], ""PSD"": [3, 35, 0], ""PSDB"": [1, 11, 0], ""PSOL"": [0, 9, 0], ""PT"": [0, 57, 0], ""PV"": [0, 3, 0], ""REDE"": [0, 4, 0], ""REPUBLICANOS"": [18, 18, 0], ""SOLIDARIEDADE"": [0, 2, 0], ""UNIÃO"": [14, 32, 0]}}, {""id"": ""2462009-57"", ""data"": ""2026-03-18"", ""proposicao"": ""PL 3880/2024"", ""descricao"": ""Rejeitado o Requerimento. Sim: 116; Não: 311; Abstenção: 2; Total: 429."", ""sim"": 116, ""nao"": 311, ""outros"": 2, ""partidos"": {""AVANTE"": [1, 5, 0], ""CIDADANIA"": [1, 2, 0], ""MDB"": [5, 30, 1], ""MISSÃO"": [1, 0, 0], ""NOVO"": [4, 0, 0], ""PCdoB"": [0, 9, 0], ""PDT"": [0, 15, 0], ""PL"": [68, 5, 1], ""PODE"": [2, 11, 0], ""PP"": [7, 26, 0], ""PRD"": [1, 2, 0], ""PSB"": [0, 15, 0], ""PSD"": [7, 36, 0], ""PSDB"": [1, 10, 0], ""PSOL"": [0, 11, 0], ""PT"": [0, 59, 0], ""PV"": [0, 4, 0], ""REDE"": [0, 4, 0], ""REPUBLICANOS"": [6, 34, 0], ""SOLIDARIEDADE"": [0, 3, 0], ""UNIÃO"": [12, 30, 0]}}]}";"{""votacoes"": 0}";1;0;0;Câmara dos Deputados;
LEI;15397;2026;2026-05-04;Nova República;LUIZ INÁCIO LULA DA SILVA;assinatura no fecho do texto da norma;"[{""nome"": ""Kim Kataguiri"", ""tipo"": ""Deputado(a)"", ""partido"": ""MISSÃO"", ""uf"": ""SP"", ""proposicao"": ""PL 3780/2023""}, {""nome"": ""Marcos Pollon"", ""tipo"": ""Deputado(a)"", ""partido"": ""PL"", ""uf"": ""MS"", ""proposicao"": ""PL 3780/2023""}, {""nome"": ""Delegado da Cunha"", ""tipo"": ""Deputado(a)"", ""partido"": ""UNIÃO"", ""uf"": ""SP"", ""proposicao"": ""PL 3780/2023""}]";"{""votacoes"": 12, ""nominais"": 6, ""nominais_lista"": [{""id"": ""2382611-10"", ""data"": ""2023-08-29"", ""proposicao"": ""PL 3780/2023"", ""descricao"": ""Aprovado o Requerimento de Urgência (Art. 155 do RICD). Sim: 337; não: 103; abstenção: 1; total: 441."", ""sim"": 337, ""nao"": 103, ""outros"": 1, ""partidos"": {""AVANTE"": [4, 2, 0], ""CIDADANIA"": [2, 0, 0], ""MDB"": [32, 0, 0], ""NOVO"": [3, 0, 0], ""PATRIOTA"": [4, 0, 0], ""PCdoB"": [1, 6, 0], ""PDT"": [11, 6, 0], ""PL"": [82, 0, 0], ""PODE"": [13, 0, 0], ""PP"": [43, 0, 1], ""PSB"": [6, 8, 0], ""PSD"": [35, 0, 0], ""PSDB"": [12, 0, 0], ""PSOL"": [0, 12, 0], ""PT"": [2, 60, 0], ""PV"": [0, 6, 0], ""REDE"": [0, 1, 0], ""REPUBLICANOS"": [38, 0, 0], ""SOLIDARIEDADE"": [1, 1, 0], ""UNIÃO"": [48, 1, 0]}}, {""id"": ""2376169-62"", ""data"": ""2023-10-31"", ""proposicao"": ""PL 3780/2023"", ""descricao"": ""Aprovada a Subemenda Substitutiva Global ao Projeto de Lei nº 3.780, de 2023, adotada pelo Relator da Comissão de Constituição e Justiça e de Cidadania, ressalvados os destaques. Sim: 269; não: 87; abstenção: 1; total: 357."", ""sim"": 269, ""nao"": 87, ""outros"": 1, ""partidos"": {""AVANTE"": [3, 1, 0], ""CIDADANIA"": [3, 0, 0], ""MDB"": [27, 2, 1], ""NOVO"": [3, 0, 0], ""PATRIOTA"": [4, 0, 0], ""PCdoB"": [0, 6, 0], ""PDT"": [9, 4, 0], ""PL"": [80, 0, 0], ""PODE"": [8, 1, 0], ""PP"": [31, 0, 0], ""PSB"": [2, 8, 0], ""PSD"": [21, 1, 0], ""PSDB"": [9, 0, 0], ""PSOL"": [0, 11, 0], ""PT"": [0, 48, 0], ""PV"": [1, 2, 0], ""REDE"": [0, 1, 0], ""REPUBLICANOS"": [29, 0, 0], ""S.PART."": [1, 0, 0], ""SOLIDARIEDADE"": [2, 1, 0], ""UNIÃO"": [36, 1, 0]}}, {""id"": ""2376169-55"", ""data"": ""2023-10-31"", ""proposicao"": ""PL 3780/2023"", ""descricao"": ""Rejeitado o Requerimento. Sim: 91; não: 253; abstenção: 1; total: 345."", ""sim"": 91, ""nao"": 253, ""outros"": 1, ""partidos"": {""AVANTE"": [1, 2, 0], ""CIDADANIA"": [0, 2, 0], ""MDB"": [2, 24, 1], ""NOVO"": [0, 3, 0], ""PATRIOTA"": [0, 4, 0], ""PCdoB"": [6, 0, 0], ""PDT"": [12, 1, 0], ""PL"": [0, 79, 0], ""PODE"": [0, 9, 0], ""PP"": [0, 29, 0], ""PSB"": [8, 1, 0], ""PSD"": [1, 24, 0], ""PSDB"": [0, 8, 0], ""PSOL"": [11, 0, 0], ""PT"": [46, 2, 0], ""PV"": [1, 0, 0], ""REDE"": [1, 0, 0], ""REPUBLICANOS"": [0, 27, 0], ""S.PART."": [0, 1, 0], ""SOLIDARIEDADE"": [1, 1, 0], ""UNIÃO"": [1, 36, 0]}}, {""id"": ""2376169-46"", ""data"": ""2023-10-31"", ""proposicao"": ""PL 3780/2023"", ""descricao"": ""Rejeitado o Requerimento. Sim: 93; não: 246; total: 339."", ""sim"": 93, ""nao"": 246, ""outros"": 0, ""partidos"": {""AVANTE"": [1, 4, 0], ""CIDADANIA"": [0, 2, 0], ""MDB"": [1, 26, 0], ""NOVO"": [0, 3, 0], ""PATRIOTA"": [0, 4, 0], ""PCdoB"": [7, 0, 0], ""PDT"": [11, 1, 0], ""PL"": [0, 70, 0], ""PODE"": [0, 8, 0], ""PP"": [1, 28, 0], ""PSB"": [8, 2, 0], ""PSD"": [1, 22, 0], ""PSDB"": [0, 8, 0], ""PSOL"": [10, 0, 0], ""PT"": [48, 0, 0], ""PV"": [3, 0, 0], ""REDE"": [1, 0, 0], ""REPUBLICANOS"": [0, 29, 0], ""S.PART."": [0, 1, 0], ""SOLIDARIEDADE"": [1, 1, 0], ""UNIÃO"": [0, 37, 0]}}, {""id"": ""2376169-40"", ""data"": ""2023-10-31"", ""proposicao"": ""PL 3780/2023"", ""descricao"": ""Rejeitado o Requerimento. Sim: 81; não: 234; total: 315."", ""sim"": 81, ""nao"": 234, ""outros"": 0, ""partidos"": {""AVANTE"": [0, 4, 0], ""CIDADANIA"": [0, 2, 0], ""MDB"": [1, 24, 0], ""NOVO"": [0, 3, 0], ""PATRIOTA"": [1, 3, 0], ""PCdoB"": [4, 0, 0], ""PDT"": [6, 3, 0], ""PL"": [1, 67, 0], ""PODE"": [0, 9, 0], ""PP"": [1, 24, 0], ""PSB"": [8, 1, 0], ""PSD"": [1, 23, 0], ""PSDB"": [0, 9, 0], ""PSOL"": [9, 0, 0], ""PT"": [46, 0, 0], ""PV"": [1, 1, 0], ""REDE"": [1, 0, 0], ""REPUBLICANOS"": [0, 24, 0], ""SOLIDARIEDADE"": [0, 3, 0], ""UNIÃO"": [1, 34, 0]}}, {""id"": ""2376169-101"", ""data"": ""2026-03-18"", ""proposicao"": ""PL 3780/2023"", ""descricao"": ""Mantido o texto. Sim: 278; Não: 114; Abstenção: 2; Total: 394."", ""sim"": 278, ""nao"": 114, ""outros"": 2, ""partidos"": {""AVANTE"": [4, 1, 0], ""CIDADANIA"": [1, 2, 0], ""MDB"": [21, 7, 0], ""MISSÃO"": [0, 1, 0], ""NOVO"": [0, 5, 0], ""PCdoB"": [7, 1, 0], ""PDT"": [9, 1, 0], ""PL"": [37, 36, 0], ""PODE"": [9, 2, 1], ""PP"": [15, 20, 0], ""PRD"": [0, 3, 0], ""PSB"": [9, 2, 0], ""PSD"": [26, 7, 1], ""PSDB"": [6, 6, 0], ""PSOL"": [10, 0, 0], ""PT"": [55, 1, 0], ""PV"": [4, 0, 0], ""REDE"": [4, 0, 0], ""REPUBLICANOS"": [31, 5, 0], ""SOLIDARIEDADE"": [1, 1, 0], ""UNIÃO"": [29, 13, 0]}}]}";"{""votacoes"": 0}";2;4;0;Câmara dos Deputados;
LEI;15402;2026;2026-05-08;Nova República;DAVI ALCOLUMBRE;promulgada pelo Presidente do Senado Federal após rejeição de veto (Constituição, art. 66, § 7º), lida no preâmbulo e no fecho;"[{""nome"": ""Marcelo Crivella"", ""tipo"": ""Deputado(a)"", ""partido"": ""REPUBLICANOS"", ""uf"": ""RJ"", ""proposicao"": ""PL 2162/2023""}, {""nome"": ""Jorge Braz"", ""tipo"": ""Deputado(a)"", ""partido"": ""REPUBLICANOS"", ""uf"": ""RJ"", ""proposicao"": ""PL 2162/2023""}, {""nome"": ""Franciane Bayer"", ""tipo"": ""Deputado(a)"", ""partido"": ""REPUBLICANOS"", ""uf"": ""RS"", ""proposicao"": ""PL 2162/2023""}, {""nome"": ""Murilo Galdino"", ""tipo"": ""Deputado(a)"", ""partido"": ""REPUBLICANOS"", ""uf"": ""PB"", ""proposicao"": ""PL 2162/2023""}, {""nome"": ""Milton Vieira"", ""tipo"": ""Deputado(a)"", ""partido"": ""REPUBLICANOS"", ""uf"": ""SP"", ""proposicao"": ""PL 2162/2023""}, {""nome"": ""Márcio Marinho"", ""tipo"": ""Deputado(a)"", ""partido"": ""REPUBLICANOS"", ""uf"": ""BA"", ""proposicao"": ""PL 2162/2023""}, {""nome"": ""Rogéria Santos"", ""tipo"": ""Deputado(a)"", ""partido"": ""REPUBLICANOS"", ""uf"": ""BA"", ""proposicao"": ""PL 2162/2023""}, {""nome"": ""Carlos Gomes"", ""tipo"": ""Deputado(a)"", ""partido"": ""REPUBLICANOS"", ""uf"": ""RS"", ""proposicao"": ""PL 2162/2023""}, {""nome"": ""Alexandre Guimarães"", ""tipo"": ""Deputado(a)"", ""partido"": ""MDB"", ""uf"": ""TO"", ""proposicao"": ""PL 2162/2023""}, {""nome"": ""Amaro Neto"", ""tipo"": ""Deputado(a)"", ""partido"": ""PP"", ""uf"": ""ES"", ""proposicao"": ""PL 2162/2023""}, {""nome"": ""Tenente Coronel Zucco"", ""tipo"": ""Deputado(a)"", ""partido"": ""PL"", ""uf"": ""RS"", ""proposicao"": ""PL 2162/2023""}, {""nome"": ""Roberto Duarte"", ""tipo"": ""Deputado(a)"", ""partido"": ""REPUBLICANOS"", ""uf"": ""AC"", ""proposicao"": ""PL 2162/2023""}, {""nome"": ""Defensor Stélio Dener"", ""tipo"": ""Deputado(a)"", ""partido"": ""UNIÃO"", ""uf"": ""RR"", ""proposicao"": ""PL 2162/2023""}, {""nome"": ""Aluisio Mendes"", ""tipo"": ""Deputado(a)"", ""partido"": ""REPUBLICANOS"", ""uf"": ""MA"", ""proposicao"": ""PL 2162/2023""}, {""nome"": ""Lafayette de Andrada"", ""tipo"": ""Deputado(a)"", ""partido"": ""PL"", ""uf"": ""MG"", ""proposicao"": ""PL 2162/2023""}, {""nome"": ""Wilson Santiago"", ""tipo"": ""Deputado(a)"", ""partido"": ""REPUBLICANOS"", ""uf"": ""PB"", ""proposicao"": ""PL 2162/2023""}, {""nome"": ""Luis Carlos Gomes"", ""tipo"": ""Deputado(a)"", ""partido"": ""REPUBLICANOS"", ""uf"": ""RJ"", ""proposicao"": ""PL 2162/2023""}, {""nome"": ""Gustinho Ribeiro"", ""tipo"": ""Deputado(a)"", ""partido"": ""PP"", ""uf"": ""SE"", ""proposicao"": ""PL 2162/2023""}, {""nome"": ""Messias Donato"", ""tipo"": ""Deputado(a)"", ""partido"": ""UNIÃO"", ""uf"": ""ES"", ""proposicao"": ""PL 2162/2023""}, {""nome"": ""Alex Santana"", ""tipo"": ""Deputado(a)"", ""partido"": ""REPUBLICANOS"", ""uf"": ""BA"", ""proposicao"": ""PL 2162/2023""}, {""nome"": ""Vinicius Carvalho"", ""tipo"": ""Deputado(a)"", ""partido"": ""PL"", ""uf"": ""SP"", ""proposicao"": ""PL 2162/2023""}, {""nome"": ""Diego Garcia"", ""tipo"": ""Deputado(a)"", ""partido"": ""UNIÃO"", ""uf"": ""PR"", ""proposicao"": ""PL 2162/2023""}, {""nome"": ""Gilberto Abramo"", ""tipo"": ""Deputado(a)"", ""partido"": ""REPUBLICANOS"", ""uf"": ""MG"", ""proposicao"": ""PL 2162/2023""}, {""nome"": ""Antonio Andrade"", ""tipo"": ""Deputado(a)"", ""partido"": ""PSDB"", ""uf"": ""TO"", ""proposicao"": ""PL 2162/2023""}, {""nome"": ""Maria Rosas"", ""tipo"": ""Deputado(a)"", ""partido"": ""REPUBLICANOS"", ""uf"": ""SP"", ""proposicao"": ""PL 2162/2023""}, {""nome"": ""Sóstenes Cavalcante"", ""tipo"": ""Deputado(a)"", ""partido"": ""PL"", ""uf"": ""RJ"", ""proposicao"": ""PL 2162/2023""}, {""nome"": ""Domingos Sávio"", ""tipo"": ""Deputado(a)"", ""partido"": ""PSDB"", ""uf"": ""MG"", ""proposicao"": ""PL 2162/2023""}, {""nome"": ""Fred Linhares"", ""tipo"": ""Deputado(a)"", ""partido"": ""REPUBLICANOS"", ""uf"": ""DF"", ""proposicao"": ""PL 2162/2023""}, {""nome"": ""Coronel Meira"", ""tipo"": ""Deputado(a)"", ""partido"": ""PL"", ""uf"": ""PE"", ""proposicao"": ""PL 2162/2023""}, {""nome"": ""Gabriel Mota"", ""tipo"": ""Deputado(a)"", ""partido"": ""UNIÃO"", ""uf"": ""RR"", ""proposicao"": ""PL 2162/2023""}, {""nome"": ""Adilson Barroso"", ""tipo"": ""Deputado(a)"", ""partido"": ""PL"", ""uf"": ""SP"", ""proposicao"": ""PL 2162/2023""}]";"{""votacoes"": 15, ""nominais"": 9, ""nominais_lista"": [{""id"": ""2562149-7"", ""data"": ""2025-09-17"", ""proposicao"": ""PL 2162/2023"", ""descricao"": ""Aprovado o Requerimento de Urgência (Art. 155 do RICD). Sim: 311; Não: 163; Abstenção: 7; Total: 481."", ""sim"": 311, ""nao"": 163, ""outros"": 7, ""partidos"": {""AVANTE"": [6, 0, 0], ""CIDADANIA"": [3, 0, 0], ""MDB"": [21, 14, 2], ""NOVO"": [5, 0, 0], ""PCdoB"": [0, 9, 0], ""PDT"": [0, 13, 0], ""PL"": [85, 0, 0], ""PODE"": [12, 2, 3], ""PP"": [43, 6, 0], ""PRD"": [5, 0, 0], ""PSB"": [0, 12, 0], ""PSD"": [28, 12, 0], ""PSDB"": [10, 2, 0], ""PSOL"": [0, 14, 0], ""PT"": [0, 66, 0], ""PV"": [0, 4, 0], ""REDE"": [0, 1, 0], ""REPUBLICANOS"": [40, 1, 1], ""SOLIDARIEDADE"": [4, 1, 0], ""UNIÃO"": [49, 6, 1]}}, {""id"": ""2358548-98"", ""data"": ""2025-12-09"", ""proposicao"": ""PL 2162/2023"", ""descricao"": ""Aprovada a Redação Final assinada pelo relator, Dep. Paulinho da Força (SOLIDARIEDADE/SP). Sim: 235; Não: 25; Abstenção: 3; Total: 263."", ""sim"": 235, ""nao"": 25, ""outros"": 64, ""partidos"": {""AVANTE"": [5, 1, 0], ""CIDADANIA"": [1, 0, 0], ""MDB"": [15, 1, 0], ""NOVO"": [4, 0, 0], ""PCdoB"": [0, 6, 3], ""PDT"": [1, 0, 3], ""PL"": [74, 0, 0], ""PODE"": [11, 0, 1], ""PP"": [24, 1, 0], ""PRD"": [3, 0, 0], ""PSB"": [0, 2, 1], ""PSD"": [21, 3, 0], ""PSDB"": [6, 1, 1], ""PSOL"": [0, 2, 7], ""PT"": [0, 5, 43], ""PV"": [0, 0, 1], ""REDE"": [0, 0, 3], ""REPUBLICANOS"": [29, 1, 0], ""SOLIDARIEDADE"": [2, 1, 0], ""UNIÃO"": [39, 1, 1]}}, {""id"": ""2358548-93"", ""data"": ""2025-12-09"", ""proposicao"": ""PL 2162/2023"", ""descricao"": ""Mantido o texto. Sim: 229; Não: 26; Abstenção: 3; Total: 258."", ""sim"": 229, ""nao"": 26, ""outros"": 69, ""partidos"": {""AVANTE"": [5, 0, 0], ""CIDADANIA"": [1, 0, 0], ""MDB"": [15, 2, 0], ""NOVO"": [5, 0, 0], ""PCdoB"": [0, 8, 0], ""PDT"": [0, 0, 4], ""PL"": [70, 0, 0], ""PODE"": [12, 0, 1], ""PP"": [25, 1, 0], ""PRD"": [3, 0, 0], ""PSB"": [0, 2, 6], ""PSD"": [20, 6, 0], ""PSDB"": [7, 1, 1], ""PSOL"": [0, 1, 7], ""PT"": [0, 1, 46], ""PV"": [0, 0, 1], ""REDE"": [0, 0, 2], ""REPUBLICANOS"": [27, 2, 0], ""SOLIDARIEDADE"": [3, 1, 0], ""UNIÃO"": [36, 1, 1]}}, {""id"": ""2358548-90"", ""data"": ""2025-12-09"", ""proposicao"": ""PL 2162/2023"", ""descricao"": ""Mantido o texto. Sim: 230; Não: 34; Abstenção: 4; Total: 268."", ""sim"": 230, ""nao"": 34, ""outros"": 59, ""partidos"": {""AVANTE"": [5, 1, 0], ""CIDADANIA"": [1, 1, 0], ""MDB"": [16, 2, 0], ""NOVO"": [4, 0, 0], ""PCdoB"": [0, 5, 1], ""PDT"": [0, 1, 3], ""PL"": [69, 0, 0], ""PODE"": [11, 0, 0], ""PP"": [26, 0, 0], ""PRD"": [3, 0, 0], ""PSB"": [0, 0, 4], ""PSD"": [19, 5, 1], ""PSDB"": [9, 0, 1], ""PSOL"": [0, 0, 9], ""PT"": [0, 14, 33], ""PV"": [0, 0, 3], ""REDE"": [0, 0, 3], ""REPUBLICANOS"": [29, 0, 1], ""SOLIDARIEDADE"": [2, 1, 0], ""UNIÃO"": [36, 4, 0]}}, {""id"": ""2358548-89"", ""data"": ""2025-12-09"", ""proposicao"": ""PL 2162/2023"", ""descricao"": ""Aprovado o Substitutivo ao Projeto de Lei nº 2.162, de 2023, adotado pelo relator da Comissão Especial, ressalvados os destaques. Sim: 291; Não: 148; Abstenção: 1; Total: 440."", ""sim"": 291, ""nao"": 148, ""outros"": 1, ""partidos"": {""AVANTE"": [6, 1, 0], ""CIDADANIA"": [3, 0, 0], ""MDB"": [25, 5, 0], ""NOVO"": [5, 0, 0], ""PCdoB"": [0, 9, 0], ""PDT"": [1, 13, 0], ""PL"": [75, 1, 0], ""PODE"": [14, 1, 0], ""PP"": [39, 2, 0], ""PRD"": [5, 0, 0], ""PSB"": [1, 12, 0], ""PSD"": [24, 12, 1], ""PSDB"": [10, 2, 0], ""PSOL"": [0, 12, 0], ""PT"": [0, 65, 0], ""PV"": [0, 3, 0], ""REDE"": [0, 3, 0], ""REPUBLICANOS"": [32, 2, 0], ""SOLIDARIEDADE"": [4, 1, 0], ""UNIÃO"": [47, 4, 0]}}, {""id"": ""2358548-86"", ""data"": ""2025-12-09"", ""proposicao"": ""PL 2162/2023"", ""descricao"": ""Mantido o texto. Sim: 208; Não: 121; Total: 329."", ""sim"": 208, ""nao"": 121, ""outros"": 0, ""partidos"": {""AVANTE"": [3, 1, 0], ""CIDADANIA"": [1, 0, 0], ""MDB"": [13, 3, 0], ""NOVO"": [3, 0, 0], ""PCdoB"": [0, 9, 0], ""PDT"": [1, 11, 0], ""PL"": [63, 0, 0], ""PODE"": [8, 1, 0], ""PP"": [27, 1, 0], ""PRD"": [4, 0, 0], ""PSB"": [0, 8, 0], ""PSD"": [20, 10, 0], ""PSDB"": [4, 4, 0], ""PSOL"": [0, 8, 0], ""PT"": [0, 50, 0], ""PV"": [0, 3, 0], ""REDE"": [0, 3, 0], ""REPUBLICANOS"": [28, 2, 0], ""SOLIDARIEDADE"": [2, 0, 0], ""UNIÃO"": [31, 7, 0]}}, {""id"": ""2358548-81"", ""data"": ""2025-12-09"", ""proposicao"": ""PL 2162/2023"", ""descricao"": ""Mantido o texto. Sim: 218; Não: 136; Abstenção: 1; Total: 355."", ""sim"": 218, ""nao"": 136, ""outros"": 1, ""partidos"": {""AVANTE"": [4, 1, 0], ""CIDADANIA"": [1, 0, 0], ""MDB"": [20, 5, 0], ""NOVO"": [5, 0, 0], ""PCdoB"": [0, 8, 0], ""PDT"": [1, 12, 0], ""PL"": [65, 2, 0], ""PODE"": [8, 2, 0], ""PP"": [30, 1, 0], ""PRD"": [3, 0, 0], ""PSB"": [0, 10, 0], ""PSD"": [16, 14, 0], ""PSDB"": [5, 4, 0], ""PSOL"": [0, 9, 0], ""PT"": [1, 50, 1], ""PV"": [0, 3, 0], ""REDE"": [0, 3, 0], ""REPUBLICANOS"": [24, 2, 0], ""SOLIDARIEDADE"": [2, 0, 0], ""UNIÃO"": [33, 10, 0]}}, {""id"": ""2358548-55"", ""data"": ""2025-12-09"", ""proposicao"": ""PL 2162/2023"", ""descricao"": ""Rejeitado o Requerimento. Sim: 147; Não: 287; Total: 434."", ""sim"": 147, ""nao"": 287, ""outros"": 0, ""partidos"": {""AVANTE"": [1, 5, 0], ""CIDADANIA"": [0, 3, 0], ""MDB"": [5, 26, 0], ""NOVO"": [0, 5, 0], ""PCdoB"": [9, 0, 0], ""PDT"": [10, 1, 0], ""PL"": [1, 75, 0], ""PODE"": [1, 13, 0], ""PP"": [3, 37, 0], ""PRD"": [0, 4, 0], ""PSB"": [13, 0, 0], ""PSD"": [14, 23, 0], ""PSDB"": [3, 10, 0], ""PSOL"": [12, 0, 0], ""PT"": [62, 0, 0], ""PV"": [3, 0, 0], ""REDE"": [3, 0, 0], ""REPUBLICANOS"": [2, 34, 0], ""SOLIDARIEDADE"": [1, 4, 0], ""UNIÃO"": [4, 47, 0]}}, {""id"": ""2358548-51"", ""data"": ""2025-12-09"", ""proposicao"": ""PL 2162/2023"", ""descricao"": ""Rejeitado o Requerimento. Sim: 146; Não: 294; Total: 440."", ""sim"": 146, ""nao"": 294, ""outros"": 0, ""partidos"": {""AVANTE"": [3, 4, 0], ""CIDADANIA"": [0, 3, 0], ""MDB"": [5, 27, 0], ""NOVO"": [0, 5, 0], ""PCdoB"": [9, 0, 0], ""PDT"": [13, 1, 0], ""PL"": [1, 76, 0], ""PODE"": [3, 10, 0], ""PP"": [2, 40, 0], ""PRD"": [0, 4, 0], ""PSB"": [11, 1, 0], ""PSD"": [13, 27, 0], ""PSDB"": [3, 10, 0], ""PSOL"": [11, 0, 0], ""PT"": [59, 0, 0], ""PV"": [2, 0, 0], ""REDE"": [3, 0, 0], ""REPUBLICANOS"": [3, 35, 0], ""SOLIDARIEDADE"": [1, 4, 0], ""UNIÃO"": [4, 47, 0]}}]}";"{""votacoes"": 1, ""nominais_lista"": [{""data"": ""2025-12-17"", ""proposicao"": ""PL 2162/2023"", ""descricao"": ""Votação nominal do Projeto de Lei nº 2.162, de 2023, nos termos do parecer. Resultado: Aprovado"", ""sim"": 48, ""nao"": 25, ""outros"": 8, ""partidos"": {""REPUBLICANOS"": [5, 0, 0], ""MDB"": [2, 7, 1], ""PDT"": [0, 2, 1], ""PSD"": [6, 5, 3], ""PL"": [15, 0, 0], ""PT"": [0, 9, 0], ""PODEMOS"": [2, 1, 1], ""PSB"": [4, 0, 0], ""PP"": [5, 1, 1], ""UNIÃO"": [4, 0, 1], ""NOVO"": [1, 0, 0], ""S/Partido"": [1, 0, 0], ""PSDB"": [3, 0, 0]}}]}";0;0;0;Câmara dos Deputados;promulgacao_senado
LEI;15425;2026;2026-06-08;Nova República;LUIZ INÁCIO LULA DA SILVA;assinatura no fecho do texto da norma;"[{""nome"": ""Guilherme Campos"", ""tipo"": ""Deputado(a)"", ""partido"": ""PSD"", ""uf"": ""SP"", ""proposicao"": ""PL 7323/2014""}]";"{""votacoes"": 4, ""nominais"": 0}";"{""votacoes"": 0}";0;0;0;Câmara dos Deputados;
LEI;15438;2026;2026-06-19;Nova República;LUIZ INÁCIO LULA DA SILVA;assinatura no fecho do texto da norma;"[{""nome"": ""Laura Carneiro"", ""tipo"": ""Deputado(a)"", ""partido"": ""UNIÃO"", ""uf"": ""RJ"", ""proposicao"": ""PL 421/2023""}]";"{""votacoes"": 3, ""nominais"": 0}";"{""votacoes"": 0}";0;0;0;Câmara dos Deputados;
LEI;15455;2026;2026-07-02;Nova República;LUIZ INÁCIO LULA DA SILVA;assinatura no fecho do texto da norma;"[{""nome"": ""Reimont"", ""tipo"": ""Deputado(a)"", ""partido"": ""PT"", ""uf"": ""RJ"", ""proposicao"": ""PL 5760/2023""}]";"{""votacoes"": 8, ""nominais"": 0}";"{""votacoes"": 0}";0;0;0;Câmara dos Deputados;
LEI;15487;2026;2026-08-07;Nova República;LUIZ INÁCIO LULA DA SILVA;assinatura no fecho do texto da norma;"[{""nome"": ""Osmar Terra"", ""tipo"": ""Deputado(a)"", ""partido"": ""PL"", ""uf"": ""RS"", ""proposicao"": ""PL 3066/2025""}]";"{""votacoes"": 5, ""nominais"": 0}";"{""votacoes"": 0}";0;0;0;Câmara dos Deputados;
