chave;valor
gerado_por;apurar_ranking_e_mapa_por_uf.py
data;2026-09-22
fonte;BRASIL. Ministério da Saúde. DATASUS. Sistema de Informações sobre Mortalidade. Óbitos por agressão (CID-10 X85 a Y09) e por intervenção legal (Y35 a Y36), por Unidade da Federação. Coletado em 21/09/2026.
identidade_provada_antes_de_usar.o_que_se_provou;a soma das agressões com as intervenções legais, no total nacional, reproduz a série 328 do Atlas da Violência
identidade_provada_antes_de_usar.anos_conferidos;29
identidade_provada_antes_de_usar.de;1996
identidade_provada_antes_de_usar.ate;2024
identidade_provada_antes_de_usar.divergencias;0
janela.de;1996
janela.ate;2024
janela.por_que_para_aqui;2025 e 2026 ainda recebem registro no SIM: 2026 traz 11.022 óbitos contra 42.590 de 2024
ano_sem_taxa.ano;2023
ano_sem_taxa.motivo;o DATASUS repete a população de 2022 nas 27 Unidades da Federação, e repetição não é estimativa
fonte_da_populacao_por_ano.1980;DATASUS, popuf
fonte_da_populacao_por_ano.1981;DATASUS, popuf
fonte_da_populacao_por_ano.1982;DATASUS, popuf
fonte_da_populacao_por_ano.1983;DATASUS, popuf
fonte_da_populacao_por_ano.1984;DATASUS, popuf
fonte_da_populacao_por_ano.1985;DATASUS, popuf
fonte_da_populacao_por_ano.1986;DATASUS, popuf
fonte_da_populacao_por_ano.1987;DATASUS, popuf
fonte_da_populacao_por_ano.1988;DATASUS, popuf
fonte_da_populacao_por_ano.1989;DATASUS, popuf
fonte_da_populacao_por_ano.1990;DATASUS, popuf
fonte_da_populacao_por_ano.1991;DATASUS, popuf
fonte_da_populacao_por_ano.1992;DATASUS, popuf
fonte_da_populacao_por_ano.1993;DATASUS, popuf
fonte_da_populacao_por_ano.1994;DATASUS, popuf
fonte_da_populacao_por_ano.1995;DATASUS, popuf
fonte_da_populacao_por_ano.1996;DATASUS, popuf
fonte_da_populacao_por_ano.1997;DATASUS, popuf
fonte_da_populacao_por_ano.1998;DATASUS, popuf
fonte_da_populacao_por_ano.1999;DATASUS, popuf
fonte_da_populacao_por_ano.2000;DATASUS, popuf
fonte_da_populacao_por_ano.2001;DATASUS, popuf
fonte_da_populacao_por_ano.2002;DATASUS, popuf
fonte_da_populacao_por_ano.2003;DATASUS, popuf
fonte_da_populacao_por_ano.2004;DATASUS, popuf
fonte_da_populacao_por_ano.2005;DATASUS, popuf
fonte_da_populacao_por_ano.2006;DATASUS, popuf
fonte_da_populacao_por_ano.2007;DATASUS, popuf
fonte_da_populacao_por_ano.2008;DATASUS, popuf
fonte_da_populacao_por_ano.2009;DATASUS, popuf
fonte_da_populacao_por_ano.2010;DATASUS, popuf
fonte_da_populacao_por_ano.2011;DATASUS, popuf
fonte_da_populacao_por_ano.2012;DATASUS, popuf
fonte_da_populacao_por_ano.2013;IBGE, SIDRA 6579
fonte_da_populacao_por_ano.2014;IBGE, SIDRA 6579
fonte_da_populacao_por_ano.2015;IBGE, SIDRA 6579
fonte_da_populacao_por_ano.2016;IBGE, SIDRA 6579
fonte_da_populacao_por_ano.2017;IBGE, SIDRA 6579
fonte_da_populacao_por_ano.2018;IBGE, SIDRA 6579
fonte_da_populacao_por_ano.2019;IBGE, SIDRA 6579
fonte_da_populacao_por_ano.2020;IBGE, SIDRA 6579
fonte_da_populacao_por_ano.2021;IBGE, SIDRA 6579
fonte_da_populacao_por_ano.2022;Censo 2022, pelo DATASUS poptbr
fonte_da_populacao_por_ano.2024;IBGE, SIDRA 6579
fonte_da_populacao_por_ano.2025;IBGE, SIDRA 6579
fonte_da_populacao_por_ano.2026;IBGE, SIDRA 6579
brasil.1996.mortes;38929
brasil.1996.populacao;157070163
brasil.1996.taxa_por_cem_mil;24.78
brasil.1997.mortes;40531
brasil.1997.populacao;159636297
brasil.1997.taxa_por_cem_mil;25.39
brasil.1998.mortes;41974
brasil.1998.populacao;161790182
brasil.1998.taxa_por_cem_mil;25.94
brasil.1999.mortes;42947
brasil.1999.populacao;163947436
brasil.1999.taxa_por_cem_mil;26.2
brasil.2000.mortes;45433
brasil.2000.populacao;169799170
brasil.2000.taxa_por_cem_mil;26.76
brasil.2001.mortes;48032
brasil.2001.populacao;172385776
brasil.2001.taxa_por_cem_mil;27.86
brasil.2002.mortes;49816
brasil.2002.populacao;174632932
brasil.2002.taxa_por_cem_mil;28.53
brasil.2003.mortes;51534
brasil.2003.populacao;176876251
brasil.2003.taxa_por_cem_mil;29.14
brasil.2004.mortes;48909
brasil.2004.populacao;179108134
brasil.2004.taxa_por_cem_mil;27.31
brasil.2005.mortes;48136
brasil.2005.populacao;184184074
brasil.2005.taxa_por_cem_mil;26.13
brasil.2006.mortes;49704
brasil.2006.populacao;186770613
brasil.2006.taxa_por_cem_mil;26.61
brasil.2007.mortes;48219
brasil.2007.populacao;189335191
brasil.2007.taxa_por_cem_mil;25.47
brasil.2008.mortes;50659
brasil.2008.populacao;189612814
brasil.2008.taxa_por_cem_mil;26.72
brasil.2009.mortes;52043
brasil.2009.populacao;191481045
brasil.2009.taxa_por_cem_mil;27.18
brasil.2010.mortes;53016
brasil.2010.populacao;190755799
brasil.2010.taxa_por_cem_mil;27.79
brasil.2011.mortes;52807
brasil.2011.populacao;192379287
brasil.2011.taxa_por_cem_mil;27.45
brasil.2012.mortes;57045
brasil.2012.populacao;193976530
brasil.2012.taxa_por_cem_mil;29.41
brasil.2013.mortes;57396
brasil.2013.populacao;201032714
brasil.2013.taxa_por_cem_mil;28.55
brasil.2014.mortes;60474
brasil.2014.populacao;202768562
brasil.2014.taxa_por_cem_mil;29.82
brasil.2015.mortes;59080
brasil.2015.populacao;204450049
brasil.2015.taxa_por_cem_mil;28.9
brasil.2016.mortes;62517
brasil.2016.populacao;206081432
brasil.2016.taxa_por_cem_mil;30.34
brasil.2017.mortes;65602
brasil.2017.populacao;207660929
brasil.2017.taxa_por_cem_mil;31.59
brasil.2018.mortes;57956
brasil.2018.populacao;208494900
brasil.2018.taxa_por_cem_mil;27.8
brasil.2019.mortes;45503
brasil.2019.populacao;210147125
brasil.2019.taxa_por_cem_mil;21.65
brasil.2020.mortes;49868
brasil.2020.populacao;211755692
brasil.2020.taxa_por_cem_mil;23.55
brasil.2021.mortes;47847
brasil.2021.populacao;213317639
brasil.2021.taxa_por_cem_mil;22.43
brasil.2022.mortes;46409
brasil.2022.populacao;203080756
brasil.2022.taxa_por_cem_mil;22.85
brasil.2024.mortes;42590
brasil.2024.populacao;212583750
brasil.2024.taxa_por_cem_mil;20.03
quantas_caem_e_quantas_sobem.caem;11
quantas_caem_e_quantas_sobem.sobem;16
quantas_caem_e_quantas_sobem.de;1996
quantas_caem_e_quantas_sobem.ate;2024
mediana_da_variacao_em_pontos;3.84
mapa_por_uf.AP.posicao;1
mapa_por_uf.AP.taxa_no_ultimo_ano;45.21
mapa_por_uf.AP.variacao_em_pontos;3.84
mapa_por_uf.AP.acima_do_brasil_no_ultimo_ano;True
mapa_por_uf.BA.posicao;2
mapa_por_uf.BA.taxa_no_ultimo_ano;40.81
mapa_por_uf.BA.variacao_em_pontos;25.8
mapa_por_uf.BA.acima_do_brasil_no_ultimo_ano;True
mapa_por_uf.PE.posicao;3
mapa_por_uf.PE.taxa_no_ultimo_ano;37.05
mapa_por_uf.PE.variacao_em_pontos;-3.79
mapa_por_uf.PE.acima_do_brasil_no_ultimo_ano;True
mapa_por_uf.AL.posicao;4
mapa_por_uf.AL.taxa_no_ultimo_ano;35.78
mapa_por_uf.AL.variacao_em_pontos;7.64
mapa_por_uf.AL.acima_do_brasil_no_ultimo_ano;True
mapa_por_uf.CE.posicao;5
mapa_por_uf.CE.taxa_no_ultimo_ano;34.26
mapa_por_uf.CE.variacao_em_pontos;21.26
mapa_por_uf.CE.acima_do_brasil_no_ultimo_ano;True
mapa_por_uf.AM.posicao;6
mapa_por_uf.AM.taxa_no_ultimo_ano;30.97
mapa_por_uf.AM.variacao_em_pontos;12.14
mapa_por_uf.AM.acima_do_brasil_no_ultimo_ano;True
mapa_por_uf.MA.posicao;7
mapa_por_uf.MA.taxa_no_ultimo_ano;30.91
mapa_por_uf.MA.variacao_em_pontos;23.96
mapa_por_uf.MA.acima_do_brasil_no_ultimo_ano;True
mapa_por_uf.RO.posicao;8
mapa_por_uf.RO.taxa_no_ultimo_ano;30.06
mapa_por_uf.RO.variacao_em_pontos;5.57
mapa_por_uf.RO.acima_do_brasil_no_ultimo_ano;True
mapa_por_uf.MT.posicao;9
mapa_por_uf.MT.taxa_no_ultimo_ano;28.72
mapa_por_uf.MT.variacao_em_pontos;-0.8
mapa_por_uf.MT.acima_do_brasil_no_ultimo_ano;True
mapa_por_uf.PA.posicao;10
mapa_por_uf.PA.taxa_no_ultimo_ano;27.28
mapa_por_uf.PA.variacao_em_pontos;14.58
mapa_por_uf.PA.acima_do_brasil_no_ultimo_ano;True
mapa_por_uf.ES.posicao;11
mapa_por_uf.ES.taxa_no_ultimo_ano;25.94
mapa_por_uf.ES.variacao_em_pontos;-16.55
mapa_por_uf.ES.acima_do_brasil_no_ultimo_ano;True
mapa_por_uf.PB.posicao;12
mapa_por_uf.PB.taxa_no_ultimo_ano;25.52
mapa_por_uf.PB.variacao_em_pontos;6.28
mapa_por_uf.PB.acima_do_brasil_no_ultimo_ano;True
mapa_por_uf.RR.posicao;13
mapa_por_uf.RR.taxa_no_ultimo_ano;24.27
mapa_por_uf.RR.variacao_em_pontos;-19.03
mapa_por_uf.RR.acima_do_brasil_no_ultimo_ano;True
mapa_por_uf.RN.posicao;14
mapa_por_uf.RN.taxa_no_ultimo_ano;23.48
mapa_por_uf.RN.variacao_em_pontos;14.06
mapa_por_uf.RN.acima_do_brasil_no_ultimo_ano;True
mapa_por_uf.SE.posicao;15
mapa_por_uf.SE.taxa_no_ultimo_ano;22.96
mapa_por_uf.SE.variacao_em_pontos;8.31
mapa_por_uf.SE.acima_do_brasil_no_ultimo_ano;True
mapa_por_uf.PI.posicao;16
mapa_por_uf.PI.taxa_no_ultimo_ano;20.65
mapa_por_uf.PI.variacao_em_pontos;16.27
mapa_por_uf.PI.acima_do_brasil_no_ultimo_ano;True
mapa_por_uf.RJ.posicao;17
mapa_por_uf.RJ.taxa_no_ultimo_ano;20.44
mapa_por_uf.RJ.variacao_em_pontos;-39.49
mapa_por_uf.RJ.acima_do_brasil_no_ultimo_ano;True
mapa_por_uf.AC.posicao;18
mapa_por_uf.AC.taxa_no_ultimo_ano;19.76
mapa_por_uf.AC.variacao_em_pontos;-1.75
mapa_por_uf.AC.acima_do_brasil_no_ultimo_ano;False
mapa_por_uf.TO.posicao;19
mapa_por_uf.TO.taxa_no_ultimo_ano;19.59
mapa_por_uf.TO.variacao_em_pontos;7.57
mapa_por_uf.TO.acima_do_brasil_no_ultimo_ano;False
mapa_por_uf.PR.posicao;20
mapa_por_uf.PR.taxa_no_ultimo_ano;18.55
mapa_por_uf.PR.variacao_em_pontos;3.23
mapa_por_uf.PR.acima_do_brasil_no_ultimo_ano;False
mapa_por_uf.GO.posicao;21
mapa_por_uf.GO.taxa_no_ultimo_ano;18.42
mapa_por_uf.GO.variacao_em_pontos;1.1
mapa_por_uf.GO.acima_do_brasil_no_ultimo_ano;False
mapa_por_uf.MS.posicao;22
mapa_por_uf.MS.taxa_no_ultimo_ano;17.88
mapa_por_uf.MS.variacao_em_pontos;-19.57
mapa_por_uf.MS.acima_do_brasil_no_ultimo_ano;False
mapa_por_uf.RS.posicao;23
mapa_por_uf.RS.taxa_no_ultimo_ano;15.15
mapa_por_uf.RS.variacao_em_pontos;-0.23
mapa_por_uf.RS.acima_do_brasil_no_ultimo_ano;False
mapa_por_uf.MG.posicao;24
mapa_por_uf.MG.taxa_no_ultimo_ano;12.81
mapa_por_uf.MG.variacao_em_pontos;5.25
mapa_por_uf.MG.acima_do_brasil_no_ultimo_ano;False
mapa_por_uf.DF.posicao;25
mapa_por_uf.DF.taxa_no_ultimo_ano;10.33
mapa_por_uf.DF.variacao_em_pontos;-23.43
mapa_por_uf.DF.acima_do_brasil_no_ultimo_ano;False
mapa_por_uf.SC.posicao;26
mapa_por_uf.SC.taxa_no_ultimo_ano;8.12
mapa_por_uf.SC.variacao_em_pontos;-0.33
mapa_por_uf.SC.acima_do_brasil_no_ultimo_ano;False
mapa_por_uf.SP.posicao;27
mapa_por_uf.SP.taxa_no_ultimo_ano;6.61
mapa_por_uf.SP.variacao_em_pontos;-29.5
mapa_por_uf.SP.acima_do_brasil_no_ultimo_ano;False
serie_por_uf_cid10.AC.1996.mortes;104
serie_por_uf_cid10.AC.1996.populacao;483593
serie_por_uf_cid10.AC.1996.taxa_por_cem_mil;21.51
serie_por_uf_cid10.AC.1997.mortes;100
serie_por_uf_cid10.AC.1997.populacao;500198
serie_por_uf_cid10.AC.1997.taxa_por_cem_mil;19.99
serie_por_uf_cid10.AC.1998.mortes;110
serie_por_uf_cid10.AC.1998.populacao;514059
serie_por_uf_cid10.AC.1998.taxa_por_cem_mil;21.4
serie_por_uf_cid10.AC.1999.mortes;51
serie_por_uf_cid10.AC.1999.populacao;527926
serie_por_uf_cid10.AC.1999.taxa_por_cem_mil;9.66
serie_por_uf_cid10.AC.2000.mortes;106
serie_por_uf_cid10.AC.2000.populacao;557526
serie_por_uf_cid10.AC.2000.taxa_por_cem_mil;19.01
serie_por_uf_cid10.AC.2001.mortes;121
serie_por_uf_cid10.AC.2001.populacao;574366
serie_por_uf_cid10.AC.2001.taxa_por_cem_mil;21.07
serie_por_uf_cid10.AC.2002.mortes;151
serie_por_uf_cid10.AC.2002.populacao;586945
serie_por_uf_cid10.AC.2002.taxa_por_cem_mil;25.73
serie_por_uf_cid10.AC.2003.mortes;147
serie_por_uf_cid10.AC.2003.populacao;600607
serie_por_uf_cid10.AC.2003.taxa_por_cem_mil;24.48
serie_por_uf_cid10.AC.2004.mortes;114
serie_por_uf_cid10.AC.2004.populacao;614205
serie_por_uf_cid10.AC.2004.taxa_por_cem_mil;18.56
serie_por_uf_cid10.AC.2005.mortes;124
serie_por_uf_cid10.AC.2005.populacao;669737
serie_por_uf_cid10.AC.2005.taxa_por_cem_mil;18.51
serie_por_uf_cid10.AC.2006.mortes;158
serie_por_uf_cid10.AC.2006.populacao;686650
serie_por_uf_cid10.AC.2006.taxa_por_cem_mil;23.01
serie_por_uf_cid10.AC.2007.mortes;137
serie_por_uf_cid10.AC.2007.populacao;703447
serie_por_uf_cid10.AC.2007.taxa_por_cem_mil;19.48
serie_por_uf_cid10.AC.2008.mortes;133
serie_por_uf_cid10.AC.2008.populacao;680073
serie_por_uf_cid10.AC.2008.taxa_por_cem_mil;19.56
serie_por_uf_cid10.AC.2009.mortes;153
serie_por_uf_cid10.AC.2009.populacao;691169
serie_por_uf_cid10.AC.2009.taxa_por_cem_mil;22.14
serie_por_uf_cid10.AC.2010.mortes;165
serie_por_uf_cid10.AC.2010.populacao;733559
serie_por_uf_cid10.AC.2010.taxa_por_cem_mil;22.49
serie_por_uf_cid10.AC.2011.mortes;164
serie_por_uf_cid10.AC.2011.populacao;746386
serie_por_uf_cid10.AC.2011.taxa_por_cem_mil;21.97
serie_por_uf_cid10.AC.2012.mortes;208
serie_por_uf_cid10.AC.2012.populacao;758786
serie_por_uf_cid10.AC.2012.taxa_por_cem_mil;27.41
serie_por_uf_cid10.AC.2013.mortes;234
serie_por_uf_cid10.AC.2013.populacao;776463
serie_por_uf_cid10.AC.2013.taxa_por_cem_mil;30.14
serie_por_uf_cid10.AC.2014.mortes;232
serie_por_uf_cid10.AC.2014.populacao;790101
serie_por_uf_cid10.AC.2014.taxa_por_cem_mil;29.36
serie_por_uf_cid10.AC.2015.mortes;217
serie_por_uf_cid10.AC.2015.populacao;803513
serie_por_uf_cid10.AC.2015.taxa_por_cem_mil;27.01
serie_por_uf_cid10.AC.2016.mortes;363
serie_por_uf_cid10.AC.2016.populacao;816687
serie_por_uf_cid10.AC.2016.taxa_por_cem_mil;44.45
serie_por_uf_cid10.AC.2017.mortes;516
serie_por_uf_cid10.AC.2017.populacao;829619
serie_por_uf_cid10.AC.2017.taxa_por_cem_mil;62.2
serie_por_uf_cid10.AC.2018.mortes;409
serie_por_uf_cid10.AC.2018.populacao;869265
serie_por_uf_cid10.AC.2018.taxa_por_cem_mil;47.05
serie_por_uf_cid10.AC.2019.mortes;325
serie_por_uf_cid10.AC.2019.populacao;881935
serie_por_uf_cid10.AC.2019.taxa_por_cem_mil;36.85
serie_por_uf_cid10.AC.2020.mortes;304
serie_por_uf_cid10.AC.2020.populacao;894470
serie_por_uf_cid10.AC.2020.taxa_por_cem_mil;33.99
serie_por_uf_cid10.AC.2021.mortes;205
serie_por_uf_cid10.AC.2021.populacao;906876
serie_por_uf_cid10.AC.2021.taxa_por_cem_mil;22.61
serie_por_uf_cid10.AC.2022.mortes;238
serie_por_uf_cid10.AC.2022.populacao;830018
serie_por_uf_cid10.AC.2022.taxa_por_cem_mil;28.67
serie_por_uf_cid10.AC.2023.mortes;217
serie_por_uf_cid10.AC.2023.populacao;
serie_por_uf_cid10.AC.2023.taxa_por_cem_mil;
serie_por_uf_cid10.AC.2024.mortes;174
serie_por_uf_cid10.AC.2024.populacao;880631
serie_por_uf_cid10.AC.2024.taxa_por_cem_mil;19.76
serie_por_uf_cid10.AL.1996.mortes;741
serie_por_uf_cid10.AL.1996.populacao;2633251
serie_por_uf_cid10.AL.1996.taxa_por_cem_mil;28.14
serie_por_uf_cid10.AL.1997.mortes;642
serie_por_uf_cid10.AL.1997.populacao;2663049
serie_por_uf_cid10.AL.1997.taxa_por_cem_mil;24.11
serie_por_uf_cid10.AL.1998.mortes;582
serie_por_uf_cid10.AL.1998.populacao;2688112
serie_por_uf_cid10.AL.1998.taxa_por_cem_mil;21.65
serie_por_uf_cid10.AL.1999.mortes;554
serie_por_uf_cid10.AL.1999.populacao;2713175
serie_por_uf_cid10.AL.1999.taxa_por_cem_mil;20.42
serie_por_uf_cid10.AL.2000.mortes;727
serie_por_uf_cid10.AL.2000.populacao;2822621
serie_por_uf_cid10.AL.2000.taxa_por_cem_mil;25.76
serie_por_uf_cid10.AL.2001.mortes;830
serie_por_uf_cid10.AL.2001.populacao;2856563
serie_por_uf_cid10.AL.2001.taxa_por_cem_mil;29.06
serie_por_uf_cid10.AL.2002.mortes;991
serie_por_uf_cid10.AL.2002.populacao;2887526
serie_por_uf_cid10.AL.2002.taxa_por_cem_mil;34.32
serie_por_uf_cid10.AL.2003.mortes;1039
serie_por_uf_cid10.AL.2003.populacao;2917678
serie_por_uf_cid10.AL.2003.taxa_por_cem_mil;35.61
serie_por_uf_cid10.AL.2004.mortes;1035
serie_por_uf_cid10.AL.2004.populacao;2947717
serie_por_uf_cid10.AL.2004.taxa_por_cem_mil;35.11
serie_por_uf_cid10.AL.2005.mortes;1203
serie_por_uf_cid10.AL.2005.populacao;3015901
serie_por_uf_cid10.AL.2005.taxa_por_cem_mil;39.89
serie_por_uf_cid10.AL.2006.mortes;1620
serie_por_uf_cid10.AL.2006.populacao;3050649
serie_por_uf_cid10.AL.2006.taxa_por_cem_mil;53.1
serie_por_uf_cid10.AL.2007.mortes;1836
serie_por_uf_cid10.AL.2007.populacao;3085053
serie_por_uf_cid10.AL.2007.taxa_por_cem_mil;59.51
serie_por_uf_cid10.AL.2008.mortes;1887
serie_por_uf_cid10.AL.2008.populacao;3127557
serie_por_uf_cid10.AL.2008.taxa_por_cem_mil;60.33
serie_por_uf_cid10.AL.2009.mortes;1873
serie_por_uf_cid10.AL.2009.populacao;3156101
serie_por_uf_cid10.AL.2009.taxa_por_cem_mil;59.35
serie_por_uf_cid10.AL.2010.mortes;2087
serie_por_uf_cid10.AL.2010.populacao;3120494
serie_por_uf_cid10.AL.2010.taxa_por_cem_mil;66.88
serie_por_uf_cid10.AL.2011.mortes;2244
serie_por_uf_cid10.AL.2011.populacao;3143384
serie_por_uf_cid10.AL.2011.taxa_por_cem_mil;71.39
serie_por_uf_cid10.AL.2012.mortes;2046
serie_por_uf_cid10.AL.2012.populacao;3165472
serie_por_uf_cid10.AL.2012.taxa_por_cem_mil;64.63
serie_por_uf_cid10.AL.2013.mortes;2148
serie_por_uf_cid10.AL.2013.populacao;3300935
serie_por_uf_cid10.AL.2013.taxa_por_cem_mil;65.07
serie_por_uf_cid10.AL.2014.mortes;2085
serie_por_uf_cid10.AL.2014.populacao;3321730
serie_por_uf_cid10.AL.2014.taxa_por_cem_mil;62.77
serie_por_uf_cid10.AL.2015.mortes;1748
serie_por_uf_cid10.AL.2015.populacao;3340932
serie_por_uf_cid10.AL.2015.taxa_por_cem_mil;52.32
serie_por_uf_cid10.AL.2016.mortes;1820
serie_por_uf_cid10.AL.2016.populacao;3358963
serie_por_uf_cid10.AL.2016.taxa_por_cem_mil;54.18
serie_por_uf_cid10.AL.2017.mortes;1813
serie_por_uf_cid10.AL.2017.populacao;3375823
serie_por_uf_cid10.AL.2017.taxa_por_cem_mil;53.71
serie_por_uf_cid10.AL.2018.mortes;1441
serie_por_uf_cid10.AL.2018.populacao;3322820
serie_por_uf_cid10.AL.2018.taxa_por_cem_mil;43.37
serie_por_uf_cid10.AL.2019.mortes;1115
serie_por_uf_cid10.AL.2019.populacao;3337357
serie_por_uf_cid10.AL.2019.taxa_por_cem_mil;33.41
serie_por_uf_cid10.AL.2020.mortes;1292
serie_por_uf_cid10.AL.2020.populacao;3351543
serie_por_uf_cid10.AL.2020.taxa_por_cem_mil;38.55
serie_por_uf_cid10.AL.2021.mortes;1070
serie_por_uf_cid10.AL.2021.populacao;3365351
serie_por_uf_cid10.AL.2021.taxa_por_cem_mil;31.79
serie_por_uf_cid10.AL.2022.mortes;1136
serie_por_uf_cid10.AL.2022.populacao;3127683
serie_por_uf_cid10.AL.2022.taxa_por_cem_mil;36.32
serie_por_uf_cid10.AL.2023.mortes;1194
serie_por_uf_cid10.AL.2023.populacao;
serie_por_uf_cid10.AL.2023.taxa_por_cem_mil;
serie_por_uf_cid10.AL.2024.mortes;1152
serie_por_uf_cid10.AL.2024.populacao;3220104
serie_por_uf_cid10.AL.2024.taxa_por_cem_mil;35.78
serie_por_uf_cid10.AM.1996.mortes;450
serie_por_uf_cid10.AM.1996.populacao;2389279
serie_por_uf_cid10.AM.1996.taxa_por_cem_mil;18.83
serie_por_uf_cid10.AM.1997.mortes;468
serie_por_uf_cid10.AM.1997.populacao;2460606
serie_por_uf_cid10.AM.1997.taxa_por_cem_mil;19.02
serie_por_uf_cid10.AM.1998.mortes;534
serie_por_uf_cid10.AM.1998.populacao;2520694
serie_por_uf_cid10.AM.1998.taxa_por_cem_mil;21.18
serie_por_uf_cid10.AM.1999.mortes;527
serie_por_uf_cid10.AM.1999.populacao;2580839
serie_por_uf_cid10.AM.1999.taxa_por_cem_mil;20.42
serie_por_uf_cid10.AM.2000.mortes;552
serie_por_uf_cid10.AM.2000.populacao;2812557
serie_por_uf_cid10.AM.2000.taxa_por_cem_mil;19.63
serie_por_uf_cid10.AM.2001.mortes;485
serie_por_uf_cid10.AM.2001.populacao;2900218
serie_por_uf_cid10.AM.2001.taxa_por_cem_mil;16.72
serie_por_uf_cid10.AM.2002.mortes;513
serie_por_uf_cid10.AM.2002.populacao;2961804
serie_por_uf_cid10.AM.2002.taxa_por_cem_mil;17.32
serie_por_uf_cid10.AM.2003.mortes;558
serie_por_uf_cid10.AM.2003.populacao;3031079
serie_por_uf_cid10.AM.2003.taxa_por_cem_mil;18.41
serie_por_uf_cid10.AM.2004.mortes;526
serie_por_uf_cid10.AM.2004.populacao;3100136
serie_por_uf_cid10.AM.2004.taxa_por_cem_mil;16.97
serie_por_uf_cid10.AM.2005.mortes;599
serie_por_uf_cid10.AM.2005.populacao;3232319
serie_por_uf_cid10.AM.2005.taxa_por_cem_mil;18.53
serie_por_uf_cid10.AM.2006.mortes;699
serie_por_uf_cid10.AM.2006.populacao;3311046
serie_por_uf_cid10.AM.2006.taxa_por_cem_mil;21.11
serie_por_uf_cid10.AM.2007.mortes;715
serie_por_uf_cid10.AM.2007.populacao;3389081
serie_por_uf_cid10.AM.2007.taxa_por_cem_mil;21.1
serie_por_uf_cid10.AM.2008.mortes;830
serie_por_uf_cid10.AM.2008.populacao;3341096
serie_por_uf_cid10.AM.2008.taxa_por_cem_mil;24.84
serie_por_uf_cid10.AM.2009.mortes;916
serie_por_uf_cid10.AM.2009.populacao;3393357
serie_por_uf_cid10.AM.2009.taxa_por_cem_mil;26.99
serie_por_uf_cid10.AM.2010.mortes;1082
serie_por_uf_cid10.AM.2010.populacao;3483985
serie_por_uf_cid10.AM.2010.taxa_por_cem_mil;31.06
serie_por_uf_cid10.AM.2011.mortes;1292
serie_por_uf_cid10.AM.2011.populacao;3538387
serie_por_uf_cid10.AM.2011.taxa_por_cem_mil;36.51
serie_por_uf_cid10.AM.2012.mortes;1344
serie_por_uf_cid10.AM.2012.populacao;3590985
serie_por_uf_cid10.AM.2012.taxa_por_cem_mil;37.43
serie_por_uf_cid10.AM.2013.mortes;1191
serie_por_uf_cid10.AM.2013.populacao;3807921
serie_por_uf_cid10.AM.2013.taxa_por_cem_mil;31.28
serie_por_uf_cid10.AM.2014.mortes;1240
serie_por_uf_cid10.AM.2014.populacao;3873743
serie_por_uf_cid10.AM.2014.taxa_por_cem_mil;32.01
serie_por_uf_cid10.AM.2015.mortes;1472
serie_por_uf_cid10.AM.2015.populacao;3938336
serie_por_uf_cid10.AM.2015.taxa_por_cem_mil;37.38
serie_por_uf_cid10.AM.2016.mortes;1452
serie_por_uf_cid10.AM.2016.populacao;4001667
serie_por_uf_cid10.AM.2016.taxa_por_cem_mil;36.28
serie_por_uf_cid10.AM.2017.mortes;1674
serie_por_uf_cid10.AM.2017.populacao;4063614
serie_por_uf_cid10.AM.2017.taxa_por_cem_mil;41.19
serie_por_uf_cid10.AM.2018.mortes;1542
serie_por_uf_cid10.AM.2018.populacao;4080611
serie_por_uf_cid10.AM.2018.taxa_por_cem_mil;37.79
serie_por_uf_cid10.AM.2019.mortes;1592
serie_por_uf_cid10.AM.2019.populacao;4144597
serie_por_uf_cid10.AM.2019.taxa_por_cem_mil;38.41
serie_por_uf_cid10.AM.2020.mortes;1326
serie_por_uf_cid10.AM.2020.populacao;4207714
serie_por_uf_cid10.AM.2020.taxa_por_cem_mil;31.51
serie_por_uf_cid10.AM.2021.mortes;1816
serie_por_uf_cid10.AM.2021.populacao;4269995
serie_por_uf_cid10.AM.2021.taxa_por_cem_mil;42.53
serie_por_uf_cid10.AM.2022.mortes;1771
serie_por_uf_cid10.AM.2022.populacao;3941613
serie_por_uf_cid10.AM.2022.taxa_por_cem_mil;44.93
serie_por_uf_cid10.AM.2023.mortes;1555
serie_por_uf_cid10.AM.2023.populacao;
serie_por_uf_cid10.AM.2023.taxa_por_cem_mil;
serie_por_uf_cid10.AM.2024.mortes;1326
serie_por_uf_cid10.AM.2024.populacao;4281209
serie_por_uf_cid10.AM.2024.taxa_por_cem_mil;30.97
serie_por_uf_cid10.AP.1996.mortes;157
serie_por_uf_cid10.AP.1996.populacao;379459
serie_por_uf_cid10.AP.1996.taxa_por_cem_mil;41.37
serie_por_uf_cid10.AP.1997.mortes;140
serie_por_uf_cid10.AP.1997.populacao;401906
serie_por_uf_cid10.AP.1997.taxa_por_cem_mil;34.83
serie_por_uf_cid10.AP.1998.mortes;160
serie_por_uf_cid10.AP.1998.populacao;420839
serie_por_uf_cid10.AP.1998.taxa_por_cem_mil;38.02
serie_por_uf_cid10.AP.1999.mortes;192
serie_por_uf_cid10.AP.1999.populacao;439783
serie_por_uf_cid10.AP.1999.taxa_por_cem_mil;43.66
serie_por_uf_cid10.AP.2000.mortes;156
serie_por_uf_cid10.AP.2000.populacao;477032
serie_por_uf_cid10.AP.2000.taxa_por_cem_mil;32.7
serie_por_uf_cid10.AP.2001.mortes;182
serie_por_uf_cid10.AP.2001.populacao;498735
serie_por_uf_cid10.AP.2001.taxa_por_cem_mil;36.49
serie_por_uf_cid10.AP.2002.mortes;181
serie_por_uf_cid10.AP.2002.populacao;516514
serie_por_uf_cid10.AP.2002.taxa_por_cem_mil;35.04
serie_por_uf_cid10.AP.2003.mortes;185
serie_por_uf_cid10.AP.2003.populacao;534821
serie_por_uf_cid10.AP.2003.taxa_por_cem_mil;34.59
serie_por_uf_cid10.AP.2004.mortes;172
serie_por_uf_cid10.AP.2004.populacao;553100
serie_por_uf_cid10.AP.2004.taxa_por_cem_mil;31.1
serie_por_uf_cid10.AP.2005.mortes;196
serie_por_uf_cid10.AP.2005.populacao;594577
serie_por_uf_cid10.AP.2005.taxa_por_cem_mil;32.96
serie_por_uf_cid10.AP.2006.mortes;202
serie_por_uf_cid10.AP.2006.populacao;615724
serie_por_uf_cid10.AP.2006.taxa_por_cem_mil;32.81
serie_por_uf_cid10.AP.2007.mortes;172
serie_por_uf_cid10.AP.2007.populacao;636652
serie_por_uf_cid10.AP.2007.taxa_por_cem_mil;27.02
serie_por_uf_cid10.AP.2008.mortes;210
serie_por_uf_cid10.AP.2008.populacao;613164
serie_por_uf_cid10.AP.2008.taxa_por_cem_mil;34.25
serie_por_uf_cid10.AP.2009.mortes;190
serie_por_uf_cid10.AP.2009.populacao;626607
serie_por_uf_cid10.AP.2009.taxa_por_cem_mil;30.32
serie_por_uf_cid10.AP.2010.mortes;260
serie_por_uf_cid10.AP.2010.populacao;669526
serie_por_uf_cid10.AP.2010.taxa_por_cem_mil;38.83
serie_por_uf_cid10.AP.2011.mortes;209
serie_por_uf_cid10.AP.2011.populacao;684309
serie_por_uf_cid10.AP.2011.taxa_por_cem_mil;30.54
serie_por_uf_cid10.AP.2012.mortes;253
serie_por_uf_cid10.AP.2012.populacao;698602
serie_por_uf_cid10.AP.2012.taxa_por_cem_mil;36.22
serie_por_uf_cid10.AP.2013.mortes;225
serie_por_uf_cid10.AP.2013.populacao;734996
serie_por_uf_cid10.AP.2013.taxa_por_cem_mil;30.61
serie_por_uf_cid10.AP.2014.mortes;256
serie_por_uf_cid10.AP.2014.populacao;750912
serie_por_uf_cid10.AP.2014.taxa_por_cem_mil;34.09
serie_por_uf_cid10.AP.2015.mortes;293
serie_por_uf_cid10.AP.2015.populacao;766679
serie_por_uf_cid10.AP.2015.taxa_por_cem_mil;38.22
serie_por_uf_cid10.AP.2016.mortes;381
serie_por_uf_cid10.AP.2016.populacao;782295
serie_por_uf_cid10.AP.2016.taxa_por_cem_mil;48.7
serie_por_uf_cid10.AP.2017.mortes;383
serie_por_uf_cid10.AP.2017.populacao;797722
serie_por_uf_cid10.AP.2017.taxa_por_cem_mil;48.01
serie_por_uf_cid10.AP.2018.mortes;426
serie_por_uf_cid10.AP.2018.populacao;829494
serie_por_uf_cid10.AP.2018.taxa_por_cem_mil;51.36
serie_por_uf_cid10.AP.2019.mortes;361
serie_por_uf_cid10.AP.2019.populacao;845731
serie_por_uf_cid10.AP.2019.taxa_por_cem_mil;42.68
serie_por_uf_cid10.AP.2020.mortes;387
serie_por_uf_cid10.AP.2020.populacao;861773
serie_por_uf_cid10.AP.2020.taxa_por_cem_mil;44.91
serie_por_uf_cid10.AP.2021.mortes;462
serie_por_uf_cid10.AP.2021.populacao;877613
serie_por_uf_cid10.AP.2021.taxa_por_cem_mil;52.64
serie_por_uf_cid10.AP.2022.mortes;358
serie_por_uf_cid10.AP.2022.populacao;733759
serie_por_uf_cid10.AP.2022.taxa_por_cem_mil;48.79
serie_por_uf_cid10.AP.2023.mortes;516
serie_por_uf_cid10.AP.2023.populacao;
serie_por_uf_cid10.AP.2023.taxa_por_cem_mil;
serie_por_uf_cid10.AP.2024.mortes;363
serie_por_uf_cid10.AP.2024.populacao;802837
serie_por_uf_cid10.AP.2024.taxa_por_cem_mil;45.21
serie_por_uf_cid10.BA.1996.mortes;1883
serie_por_uf_cid10.BA.1996.populacao;12541675
serie_por_uf_cid10.BA.1996.taxa_por_cem_mil;15.01
serie_por_uf_cid10.BA.1997.mortes;1981
serie_por_uf_cid10.BA.1997.populacao;12709713
serie_por_uf_cid10.BA.1997.taxa_por_cem_mil;15.59
serie_por_uf_cid10.BA.1998.mortes;1271
serie_por_uf_cid10.BA.1998.populacao;12851265
serie_por_uf_cid10.BA.1998.taxa_por_cem_mil;9.89
serie_por_uf_cid10.BA.1999.mortes;913
serie_por_uf_cid10.BA.1999.populacao;12993020
serie_por_uf_cid10.BA.1999.taxa_por_cem_mil;7.03
serie_por_uf_cid10.BA.2000.mortes;1242
serie_por_uf_cid10.BA.2000.populacao;13070250
serie_por_uf_cid10.BA.2000.taxa_por_cem_mil;9.5
serie_por_uf_cid10.BA.2001.mortes;1622
serie_por_uf_cid10.BA.2001.populacao;13214146
serie_por_uf_cid10.BA.2001.taxa_por_cem_mil;12.27
serie_por_uf_cid10.BA.2002.mortes;1759
serie_por_uf_cid10.BA.2002.populacao;13323150
serie_por_uf_cid10.BA.2002.taxa_por_cem_mil;13.2
serie_por_uf_cid10.BA.2003.mortes;2166
serie_por_uf_cid10.BA.2003.populacao;13440544
serie_por_uf_cid10.BA.2003.taxa_por_cem_mil;16.12
serie_por_uf_cid10.BA.2004.mortes;2262
serie_por_uf_cid10.BA.2004.populacao;13552649
serie_por_uf_cid10.BA.2004.taxa_por_cem_mil;16.69
serie_por_uf_cid10.BA.2005.mortes;2881
serie_por_uf_cid10.BA.2005.populacao;13815260
serie_por_uf_cid10.BA.2005.taxa_por_cem_mil;20.85
serie_por_uf_cid10.BA.2006.mortes;3311
serie_por_uf_cid10.BA.2006.populacao;13950125
serie_por_uf_cid10.BA.2006.taxa_por_cem_mil;23.73
serie_por_uf_cid10.BA.2007.mortes;3659
serie_por_uf_cid10.BA.2007.populacao;14083771
serie_por_uf_cid10.BA.2007.taxa_por_cem_mil;25.98
serie_por_uf_cid10.BA.2008.mortes;4819
serie_por_uf_cid10.BA.2008.populacao;14502575
serie_por_uf_cid10.BA.2008.taxa_por_cem_mil;33.23
serie_por_uf_cid10.BA.2009.mortes;5432
serie_por_uf_cid10.BA.2009.populacao;14637500
serie_por_uf_cid10.BA.2009.taxa_por_cem_mil;37.11
serie_por_uf_cid10.BA.2010.mortes;5844
serie_por_uf_cid10.BA.2010.populacao;14016906
serie_por_uf_cid10.BA.2010.taxa_por_cem_mil;41.69
serie_por_uf_cid10.BA.2011.mortes;5549
serie_por_uf_cid10.BA.2011.populacao;14097534
serie_por_uf_cid10.BA.2011.taxa_por_cem_mil;39.36
serie_por_uf_cid10.BA.2012.mortes;6148
serie_por_uf_cid10.BA.2012.populacao;14175341
serie_por_uf_cid10.BA.2012.taxa_por_cem_mil;43.37
serie_por_uf_cid10.BA.2013.mortes;5694
serie_por_uf_cid10.BA.2013.populacao;15044137
serie_por_uf_cid10.BA.2013.taxa_por_cem_mil;37.85
serie_por_uf_cid10.BA.2014.mortes;6052
serie_por_uf_cid10.BA.2014.populacao;15126371
serie_por_uf_cid10.BA.2014.taxa_por_cem_mil;40.01
serie_por_uf_cid10.BA.2015.mortes;6012
serie_por_uf_cid10.BA.2015.populacao;15203334
serie_por_uf_cid10.BA.2015.taxa_por_cem_mil;39.54
serie_por_uf_cid10.BA.2016.mortes;7171
serie_por_uf_cid10.BA.2016.populacao;15276566
serie_por_uf_cid10.BA.2016.taxa_por_cem_mil;46.94
serie_por_uf_cid10.BA.2017.mortes;7487
serie_por_uf_cid10.BA.2017.populacao;15344447
serie_por_uf_cid10.BA.2017.taxa_por_cem_mil;48.79
serie_por_uf_cid10.BA.2018.mortes;6787
serie_por_uf_cid10.BA.2018.populacao;14812617
serie_por_uf_cid10.BA.2018.taxa_por_cem_mil;45.82
serie_por_uf_cid10.BA.2019.mortes;6118
serie_por_uf_cid10.BA.2019.populacao;14873064
serie_por_uf_cid10.BA.2019.taxa_por_cem_mil;41.13
serie_por_uf_cid10.BA.2020.mortes;7076
serie_por_uf_cid10.BA.2020.populacao;14930634
serie_por_uf_cid10.BA.2020.taxa_por_cem_mil;47.39
serie_por_uf_cid10.BA.2021.mortes;7206
serie_por_uf_cid10.BA.2021.populacao;14985284
serie_por_uf_cid10.BA.2021.taxa_por_cem_mil;48.09
serie_por_uf_cid10.BA.2022.mortes;6776
serie_por_uf_cid10.BA.2022.populacao;14141626
serie_por_uf_cid10.BA.2022.taxa_por_cem_mil;47.92
serie_por_uf_cid10.BA.2023.mortes;6616
serie_por_uf_cid10.BA.2023.populacao;
serie_por_uf_cid10.BA.2023.taxa_por_cem_mil;
serie_por_uf_cid10.BA.2024.mortes;6061
serie_por_uf_cid10.BA.2024.populacao;14850513
serie_por_uf_cid10.BA.2024.taxa_por_cem_mil;40.81
serie_por_uf_cid10.CE.1996.mortes;885
serie_por_uf_cid10.CE.1996.populacao;6809290
serie_por_uf_cid10.CE.1996.taxa_por_cem_mil;13.0
serie_por_uf_cid10.CE.1997.mortes;1026
serie_por_uf_cid10.CE.1997.populacao;6920307
serie_por_uf_cid10.CE.1997.taxa_por_cem_mil;14.83
serie_por_uf_cid10.CE.1998.mortes;946
serie_por_uf_cid10.CE.1998.populacao;7013382
serie_por_uf_cid10.CE.1998.taxa_por_cem_mil;13.49
serie_por_uf_cid10.CE.1999.mortes;1104
serie_por_uf_cid10.CE.1999.populacao;7106612
serie_por_uf_cid10.CE.1999.taxa_por_cem_mil;15.53
serie_por_uf_cid10.CE.2000.mortes;1238
serie_por_uf_cid10.CE.2000.populacao;7430661
serie_por_uf_cid10.CE.2000.taxa_por_cem_mil;16.66
serie_por_uf_cid10.CE.2001.mortes;1284
serie_por_uf_cid10.CE.2001.populacao;7547684
serie_por_uf_cid10.CE.2001.taxa_por_cem_mil;17.01
serie_por_uf_cid10.CE.2002.mortes;1445
serie_por_uf_cid10.CE.2002.populacao;7654540
serie_por_uf_cid10.CE.2002.taxa_por_cem_mil;18.88
serie_por_uf_cid10.CE.2003.mortes;1563
serie_por_uf_cid10.CE.2003.populacao;7758437
serie_por_uf_cid10.CE.2003.taxa_por_cem_mil;20.15
serie_por_uf_cid10.CE.2004.mortes;1582
serie_por_uf_cid10.CE.2004.populacao;7862067
serie_por_uf_cid10.CE.2004.taxa_por_cem_mil;20.12
serie_por_uf_cid10.CE.2005.mortes;1699
serie_por_uf_cid10.CE.2005.populacao;8097290
serie_por_uf_cid10.CE.2005.taxa_por_cem_mil;20.98
serie_por_uf_cid10.CE.2006.mortes;1792
serie_por_uf_cid10.CE.2006.populacao;8217140
serie_por_uf_cid10.CE.2006.taxa_por_cem_mil;21.81
serie_por_uf_cid10.CE.2007.mortes;1933
serie_por_uf_cid10.CE.2007.populacao;8335849
serie_por_uf_cid10.CE.2007.taxa_por_cem_mil;23.19
serie_por_uf_cid10.CE.2008.mortes;2019
serie_por_uf_cid10.CE.2008.populacao;8450527
serie_por_uf_cid10.CE.2008.taxa_por_cem_mil;23.89
serie_por_uf_cid10.CE.2009.mortes;2165
serie_por_uf_cid10.CE.2009.populacao;8547750
serie_por_uf_cid10.CE.2009.taxa_por_cem_mil;25.33
serie_por_uf_cid10.CE.2010.mortes;2688
serie_por_uf_cid10.CE.2010.populacao;8452381
serie_por_uf_cid10.CE.2010.taxa_por_cem_mil;31.8
serie_por_uf_cid10.CE.2011.mortes;2792
serie_por_uf_cid10.CE.2011.populacao;8530155
serie_por_uf_cid10.CE.2011.taxa_por_cem_mil;32.73
serie_por_uf_cid10.CE.2012.mortes;3841
serie_por_uf_cid10.CE.2012.populacao;8606005
serie_por_uf_cid10.CE.2012.taxa_por_cem_mil;44.63
serie_por_uf_cid10.CE.2013.mortes;4473
serie_por_uf_cid10.CE.2013.populacao;8778576
serie_por_uf_cid10.CE.2013.taxa_por_cem_mil;50.95
serie_por_uf_cid10.CE.2014.mortes;4626
serie_por_uf_cid10.CE.2014.populacao;8842791
serie_por_uf_cid10.CE.2014.taxa_por_cem_mil;52.31
serie_por_uf_cid10.CE.2015.mortes;4163
serie_por_uf_cid10.CE.2015.populacao;8904459
serie_por_uf_cid10.CE.2015.taxa_por_cem_mil;46.75
serie_por_uf_cid10.CE.2016.mortes;3642
serie_por_uf_cid10.CE.2016.populacao;8963663
serie_por_uf_cid10.CE.2016.taxa_por_cem_mil;40.63
serie_por_uf_cid10.CE.2017.mortes;5433
serie_por_uf_cid10.CE.2017.populacao;9020460
serie_por_uf_cid10.CE.2017.taxa_por_cem_mil;60.23
serie_por_uf_cid10.CE.2018.mortes;4900
serie_por_uf_cid10.CE.2018.populacao;9075649
serie_por_uf_cid10.CE.2018.taxa_por_cem_mil;53.99
serie_por_uf_cid10.CE.2019.mortes;2417
serie_por_uf_cid10.CE.2019.populacao;9132078
serie_por_uf_cid10.CE.2019.taxa_por_cem_mil;26.47
serie_por_uf_cid10.CE.2020.mortes;3992
serie_por_uf_cid10.CE.2020.populacao;9187103
serie_por_uf_cid10.CE.2020.taxa_por_cem_mil;43.45
serie_por_uf_cid10.CE.2021.mortes;3471
serie_por_uf_cid10.CE.2021.populacao;9240580
serie_por_uf_cid10.CE.2021.taxa_por_cem_mil;37.56
serie_por_uf_cid10.CE.2022.mortes;3030
serie_por_uf_cid10.CE.2022.populacao;8794957
serie_por_uf_cid10.CE.2022.taxa_por_cem_mil;34.45
serie_por_uf_cid10.CE.2023.mortes;2992
serie_por_uf_cid10.CE.2023.populacao;
serie_por_uf_cid10.CE.2023.taxa_por_cem_mil;
serie_por_uf_cid10.CE.2024.mortes;3163
serie_por_uf_cid10.CE.2024.populacao;9233656
serie_por_uf_cid10.CE.2024.taxa_por_cem_mil;34.26
serie_por_uf_cid10.DF.1996.mortes;615
serie_por_uf_cid10.DF.1996.populacao;1821946
serie_por_uf_cid10.DF.1996.taxa_por_cem_mil;33.76
serie_por_uf_cid10.DF.1997.mortes;613
serie_por_uf_cid10.DF.1997.populacao;1877015
serie_por_uf_cid10.DF.1997.taxa_por_cem_mil;32.66
serie_por_uf_cid10.DF.1998.mortes;633
serie_por_uf_cid10.DF.1998.populacao;1923404
serie_por_uf_cid10.DF.1998.taxa_por_cem_mil;32.91
serie_por_uf_cid10.DF.1999.mortes;659
serie_por_uf_cid10.DF.1999.populacao;1969867
serie_por_uf_cid10.DF.1999.taxa_por_cem_mil;33.45
serie_por_uf_cid10.DF.2000.mortes;687
serie_por_uf_cid10.DF.2000.populacao;2051146
serie_por_uf_cid10.DF.2000.taxa_por_cem_mil;33.49
serie_por_uf_cid10.DF.2001.mortes;693
serie_por_uf_cid10.DF.2001.populacao;2097450
serie_por_uf_cid10.DF.2001.taxa_por_cem_mil;33.04
serie_por_uf_cid10.DF.2002.mortes;641
serie_por_uf_cid10.DF.2002.populacao;2145838
serie_por_uf_cid10.DF.2002.taxa_por_cem_mil;29.87
serie_por_uf_cid10.DF.2003.mortes;742
serie_por_uf_cid10.DF.2003.populacao;2189792
serie_por_uf_cid10.DF.2003.taxa_por_cem_mil;33.88
serie_por_uf_cid10.DF.2004.mortes;696
serie_por_uf_cid10.DF.2004.populacao;2233614
serie_por_uf_cid10.DF.2004.taxa_por_cem_mil;31.16
serie_por_uf_cid10.DF.2005.mortes;657
serie_por_uf_cid10.DF.2005.populacao;2333109
serie_por_uf_cid10.DF.2005.taxa_por_cem_mil;28.16
serie_por_uf_cid10.DF.2006.mortes;660
serie_por_uf_cid10.DF.2006.populacao;2383784
serie_por_uf_cid10.DF.2006.taxa_por_cem_mil;27.69
serie_por_uf_cid10.DF.2007.mortes;711
serie_por_uf_cid10.DF.2007.populacao;2434033
serie_por_uf_cid10.DF.2007.taxa_por_cem_mil;29.21
serie_por_uf_cid10.DF.2008.mortes;812
serie_por_uf_cid10.DF.2008.populacao;2557158
serie_por_uf_cid10.DF.2008.taxa_por_cem_mil;31.75
serie_por_uf_cid10.DF.2009.mortes;882
serie_por_uf_cid10.DF.2009.populacao;2606884
serie_por_uf_cid10.DF.2009.taxa_por_cem_mil;33.83
serie_por_uf_cid10.DF.2010.mortes;786
serie_por_uf_cid10.DF.2010.populacao;2570160
serie_por_uf_cid10.DF.2010.taxa_por_cem_mil;30.58
serie_por_uf_cid10.DF.2011.mortes;902
serie_por_uf_cid10.DF.2011.populacao;2609998
serie_por_uf_cid10.DF.2011.taxa_por_cem_mil;34.56
serie_por_uf_cid10.DF.2012.mortes;954
serie_por_uf_cid10.DF.2012.populacao;2648532
serie_por_uf_cid10.DF.2012.taxa_por_cem_mil;36.02
serie_por_uf_cid10.DF.2013.mortes;837
serie_por_uf_cid10.DF.2013.populacao;2789761
serie_por_uf_cid10.DF.2013.taxa_por_cem_mil;30.0
serie_por_uf_cid10.DF.2014.mortes;843
serie_por_uf_cid10.DF.2014.populacao;2852372
serie_por_uf_cid10.DF.2014.taxa_por_cem_mil;29.55
serie_por_uf_cid10.DF.2015.mortes;742
serie_por_uf_cid10.DF.2015.populacao;2914830
serie_por_uf_cid10.DF.2015.taxa_por_cem_mil;25.46
serie_por_uf_cid10.DF.2016.mortes;760
serie_por_uf_cid10.DF.2016.populacao;2977216
serie_por_uf_cid10.DF.2016.taxa_por_cem_mil;25.53
serie_por_uf_cid10.DF.2017.mortes;610
serie_por_uf_cid10.DF.2017.populacao;3039444
serie_por_uf_cid10.DF.2017.taxa_por_cem_mil;20.07
serie_por_uf_cid10.DF.2018.mortes;530
serie_por_uf_cid10.DF.2018.populacao;2974703
serie_por_uf_cid10.DF.2018.taxa_por_cem_mil;17.82
serie_por_uf_cid10.DF.2019.mortes;480
serie_por_uf_cid10.DF.2019.populacao;3015268
serie_por_uf_cid10.DF.2019.taxa_por_cem_mil;15.92
serie_por_uf_cid10.DF.2020.mortes;453
serie_por_uf_cid10.DF.2020.populacao;3055149
serie_por_uf_cid10.DF.2020.taxa_por_cem_mil;14.83
serie_por_uf_cid10.DF.2021.mortes;401
serie_por_uf_cid10.DF.2021.populacao;3094325
serie_por_uf_cid10.DF.2021.taxa_por_cem_mil;12.96
serie_por_uf_cid10.DF.2022.mortes;357
serie_por_uf_cid10.DF.2022.populacao;2817381
serie_por_uf_cid10.DF.2022.taxa_por_cem_mil;12.67
serie_por_uf_cid10.DF.2023.mortes;347
serie_por_uf_cid10.DF.2023.populacao;
serie_por_uf_cid10.DF.2023.taxa_por_cem_mil;
serie_por_uf_cid10.DF.2024.mortes;308
serie_por_uf_cid10.DF.2024.populacao;2982818
serie_por_uf_cid10.DF.2024.taxa_por_cem_mil;10.33
serie_por_uf_cid10.ES.1996.mortes;1191
serie_por_uf_cid10.ES.1996.populacao;2802707
serie_por_uf_cid10.ES.1996.taxa_por_cem_mil;42.49
serie_por_uf_cid10.ES.1997.mortes;1416
serie_por_uf_cid10.ES.1997.populacao;2853127
serie_por_uf_cid10.ES.1997.taxa_por_cem_mil;49.63
serie_por_uf_cid10.ES.1998.mortes;1675
serie_por_uf_cid10.ES.1998.populacao;2895540
serie_por_uf_cid10.ES.1998.taxa_por_cem_mil;57.85
serie_por_uf_cid10.ES.1999.mortes;1524
serie_por_uf_cid10.ES.1999.populacao;2938050
serie_por_uf_cid10.ES.1999.taxa_por_cem_mil;51.87
serie_por_uf_cid10.ES.2000.mortes;1435
serie_por_uf_cid10.ES.2000.populacao;3097232
serie_por_uf_cid10.ES.2000.taxa_por_cem_mil;46.33
serie_por_uf_cid10.ES.2001.mortes;1452
serie_por_uf_cid10.ES.2001.populacao;3155048
serie_por_uf_cid10.ES.2001.taxa_por_cem_mil;46.02
serie_por_uf_cid10.ES.2002.mortes;1644
serie_por_uf_cid10.ES.2002.populacao;3201712
serie_por_uf_cid10.ES.2002.taxa_por_cem_mil;51.35
serie_por_uf_cid10.ES.2003.mortes;1629
serie_por_uf_cid10.ES.2003.populacao;3250205
serie_por_uf_cid10.ES.2003.taxa_por_cem_mil;50.12
serie_por_uf_cid10.ES.2004.mortes;1619
serie_por_uf_cid10.ES.2004.populacao;3298541
serie_por_uf_cid10.ES.2004.taxa_por_cem_mil;49.08
serie_por_uf_cid10.ES.2005.mortes;1602
serie_por_uf_cid10.ES.2005.populacao;3408360
serie_por_uf_cid10.ES.2005.taxa_por_cem_mil;47.0
serie_por_uf_cid10.ES.2006.mortes;1762
serie_por_uf_cid10.ES.2006.populacao;3464280
serie_por_uf_cid10.ES.2006.taxa_por_cem_mil;50.86
serie_por_uf_cid10.ES.2007.mortes;1877
serie_por_uf_cid10.ES.2007.populacao;3519712
serie_por_uf_cid10.ES.2007.taxa_por_cem_mil;53.33
serie_por_uf_cid10.ES.2008.mortes;1947
serie_por_uf_cid10.ES.2008.populacao;3453648
serie_por_uf_cid10.ES.2008.taxa_por_cem_mil;56.38
serie_por_uf_cid10.ES.2009.mortes;1985
serie_por_uf_cid10.ES.2009.populacao;3487094
serie_por_uf_cid10.ES.2009.taxa_por_cem_mil;56.92
serie_por_uf_cid10.ES.2010.mortes;1792
serie_por_uf_cid10.ES.2010.populacao;3514952
serie_por_uf_cid10.ES.2010.taxa_por_cem_mil;50.98
serie_por_uf_cid10.ES.2011.mortes;1672
serie_por_uf_cid10.ES.2011.populacao;3547055
serie_por_uf_cid10.ES.2011.taxa_por_cem_mil;47.14
serie_por_uf_cid10.ES.2012.mortes;1667
serie_por_uf_cid10.ES.2012.populacao;3578067
serie_por_uf_cid10.ES.2012.taxa_por_cem_mil;46.59
serie_por_uf_cid10.ES.2013.mortes;1622
serie_por_uf_cid10.ES.2013.populacao;3839366
serie_por_uf_cid10.ES.2013.taxa_por_cem_mil;42.25
serie_por_uf_cid10.ES.2014.mortes;1609
serie_por_uf_cid10.ES.2014.populacao;3885049
serie_por_uf_cid10.ES.2014.taxa_por_cem_mil;41.42
serie_por_uf_cid10.ES.2015.mortes;1450
serie_por_uf_cid10.ES.2015.populacao;3929911
serie_por_uf_cid10.ES.2015.taxa_por_cem_mil;36.9
serie_por_uf_cid10.ES.2016.mortes;1270
serie_por_uf_cid10.ES.2016.populacao;3973697
serie_por_uf_cid10.ES.2016.taxa_por_cem_mil;31.96
serie_por_uf_cid10.ES.2017.mortes;1521
serie_por_uf_cid10.ES.2017.populacao;4016356
serie_por_uf_cid10.ES.2017.taxa_por_cem_mil;37.87
serie_por_uf_cid10.ES.2018.mortes;1165
serie_por_uf_cid10.ES.2018.populacao;3972388
serie_por_uf_cid10.ES.2018.taxa_por_cem_mil;29.33
serie_por_uf_cid10.ES.2019.mortes;1043
serie_por_uf_cid10.ES.2019.populacao;4018650
serie_por_uf_cid10.ES.2019.taxa_por_cem_mil;25.95
serie_por_uf_cid10.ES.2020.mortes;1229
serie_por_uf_cid10.ES.2020.populacao;4064052
serie_por_uf_cid10.ES.2020.taxa_por_cem_mil;30.24
serie_por_uf_cid10.ES.2021.mortes;1253
serie_por_uf_cid10.ES.2021.populacao;4108508
serie_por_uf_cid10.ES.2021.taxa_por_cem_mil;30.5
serie_por_uf_cid10.ES.2022.mortes;1147
serie_por_uf_cid10.ES.2022.populacao;3833712
serie_por_uf_cid10.ES.2022.taxa_por_cem_mil;29.92
serie_por_uf_cid10.ES.2023.mortes;1161
serie_por_uf_cid10.ES.2023.populacao;
serie_por_uf_cid10.ES.2023.taxa_por_cem_mil;
serie_por_uf_cid10.ES.2024.mortes;1064
serie_por_uf_cid10.ES.2024.populacao;4102129
serie_por_uf_cid10.ES.2024.taxa_por_cem_mil;25.94
serie_por_uf_cid10.GO.1996.mortes;782
serie_por_uf_cid10.GO.1996.populacao;4514967
serie_por_uf_cid10.GO.1996.taxa_por_cem_mil;17.32
serie_por_uf_cid10.GO.1997.mortes;744
serie_por_uf_cid10.GO.1997.populacao;4639734
serie_por_uf_cid10.GO.1997.taxa_por_cem_mil;16.04
serie_por_uf_cid10.GO.1998.mortes;704
serie_por_uf_cid10.GO.1998.populacao;4744193
serie_por_uf_cid10.GO.1998.taxa_por_cem_mil;14.84
serie_por_uf_cid10.GO.1999.mortes;853
serie_por_uf_cid10.GO.1999.populacao;4848759
serie_por_uf_cid10.GO.1999.taxa_por_cem_mil;17.59
serie_por_uf_cid10.GO.2000.mortes;1085
serie_por_uf_cid10.GO.2000.populacao;5003228
serie_por_uf_cid10.GO.2000.taxa_por_cem_mil;21.69
serie_por_uf_cid10.GO.2001.mortes;1167
serie_por_uf_cid10.GO.2001.populacao;5116395
serie_por_uf_cid10.GO.2001.taxa_por_cem_mil;22.81
serie_por_uf_cid10.GO.2002.mortes;1370
serie_por_uf_cid10.GO.2002.populacao;5210366
serie_por_uf_cid10.GO.2002.taxa_por_cem_mil;26.29
serie_por_uf_cid10.GO.2003.mortes;1346
serie_por_uf_cid10.GO.2003.populacao;5306424
serie_por_uf_cid10.GO.2003.taxa_por_cem_mil;25.37
serie_por_uf_cid10.GO.2004.mortes;1524
serie_por_uf_cid10.GO.2004.populacao;5402335
serie_por_uf_cid10.GO.2004.taxa_por_cem_mil;28.21
serie_por_uf_cid10.GO.2005.mortes;1468
serie_por_uf_cid10.GO.2005.populacao;5619919
serie_por_uf_cid10.GO.2005.taxa_por_cem_mil;26.12
serie_por_uf_cid10.GO.2006.mortes;1509
serie_por_uf_cid10.GO.2006.populacao;5730762
serie_por_uf_cid10.GO.2006.taxa_por_cem_mil;26.33
serie_por_uf_cid10.GO.2007.mortes;1521
serie_por_uf_cid10.GO.2007.populacao;5840650
serie_por_uf_cid10.GO.2007.taxa_por_cem_mil;26.04
serie_por_uf_cid10.GO.2008.mortes;1792
serie_por_uf_cid10.GO.2008.populacao;5844996
serie_por_uf_cid10.GO.2008.taxa_por_cem_mil;30.66
serie_por_uf_cid10.GO.2009.mortes;1902
serie_por_uf_cid10.GO.2009.populacao;5926308
serie_por_uf_cid10.GO.2009.taxa_por_cem_mil;32.09
serie_por_uf_cid10.GO.2010.mortes;1979
serie_por_uf_cid10.GO.2010.populacao;6003788
serie_por_uf_cid10.GO.2010.taxa_por_cem_mil;32.96
serie_por_uf_cid10.GO.2011.mortes;2272
serie_por_uf_cid10.GO.2011.populacao;6080716
serie_por_uf_cid10.GO.2011.taxa_por_cem_mil;37.36
serie_por_uf_cid10.GO.2012.mortes;2793
serie_por_uf_cid10.GO.2012.populacao;6154996
serie_por_uf_cid10.GO.2012.taxa_por_cem_mil;45.38
serie_por_uf_cid10.GO.2013.mortes;2975
serie_por_uf_cid10.GO.2013.populacao;6434048
serie_por_uf_cid10.GO.2013.taxa_por_cem_mil;46.24
serie_por_uf_cid10.GO.2014.mortes;2887
serie_por_uf_cid10.GO.2014.populacao;6523222
serie_por_uf_cid10.GO.2014.taxa_por_cem_mil;44.26
serie_por_uf_cid10.GO.2015.mortes;2997
serie_por_uf_cid10.GO.2015.populacao;6610681
serie_por_uf_cid10.GO.2015.taxa_por_cem_mil;45.34
serie_por_uf_cid10.GO.2016.mortes;3036
serie_por_uf_cid10.GO.2016.populacao;6695855
serie_por_uf_cid10.GO.2016.taxa_por_cem_mil;45.34
serie_por_uf_cid10.GO.2017.mortes;2901
serie_por_uf_cid10.GO.2017.populacao;6778772
serie_por_uf_cid10.GO.2017.taxa_por_cem_mil;42.8
serie_por_uf_cid10.GO.2018.mortes;2675
serie_por_uf_cid10.GO.2018.populacao;6921161
serie_por_uf_cid10.GO.2018.taxa_por_cem_mil;38.65
serie_por_uf_cid10.GO.2019.mortes;2253
serie_por_uf_cid10.GO.2019.populacao;7018354
serie_por_uf_cid10.GO.2019.taxa_por_cem_mil;32.1
serie_por_uf_cid10.GO.2020.mortes;2177
serie_por_uf_cid10.GO.2020.populacao;7113540
serie_por_uf_cid10.GO.2020.taxa_por_cem_mil;30.6
serie_por_uf_cid10.GO.2021.mortes;1812
serie_por_uf_cid10.GO.2021.populacao;7206589
serie_por_uf_cid10.GO.2021.taxa_por_cem_mil;25.14
serie_por_uf_cid10.GO.2022.mortes;1687
serie_por_uf_cid10.GO.2022.populacao;7056495
serie_por_uf_cid10.GO.2022.taxa_por_cem_mil;23.91
serie_por_uf_cid10.GO.2023.mortes;1583
serie_por_uf_cid10.GO.2023.populacao;
serie_por_uf_cid10.GO.2023.taxa_por_cem_mil;
serie_por_uf_cid10.GO.2024.mortes;1354
serie_por_uf_cid10.GO.2024.populacao;7350483
serie_por_uf_cid10.GO.2024.taxa_por_cem_mil;18.42
serie_por_uf_cid10.MA.1996.mortes;363
serie_por_uf_cid10.MA.1996.populacao;5222183
serie_por_uf_cid10.MA.1996.taxa_por_cem_mil;6.95
serie_por_uf_cid10.MA.1997.mortes;333
serie_por_uf_cid10.MA.1997.populacao;5295442
serie_por_uf_cid10.MA.1997.taxa_por_cem_mil;6.29
serie_por_uf_cid10.MA.1998.mortes;278
serie_por_uf_cid10.MA.1998.populacao;5356831
serie_por_uf_cid10.MA.1998.taxa_por_cem_mil;5.19
serie_por_uf_cid10.MA.1999.mortes;262
serie_por_uf_cid10.MA.1999.populacao;5418354
serie_por_uf_cid10.MA.1999.taxa_por_cem_mil;4.84
serie_por_uf_cid10.MA.2000.mortes;352
serie_por_uf_cid10.MA.2000.populacao;5651475
serie_por_uf_cid10.MA.2000.taxa_por_cem_mil;6.23
serie_por_uf_cid10.MA.2001.mortes;563
serie_por_uf_cid10.MA.2001.populacao;5730432
serie_por_uf_cid10.MA.2001.taxa_por_cem_mil;9.82
serie_por_uf_cid10.MA.2002.mortes;606
serie_por_uf_cid10.MA.2002.populacao;5803283
serie_por_uf_cid10.MA.2002.taxa_por_cem_mil;10.44
serie_por_uf_cid10.MA.2003.mortes;795
serie_por_uf_cid10.MA.2003.populacao;5873646
serie_por_uf_cid10.MA.2003.taxa_por_cem_mil;13.54
serie_por_uf_cid10.MA.2004.mortes;732
serie_por_uf_cid10.MA.2004.populacao;5943807
serie_por_uf_cid10.MA.2004.taxa_por_cem_mil;12.32
serie_por_uf_cid10.MA.2005.mortes;935
serie_por_uf_cid10.MA.2005.populacao;6103338
serie_por_uf_cid10.MA.2005.taxa_por_cem_mil;15.32
serie_por_uf_cid10.MA.2006.mortes;969
serie_por_uf_cid10.MA.2006.populacao;6184543
serie_por_uf_cid10.MA.2006.taxa_por_cem_mil;15.67
serie_por_uf_cid10.MA.2007.mortes;1127
serie_por_uf_cid10.MA.2007.populacao;6265102
serie_por_uf_cid10.MA.2007.taxa_por_cem_mil;17.99
serie_por_uf_cid10.MA.2008.mortes;1277
serie_por_uf_cid10.MA.2008.populacao;6305539
serie_por_uf_cid10.MA.2008.taxa_por_cem_mil;20.25
serie_por_uf_cid10.MA.2009.mortes;1398
serie_por_uf_cid10.MA.2009.populacao;6367111
serie_por_uf_cid10.MA.2009.taxa_por_cem_mil;21.96
serie_por_uf_cid10.MA.2010.mortes;1519
serie_por_uf_cid10.MA.2010.populacao;6574789
serie_por_uf_cid10.MA.2010.taxa_por_cem_mil;23.1
serie_por_uf_cid10.MA.2011.mortes;1591
serie_por_uf_cid10.MA.2011.populacao;6645761
serie_por_uf_cid10.MA.2011.taxa_por_cem_mil;23.94
serie_por_uf_cid10.MA.2012.mortes;1777
serie_por_uf_cid10.MA.2012.populacao;6714314
serie_por_uf_cid10.MA.2012.taxa_por_cem_mil;26.47
serie_por_uf_cid10.MA.2013.mortes;2163
serie_por_uf_cid10.MA.2013.populacao;6794301
serie_por_uf_cid10.MA.2013.taxa_por_cem_mil;31.84
serie_por_uf_cid10.MA.2014.mortes;2462
serie_por_uf_cid10.MA.2014.populacao;6850884
serie_por_uf_cid10.MA.2014.taxa_por_cem_mil;35.94
serie_por_uf_cid10.MA.2015.mortes;2438
serie_por_uf_cid10.MA.2015.populacao;6904241
serie_por_uf_cid10.MA.2015.taxa_por_cem_mil;35.31
serie_por_uf_cid10.MA.2016.mortes;2408
serie_por_uf_cid10.MA.2016.populacao;6954036
serie_por_uf_cid10.MA.2016.taxa_por_cem_mil;34.63
serie_por_uf_cid10.MA.2017.mortes;2180
serie_por_uf_cid10.MA.2017.populacao;7000229
serie_por_uf_cid10.MA.2017.taxa_por_cem_mil;31.14
serie_por_uf_cid10.MA.2018.mortes;1982
serie_por_uf_cid10.MA.2018.populacao;7035055
serie_por_uf_cid10.MA.2018.taxa_por_cem_mil;28.17
serie_por_uf_cid10.MA.2019.mortes;1704
serie_por_uf_cid10.MA.2019.populacao;7075181
serie_por_uf_cid10.MA.2019.taxa_por_cem_mil;24.08
serie_por_uf_cid10.MA.2020.mortes;2103
serie_por_uf_cid10.MA.2020.populacao;7114598
serie_por_uf_cid10.MA.2020.taxa_por_cem_mil;29.56
serie_por_uf_cid10.MA.2021.mortes;1999
serie_por_uf_cid10.MA.2021.populacao;7153262
serie_por_uf_cid10.MA.2021.taxa_por_cem_mil;27.95
serie_por_uf_cid10.MA.2022.mortes;1942
serie_por_uf_cid10.MA.2022.populacao;6775805
serie_por_uf_cid10.MA.2022.taxa_por_cem_mil;28.66
serie_por_uf_cid10.MA.2023.mortes;2008
serie_por_uf_cid10.MA.2023.populacao;
serie_por_uf_cid10.MA.2023.taxa_por_cem_mil;
serie_por_uf_cid10.MA.2024.mortes;2167
serie_por_uf_cid10.MA.2024.populacao;7010960
serie_por_uf_cid10.MA.2024.taxa_por_cem_mil;30.91
serie_por_uf_cid10.MG.1996.mortes;1261
serie_por_uf_cid10.MG.1996.populacao;16672613
serie_por_uf_cid10.MG.1996.taxa_por_cem_mil;7.56
serie_por_uf_cid10.MG.1997.mortes;1347
serie_por_uf_cid10.MG.1997.populacao;16904908
serie_por_uf_cid10.MG.1997.taxa_por_cem_mil;7.97
serie_por_uf_cid10.MG.1998.mortes;1511
serie_por_uf_cid10.MG.1998.populacao;17100267
serie_por_uf_cid10.MG.1998.taxa_por_cem_mil;8.84
serie_por_uf_cid10.MG.1999.mortes;1596
serie_por_uf_cid10.MG.1999.populacao;17296065
serie_por_uf_cid10.MG.1999.taxa_por_cem_mil;9.23
serie_por_uf_cid10.MG.2000.mortes;2109
serie_por_uf_cid10.MG.2000.populacao;17891494
serie_por_uf_cid10.MG.2000.taxa_por_cem_mil;11.79
serie_por_uf_cid10.MG.2001.mortes;2366
serie_por_uf_cid10.MG.2001.populacao;18127024
serie_por_uf_cid10.MG.2001.taxa_por_cem_mil;13.05
serie_por_uf_cid10.MG.2002.mortes;2994
serie_por_uf_cid10.MG.2002.populacao;18343518
serie_por_uf_cid10.MG.2002.taxa_por_cem_mil;16.32
serie_por_uf_cid10.MG.2003.mortes;3869
serie_por_uf_cid10.MG.2003.populacao;18553335
serie_por_uf_cid10.MG.2003.taxa_por_cem_mil;20.85
serie_por_uf_cid10.MG.2004.mortes;4286
serie_por_uf_cid10.MG.2004.populacao;18762405
serie_por_uf_cid10.MG.2004.taxa_por_cem_mil;22.84
serie_por_uf_cid10.MG.2005.mortes;4223
serie_por_uf_cid10.MG.2005.populacao;19237434
serie_por_uf_cid10.MG.2005.taxa_por_cem_mil;21.95
serie_por_uf_cid10.MG.2006.mortes;4177
serie_por_uf_cid10.MG.2006.populacao;19479262
serie_por_uf_cid10.MG.2006.taxa_por_cem_mil;21.44
serie_por_uf_cid10.MG.2007.mortes;4125
serie_por_uf_cid10.MG.2007.populacao;19719285
serie_por_uf_cid10.MG.2007.taxa_por_cem_mil;20.92
serie_por_uf_cid10.MG.2008.mortes;3889
serie_por_uf_cid10.MG.2008.populacao;19850072
serie_por_uf_cid10.MG.2008.taxa_por_cem_mil;19.59
serie_por_uf_cid10.MG.2009.mortes;3742
serie_por_uf_cid10.MG.2009.populacao;20034068
serie_por_uf_cid10.MG.2009.taxa_por_cem_mil;18.68
serie_por_uf_cid10.MG.2010.mortes;3646
serie_por_uf_cid10.MG.2010.populacao;19597330
serie_por_uf_cid10.MG.2010.taxa_por_cem_mil;18.6
serie_por_uf_cid10.MG.2011.mortes;4262
serie_por_uf_cid10.MG.2011.populacao;19728701
serie_por_uf_cid10.MG.2011.taxa_por_cem_mil;21.6
serie_por_uf_cid10.MG.2012.mortes;4562
serie_por_uf_cid10.MG.2012.populacao;19855332
serie_por_uf_cid10.MG.2012.taxa_por_cem_mil;22.98
serie_por_uf_cid10.MG.2013.mortes;4717
serie_por_uf_cid10.MG.2013.populacao;20593356
serie_por_uf_cid10.MG.2013.taxa_por_cem_mil;22.91
serie_por_uf_cid10.MG.2014.mortes;4724
serie_por_uf_cid10.MG.2014.populacao;20734097
serie_por_uf_cid10.MG.2014.taxa_por_cem_mil;22.78
serie_por_uf_cid10.MG.2015.mortes;4532
serie_por_uf_cid10.MG.2015.populacao;20869101
serie_por_uf_cid10.MG.2015.taxa_por_cem_mil;21.72
serie_por_uf_cid10.MG.2016.mortes;4622
serie_por_uf_cid10.MG.2016.populacao;20997560
serie_por_uf_cid10.MG.2016.taxa_por_cem_mil;22.01
serie_por_uf_cid10.MG.2017.mortes;4299
serie_por_uf_cid10.MG.2017.populacao;21119536
serie_por_uf_cid10.MG.2017.taxa_por_cem_mil;20.36
serie_por_uf_cid10.MG.2018.mortes;3372
serie_por_uf_cid10.MG.2018.populacao;21040662
serie_por_uf_cid10.MG.2018.taxa_por_cem_mil;16.03
serie_por_uf_cid10.MG.2019.mortes;2893
serie_por_uf_cid10.MG.2019.populacao;21168791
serie_por_uf_cid10.MG.2019.taxa_por_cem_mil;13.67
serie_por_uf_cid10.MG.2020.mortes;2743
serie_por_uf_cid10.MG.2020.populacao;21292666
serie_por_uf_cid10.MG.2020.taxa_por_cem_mil;12.88
serie_por_uf_cid10.MG.2021.mortes;2577
serie_por_uf_cid10.MG.2021.populacao;21411923
serie_por_uf_cid10.MG.2021.taxa_por_cem_mil;12.04
serie_por_uf_cid10.MG.2022.mortes;2699
serie_por_uf_cid10.MG.2022.populacao;20539989
serie_por_uf_cid10.MG.2022.taxa_por_cem_mil;13.14
serie_por_uf_cid10.MG.2023.mortes;2795
serie_por_uf_cid10.MG.2023.populacao;
serie_por_uf_cid10.MG.2023.taxa_por_cem_mil;
serie_por_uf_cid10.MG.2024.mortes;2731
serie_por_uf_cid10.MG.2024.populacao;21322691
serie_por_uf_cid10.MG.2024.taxa_por_cem_mil;12.81
serie_por_uf_cid10.MS.1996.mortes;722
serie_por_uf_cid10.MS.1996.populacao;1927834
serie_por_uf_cid10.MS.1996.taxa_por_cem_mil;37.45
serie_por_uf_cid10.MS.1997.mortes;729
serie_por_uf_cid10.MS.1997.populacao;1964578
serie_por_uf_cid10.MS.1997.taxa_por_cem_mil;37.11
serie_por_uf_cid10.MS.1998.mortes;670
serie_por_uf_cid10.MS.1998.populacao;1995578
serie_por_uf_cid10.MS.1998.taxa_por_cem_mil;33.57
serie_por_uf_cid10.MS.1999.mortes;571
serie_por_uf_cid10.MS.1999.populacao;2026628
serie_por_uf_cid10.MS.1999.taxa_por_cem_mil;28.17
serie_por_uf_cid10.MS.2000.mortes;651
serie_por_uf_cid10.MS.2000.populacao;2078001
serie_por_uf_cid10.MS.2000.taxa_por_cem_mil;31.33
serie_por_uf_cid10.MS.2001.mortes;621
serie_por_uf_cid10.MS.2001.populacao;2111030
serie_por_uf_cid10.MS.2001.taxa_por_cem_mil;29.42
serie_por_uf_cid10.MS.2002.mortes;684
serie_por_uf_cid10.MS.2002.populacao;2140620
serie_por_uf_cid10.MS.2002.taxa_por_cem_mil;31.95
serie_por_uf_cid10.MS.2003.mortes;705
serie_por_uf_cid10.MS.2003.populacao;2169704
serie_por_uf_cid10.MS.2003.taxa_por_cem_mil;32.49
serie_por_uf_cid10.MS.2004.mortes;656
serie_por_uf_cid10.MS.2004.populacao;2198640
serie_por_uf_cid10.MS.2004.taxa_por_cem_mil;29.84
serie_por_uf_cid10.MS.2005.mortes;631
serie_por_uf_cid10.MS.2005.populacao;2264489
serie_por_uf_cid10.MS.2005.taxa_por_cem_mil;27.87
serie_por_uf_cid10.MS.2006.mortes;683
serie_por_uf_cid10.MS.2006.populacao;2297994
serie_por_uf_cid10.MS.2006.taxa_por_cem_mil;29.72
serie_por_uf_cid10.MS.2007.mortes;710
serie_por_uf_cid10.MS.2007.populacao;2331243
serie_por_uf_cid10.MS.2007.taxa_por_cem_mil;30.46
serie_por_uf_cid10.MS.2008.mortes;699
serie_por_uf_cid10.MS.2008.populacao;2336058
serie_por_uf_cid10.MS.2008.taxa_por_cem_mil;29.92
serie_por_uf_cid10.MS.2009.mortes;725
serie_por_uf_cid10.MS.2009.populacao;2360550
serie_por_uf_cid10.MS.2009.taxa_por_cem_mil;30.71
serie_por_uf_cid10.MS.2010.mortes;656
serie_por_uf_cid10.MS.2010.populacao;2449024
serie_por_uf_cid10.MS.2010.taxa_por_cem_mil;26.79
serie_por_uf_cid10.MS.2011.mortes;673
serie_por_uf_cid10.MS.2011.populacao;2477542
serie_por_uf_cid10.MS.2011.taxa_por_cem_mil;27.16
serie_por_uf_cid10.MS.2012.mortes;683
serie_por_uf_cid10.MS.2012.populacao;2505088
serie_por_uf_cid10.MS.2012.taxa_por_cem_mil;27.26
serie_por_uf_cid10.MS.2013.mortes;630
serie_por_uf_cid10.MS.2013.populacao;2587269
serie_por_uf_cid10.MS.2013.taxa_por_cem_mil;24.35
serie_por_uf_cid10.MS.2014.mortes;700
serie_por_uf_cid10.MS.2014.populacao;2619657
serie_por_uf_cid10.MS.2014.taxa_por_cem_mil;26.72
serie_por_uf_cid10.MS.2015.mortes;634
serie_por_uf_cid10.MS.2015.populacao;2651235
serie_por_uf_cid10.MS.2015.taxa_por_cem_mil;23.91
serie_por_uf_cid10.MS.2016.mortes;671
serie_por_uf_cid10.MS.2016.populacao;2682386
serie_por_uf_cid10.MS.2016.taxa_por_cem_mil;25.02
serie_por_uf_cid10.MS.2017.mortes;659
serie_por_uf_cid10.MS.2017.populacao;2713147
serie_por_uf_cid10.MS.2017.taxa_por_cem_mil;24.29
serie_por_uf_cid10.MS.2018.mortes;572
serie_por_uf_cid10.MS.2018.populacao;2748023
serie_por_uf_cid10.MS.2018.taxa_por_cem_mil;20.81
serie_por_uf_cid10.MS.2019.mortes;491
serie_por_uf_cid10.MS.2019.populacao;2778986
serie_por_uf_cid10.MS.2019.taxa_por_cem_mil;17.67
serie_por_uf_cid10.MS.2020.mortes;491
serie_por_uf_cid10.MS.2020.populacao;2809394
serie_por_uf_cid10.MS.2020.taxa_por_cem_mil;17.48
serie_por_uf_cid10.MS.2021.mortes;551
serie_por_uf_cid10.MS.2021.populacao;2839188
serie_por_uf_cid10.MS.2021.taxa_por_cem_mil;19.41
serie_por_uf_cid10.MS.2022.mortes;550
serie_por_uf_cid10.MS.2022.populacao;2757013
serie_por_uf_cid10.MS.2022.taxa_por_cem_mil;19.95
serie_por_uf_cid10.MS.2023.mortes;584
serie_por_uf_cid10.MS.2023.populacao;
serie_por_uf_cid10.MS.2023.taxa_por_cem_mil;
serie_por_uf_cid10.MS.2024.mortes;519
serie_por_uf_cid10.MS.2024.populacao;2901895
serie_por_uf_cid10.MS.2024.taxa_por_cem_mil;17.88
serie_por_uf_cid10.MT.1996.mortes;660
serie_por_uf_cid10.MT.1996.populacao;2235832
serie_por_uf_cid10.MT.1996.taxa_por_cem_mil;29.52
serie_por_uf_cid10.MT.1997.mortes;766
serie_por_uf_cid10.MT.1997.populacao;2287857
serie_por_uf_cid10.MT.1997.taxa_por_cem_mil;33.48
serie_por_uf_cid10.MT.1998.mortes;832
serie_por_uf_cid10.MT.1998.populacao;2331642
serie_por_uf_cid10.MT.1998.taxa_por_cem_mil;35.68
serie_por_uf_cid10.MT.1999.mortes;822
serie_por_uf_cid10.MT.1999.populacao;2375581
serie_por_uf_cid10.MT.1999.taxa_por_cem_mil;34.6
serie_por_uf_cid10.MT.2000.mortes;990
serie_por_uf_cid10.MT.2000.populacao;2504353
serie_por_uf_cid10.MT.2000.taxa_por_cem_mil;39.53
serie_por_uf_cid10.MT.2001.mortes;973
serie_por_uf_cid10.MT.2001.populacao;2560537
serie_por_uf_cid10.MT.2001.taxa_por_cem_mil;38.0
serie_por_uf_cid10.MT.2002.mortes;948
serie_por_uf_cid10.MT.2002.populacao;2604723
serie_por_uf_cid10.MT.2002.taxa_por_cem_mil;36.4
serie_por_uf_cid10.MT.2003.mortes;908
serie_por_uf_cid10.MT.2003.populacao;2651313
serie_por_uf_cid10.MT.2003.taxa_por_cem_mil;34.25
serie_por_uf_cid10.MT.2004.mortes;853
serie_por_uf_cid10.MT.2004.populacao;2697717
serie_por_uf_cid10.MT.2004.taxa_por_cem_mil;31.62
serie_por_uf_cid10.MT.2005.mortes;907
serie_por_uf_cid10.MT.2005.populacao;2803272
serie_por_uf_cid10.MT.2005.taxa_por_cem_mil;32.36
serie_por_uf_cid10.MT.2006.mortes;896
serie_por_uf_cid10.MT.2006.populacao;2857024
serie_por_uf_cid10.MT.2006.taxa_por_cem_mil;31.36
serie_por_uf_cid10.MT.2007.mortes;889
serie_por_uf_cid10.MT.2007.populacao;2910255
serie_por_uf_cid10.MT.2007.taxa_por_cem_mil;30.55
serie_por_uf_cid10.MT.2008.mortes;937
serie_por_uf_cid10.MT.2008.populacao;2957732
serie_por_uf_cid10.MT.2008.taxa_por_cem_mil;31.68
serie_por_uf_cid10.MT.2009.mortes;1000
serie_por_uf_cid10.MT.2009.populacao;3001725
serie_por_uf_cid10.MT.2009.taxa_por_cem_mil;33.31
serie_por_uf_cid10.MT.2010.mortes;972
serie_por_uf_cid10.MT.2010.populacao;3035122
serie_por_uf_cid10.MT.2010.taxa_por_cem_mil;32.03
serie_por_uf_cid10.MT.2011.mortes;1009
serie_por_uf_cid10.MT.2011.populacao;3075936
serie_por_uf_cid10.MT.2011.taxa_por_cem_mil;32.8
serie_por_uf_cid10.MT.2012.mortes;1074
serie_por_uf_cid10.MT.2012.populacao;3115336
serie_por_uf_cid10.MT.2012.taxa_por_cem_mil;34.47
serie_por_uf_cid10.MT.2013.mortes;1158
serie_por_uf_cid10.MT.2013.populacao;3182113
serie_por_uf_cid10.MT.2013.taxa_por_cem_mil;36.39
serie_por_uf_cid10.MT.2014.mortes;1358
serie_por_uf_cid10.MT.2014.populacao;3224357
serie_por_uf_cid10.MT.2014.taxa_por_cem_mil;42.12
serie_por_uf_cid10.MT.2015.mortes;1203
serie_por_uf_cid10.MT.2015.populacao;3265486
serie_por_uf_cid10.MT.2015.taxa_por_cem_mil;36.84
serie_por_uf_cid10.MT.2016.mortes;1180
serie_por_uf_cid10.MT.2016.populacao;3305531
serie_por_uf_cid10.MT.2016.taxa_por_cem_mil;35.7
serie_por_uf_cid10.MT.2017.mortes;1102
serie_por_uf_cid10.MT.2017.populacao;3344544
serie_por_uf_cid10.MT.2017.taxa_por_cem_mil;32.95
serie_por_uf_cid10.MT.2018.mortes;989
serie_por_uf_cid10.MT.2018.populacao;3441998
serie_por_uf_cid10.MT.2018.taxa_por_cem_mil;28.73
serie_por_uf_cid10.MT.2019.mortes;895
serie_por_uf_cid10.MT.2019.populacao;3484466
serie_por_uf_cid10.MT.2019.taxa_por_cem_mil;25.69
serie_por_uf_cid10.MT.2020.mortes;987
serie_por_uf_cid10.MT.2020.populacao;3526220
serie_por_uf_cid10.MT.2020.taxa_por_cem_mil;27.99
serie_por_uf_cid10.MT.2021.mortes;888
serie_por_uf_cid10.MT.2021.populacao;3567234
serie_por_uf_cid10.MT.2021.taxa_por_cem_mil;24.89
serie_por_uf_cid10.MT.2022.mortes;1077
serie_por_uf_cid10.MT.2022.populacao;3658649
serie_por_uf_cid10.MT.2022.taxa_por_cem_mil;29.44
serie_por_uf_cid10.MT.2023.mortes;1105
serie_por_uf_cid10.MT.2023.populacao;
serie_por_uf_cid10.MT.2023.taxa_por_cem_mil;
serie_por_uf_cid10.MT.2024.mortes;1102
serie_por_uf_cid10.MT.2024.populacao;3836399
serie_por_uf_cid10.MT.2024.taxa_por_cem_mil;28.72
serie_por_uf_cid10.PA.1996.mortes;700
serie_por_uf_cid10.PA.1996.populacao;5510849
serie_por_uf_cid10.PA.1996.taxa_por_cem_mil;12.7
serie_por_uf_cid10.PA.1997.mortes;754
serie_por_uf_cid10.PA.1997.populacao;5650708
serie_por_uf_cid10.PA.1997.taxa_por_cem_mil;13.34
serie_por_uf_cid10.PA.1998.mortes;774
serie_por_uf_cid10.PA.1998.populacao;5768451
serie_por_uf_cid10.PA.1998.taxa_por_cem_mil;13.42
serie_por_uf_cid10.PA.1999.mortes;642
serie_por_uf_cid10.PA.1999.populacao;5886463
serie_por_uf_cid10.PA.1999.taxa_por_cem_mil;10.91
serie_por_uf_cid10.PA.2000.mortes;806
serie_por_uf_cid10.PA.2000.populacao;6192307
serie_por_uf_cid10.PA.2000.taxa_por_cem_mil;13.02
serie_por_uf_cid10.PA.2001.mortes;966
serie_por_uf_cid10.PA.2001.populacao;6341711
serie_por_uf_cid10.PA.2001.taxa_por_cem_mil;15.23
serie_por_uf_cid10.PA.2002.mortes;1192
serie_por_uf_cid10.PA.2002.populacao;6453699
serie_por_uf_cid10.PA.2002.taxa_por_cem_mil;18.47
serie_por_uf_cid10.PA.2003.mortes;1405
serie_por_uf_cid10.PA.2003.populacao;6574990
serie_por_uf_cid10.PA.2003.taxa_por_cem_mil;21.37
serie_por_uf_cid10.PA.2004.mortes;1519
serie_por_uf_cid10.PA.2004.populacao;6695940
serie_por_uf_cid10.PA.2004.taxa_por_cem_mil;22.69
serie_por_uf_cid10.PA.2005.mortes;1926
serie_por_uf_cid10.PA.2005.populacao;6970591
serie_por_uf_cid10.PA.2005.taxa_por_cem_mil;27.63
serie_por_uf_cid10.PA.2006.mortes;2073
serie_por_uf_cid10.PA.2006.populacao;7110462
serie_por_uf_cid10.PA.2006.taxa_por_cem_mil;29.15
serie_por_uf_cid10.PA.2007.mortes;2194
serie_por_uf_cid10.PA.2007.populacao;7249184
serie_por_uf_cid10.PA.2007.taxa_por_cem_mil;30.27
serie_por_uf_cid10.PA.2008.mortes;2860
serie_por_uf_cid10.PA.2008.populacao;7321493
serie_por_uf_cid10.PA.2008.taxa_por_cem_mil;39.06
serie_por_uf_cid10.PA.2009.mortes;2989
serie_por_uf_cid10.PA.2009.populacao;7431041
serie_por_uf_cid10.PA.2009.taxa_por_cem_mil;40.22
serie_por_uf_cid10.PA.2010.mortes;3521
serie_por_uf_cid10.PA.2010.populacao;7581051
serie_por_uf_cid10.PA.2010.taxa_por_cem_mil;46.44
serie_por_uf_cid10.PA.2011.mortes;3073
serie_por_uf_cid10.PA.2011.populacao;7688593
serie_por_uf_cid10.PA.2011.taxa_por_cem_mil;39.97
serie_por_uf_cid10.PA.2012.mortes;3236
serie_por_uf_cid10.PA.2012.populacao;7822205
serie_por_uf_cid10.PA.2012.taxa_por_cem_mil;41.37
serie_por_uf_cid10.PA.2013.mortes;3405
serie_por_uf_cid10.PA.2013.populacao;7969654
serie_por_uf_cid10.PA.2013.taxa_por_cem_mil;42.72
serie_por_uf_cid10.PA.2014.mortes;3446
serie_por_uf_cid10.PA.2014.populacao;8073924
serie_por_uf_cid10.PA.2014.taxa_por_cem_mil;42.68
serie_por_uf_cid10.PA.2015.mortes;3675
serie_por_uf_cid10.PA.2015.populacao;8175113
serie_por_uf_cid10.PA.2015.taxa_por_cem_mil;44.95
serie_por_uf_cid10.PA.2016.mortes;4223
serie_por_uf_cid10.PA.2016.populacao;8272724
serie_por_uf_cid10.PA.2016.taxa_por_cem_mil;51.05
serie_por_uf_cid10.PA.2017.mortes;4575
serie_por_uf_cid10.PA.2017.populacao;8366628
serie_por_uf_cid10.PA.2017.taxa_por_cem_mil;54.68
serie_por_uf_cid10.PA.2018.mortes;4528
serie_por_uf_cid10.PA.2018.populacao;8513497
serie_por_uf_cid10.PA.2018.taxa_por_cem_mil;53.19
serie_por_uf_cid10.PA.2019.mortes;3405
serie_por_uf_cid10.PA.2019.populacao;8602865
serie_por_uf_cid10.PA.2019.taxa_por_cem_mil;39.58
serie_por_uf_cid10.PA.2020.mortes;2809
serie_por_uf_cid10.PA.2020.populacao;8690745
serie_por_uf_cid10.PA.2020.taxa_por_cem_mil;32.32
serie_por_uf_cid10.PA.2021.mortes;2847
serie_por_uf_cid10.PA.2021.populacao;8777124
serie_por_uf_cid10.PA.2021.taxa_por_cem_mil;32.44
serie_por_uf_cid10.PA.2022.mortes;2901
serie_por_uf_cid10.PA.2022.populacao;8121025
serie_por_uf_cid10.PA.2022.taxa_por_cem_mil;35.72
serie_por_uf_cid10.PA.2023.mortes;2542
serie_por_uf_cid10.PA.2023.populacao;
serie_por_uf_cid10.PA.2023.taxa_por_cem_mil;
serie_por_uf_cid10.PA.2024.mortes;2364
serie_por_uf_cid10.PA.2024.populacao;8664306
serie_por_uf_cid10.PA.2024.taxa_por_cem_mil;27.28
serie_por_uf_cid10.PB.1996.mortes;636
serie_por_uf_cid10.PB.1996.populacao;3305616
serie_por_uf_cid10.PB.1996.taxa_por_cem_mil;19.24
serie_por_uf_cid10.PB.1997.mortes;492
serie_por_uf_cid10.PB.1997.populacao;3331734
serie_por_uf_cid10.PB.1997.taxa_por_cem_mil;14.77
serie_por_uf_cid10.PB.1998.mortes;455
serie_por_uf_cid10.PB.1998.populacao;3353609
serie_por_uf_cid10.PB.1998.taxa_por_cem_mil;13.57
serie_por_uf_cid10.PB.1999.mortes;403
serie_por_uf_cid10.PB.1999.populacao;3375600
serie_por_uf_cid10.PB.1999.taxa_por_cem_mil;11.94
serie_por_uf_cid10.PB.2000.mortes;507
serie_por_uf_cid10.PB.2000.populacao;3443825
serie_por_uf_cid10.PB.2000.taxa_por_cem_mil;14.72
serie_por_uf_cid10.PB.2001.mortes;484
serie_por_uf_cid10.PB.2001.populacao;3468534
serie_por_uf_cid10.PB.2001.taxa_por_cem_mil;13.95
serie_por_uf_cid10.PB.2002.mortes;607
serie_por_uf_cid10.PB.2002.populacao;3494965
serie_por_uf_cid10.PB.2002.taxa_por_cem_mil;17.37
serie_por_uf_cid10.PB.2003.mortes;616
serie_por_uf_cid10.PB.2003.populacao;3518607
serie_por_uf_cid10.PB.2003.taxa_por_cem_mil;17.51
serie_por_uf_cid10.PB.2004.mortes;675
serie_por_uf_cid10.PB.2004.populacao;3542167
serie_por_uf_cid10.PB.2004.taxa_por_cem_mil;19.06
serie_por_uf_cid10.PB.2005.mortes;745
serie_por_uf_cid10.PB.2005.populacao;3595849
serie_por_uf_cid10.PB.2005.taxa_por_cem_mil;20.72
serie_por_uf_cid10.PB.2006.mortes;825
serie_por_uf_cid10.PB.2006.populacao;3623198
serie_por_uf_cid10.PB.2006.taxa_por_cem_mil;22.77
serie_por_uf_cid10.PB.2007.mortes;864
serie_por_uf_cid10.PB.2007.populacao;3650180
serie_por_uf_cid10.PB.2007.taxa_por_cem_mil;23.67
serie_por_uf_cid10.PB.2008.mortes;1029
serie_por_uf_cid10.PB.2008.populacao;3742606
serie_por_uf_cid10.PB.2008.taxa_por_cem_mil;27.49
serie_por_uf_cid10.PB.2009.mortes;1263
serie_por_uf_cid10.PB.2009.populacao;3769954
serie_por_uf_cid10.PB.2009.taxa_por_cem_mil;33.5
serie_por_uf_cid10.PB.2010.mortes;1455
serie_por_uf_cid10.PB.2010.populacao;3766528
serie_por_uf_cid10.PB.2010.taxa_por_cem_mil;38.63
serie_por_uf_cid10.PB.2011.mortes;1614
serie_por_uf_cid10.PB.2011.populacao;3791315
serie_por_uf_cid10.PB.2011.taxa_por_cem_mil;42.57
serie_por_uf_cid10.PB.2012.mortes;1525
serie_por_uf_cid10.PB.2012.populacao;3815171
serie_por_uf_cid10.PB.2012.taxa_por_cem_mil;39.97
serie_por_uf_cid10.PB.2013.mortes;1551
serie_por_uf_cid10.PB.2013.populacao;3914421
serie_por_uf_cid10.PB.2013.taxa_por_cem_mil;39.62
serie_por_uf_cid10.PB.2014.mortes;1551
serie_por_uf_cid10.PB.2014.populacao;3943885
serie_por_uf_cid10.PB.2014.taxa_por_cem_mil;39.33
serie_por_uf_cid10.PB.2015.mortes;1522
serie_por_uf_cid10.PB.2015.populacao;3972202
serie_por_uf_cid10.PB.2015.taxa_por_cem_mil;38.32
serie_por_uf_cid10.PB.2016.mortes;1355
serie_por_uf_cid10.PB.2016.populacao;3999415
serie_por_uf_cid10.PB.2016.taxa_por_cem_mil;33.88
serie_por_uf_cid10.PB.2017.mortes;1341
serie_por_uf_cid10.PB.2017.populacao;4025558
serie_por_uf_cid10.PB.2017.taxa_por_cem_mil;33.31
serie_por_uf_cid10.PB.2018.mortes;1244
serie_por_uf_cid10.PB.2018.populacao;3996496
serie_por_uf_cid10.PB.2018.taxa_por_cem_mil;31.13
serie_por_uf_cid10.PB.2019.mortes;953
serie_por_uf_cid10.PB.2019.populacao;4018127
serie_por_uf_cid10.PB.2019.taxa_por_cem_mil;23.72
serie_por_uf_cid10.PB.2020.mortes;1141
serie_por_uf_cid10.PB.2020.populacao;4039277
serie_por_uf_cid10.PB.2020.taxa_por_cem_mil;28.25
serie_por_uf_cid10.PB.2021.mortes;1144
serie_por_uf_cid10.PB.2021.populacao;4059905
serie_por_uf_cid10.PB.2021.taxa_por_cem_mil;28.18
serie_por_uf_cid10.PB.2022.mortes;1105
serie_por_uf_cid10.PB.2022.populacao;3974687
serie_por_uf_cid10.PB.2022.taxa_por_cem_mil;27.8
serie_por_uf_cid10.PB.2023.mortes;1079
serie_por_uf_cid10.PB.2023.populacao;
serie_por_uf_cid10.PB.2023.taxa_por_cem_mil;
serie_por_uf_cid10.PB.2024.mortes;1058
serie_por_uf_cid10.PB.2024.populacao;4145040
serie_por_uf_cid10.PB.2024.taxa_por_cem_mil;25.52
serie_por_uf_cid10.PE.1996.mortes;3022
serie_por_uf_cid10.PE.1996.populacao;7399071
serie_por_uf_cid10.PE.1996.taxa_por_cem_mil;40.84
serie_por_uf_cid10.PE.1997.mortes;3713
serie_por_uf_cid10.PE.1997.populacao;7466811
serie_por_uf_cid10.PE.1997.taxa_por_cem_mil;49.73
serie_por_uf_cid10.PE.1998.mortes;4423
serie_por_uf_cid10.PE.1998.populacao;7523764
serie_por_uf_cid10.PE.1998.taxa_por_cem_mil;58.79
serie_por_uf_cid10.PE.1999.mortes;4217
serie_por_uf_cid10.PE.1999.populacao;7580807
serie_por_uf_cid10.PE.1999.taxa_por_cem_mil;55.63
serie_por_uf_cid10.PE.2000.mortes;4290
serie_por_uf_cid10.PE.2000.populacao;7918344
serie_por_uf_cid10.PE.2000.taxa_por_cem_mil;54.18
serie_por_uf_cid10.PE.2001.mortes;4710
serie_por_uf_cid10.PE.2001.populacao;8008255
serie_por_uf_cid10.PE.2001.taxa_por_cem_mil;58.81
serie_por_uf_cid10.PE.2002.mortes;4396
serie_por_uf_cid10.PE.2002.populacao;8084722
serie_por_uf_cid10.PE.2002.taxa_por_cem_mil;54.37
serie_por_uf_cid10.PE.2003.mortes;4517
serie_por_uf_cid10.PE.2003.populacao;8161828
serie_por_uf_cid10.PE.2003.taxa_por_cem_mil;55.34
serie_por_uf_cid10.PE.2004.mortes;4174
serie_por_uf_cid10.PE.2004.populacao;8238849
serie_por_uf_cid10.PE.2004.taxa_por_cem_mil;50.66
serie_por_uf_cid10.PE.2005.mortes;4330
serie_por_uf_cid10.PE.2005.populacao;8413601
serie_por_uf_cid10.PE.2005.taxa_por_cem_mil;51.46
serie_por_uf_cid10.PE.2006.mortes;4472
serie_por_uf_cid10.PE.2006.populacao;8502602
serie_por_uf_cid10.PE.2006.taxa_por_cem_mil;52.6
serie_por_uf_cid10.PE.2007.mortes;4557
serie_por_uf_cid10.PE.2007.populacao;8590868
serie_por_uf_cid10.PE.2007.taxa_por_cem_mil;53.04
serie_por_uf_cid10.PE.2008.mortes;4446
serie_por_uf_cid10.PE.2008.populacao;8734194
serie_por_uf_cid10.PE.2008.taxa_por_cem_mil;50.9
serie_por_uf_cid10.PE.2009.mortes;3963
serie_por_uf_cid10.PE.2009.populacao;8810318
serie_por_uf_cid10.PE.2009.taxa_por_cem_mil;44.98
serie_por_uf_cid10.PE.2010.mortes;3473
serie_por_uf_cid10.PE.2010.populacao;8796448
serie_por_uf_cid10.PE.2010.taxa_por_cem_mil;39.48
serie_por_uf_cid10.PE.2011.mortes;3471
serie_por_uf_cid10.PE.2011.populacao;8864906
serie_por_uf_cid10.PE.2011.taxa_por_cem_mil;39.15
serie_por_uf_cid10.PE.2012.mortes;3327
serie_por_uf_cid10.PE.2012.populacao;8931028
serie_por_uf_cid10.PE.2012.taxa_por_cem_mil;37.25
serie_por_uf_cid10.PE.2013.mortes;3124
serie_por_uf_cid10.PE.2013.populacao;9208550
serie_por_uf_cid10.PE.2013.taxa_por_cem_mil;33.92
serie_por_uf_cid10.PE.2014.mortes;3358
serie_por_uf_cid10.PE.2014.populacao;9277727
serie_por_uf_cid10.PE.2014.taxa_por_cem_mil;36.19
serie_por_uf_cid10.PE.2015.mortes;3847
serie_por_uf_cid10.PE.2015.populacao;9345173
serie_por_uf_cid10.PE.2015.taxa_por_cem_mil;41.17
serie_por_uf_cid10.PE.2016.mortes;4447
serie_por_uf_cid10.PE.2016.populacao;9410336
serie_por_uf_cid10.PE.2016.taxa_por_cem_mil;47.26
serie_por_uf_cid10.PE.2017.mortes;5419
serie_por_uf_cid10.PE.2017.populacao;9473266
serie_por_uf_cid10.PE.2017.taxa_por_cem_mil;57.2
serie_por_uf_cid10.PE.2018.mortes;4190
serie_por_uf_cid10.PE.2018.populacao;9496294
serie_por_uf_cid10.PE.2018.taxa_por_cem_mil;44.12
serie_por_uf_cid10.PE.2019.mortes;3474
serie_por_uf_cid10.PE.2019.populacao;9557071
serie_por_uf_cid10.PE.2019.taxa_por_cem_mil;36.35
serie_por_uf_cid10.PE.2020.mortes;3786
serie_por_uf_cid10.PE.2020.populacao;9616621
serie_por_uf_cid10.PE.2020.taxa_por_cem_mil;39.37
serie_por_uf_cid10.PE.2021.mortes;3439
serie_por_uf_cid10.PE.2021.populacao;9674793
serie_por_uf_cid10.PE.2021.taxa_por_cem_mil;35.55
serie_por_uf_cid10.PE.2022.mortes;3409
serie_por_uf_cid10.PE.2022.populacao;9058931
serie_por_uf_cid10.PE.2022.taxa_por_cem_mil;37.63
serie_por_uf_cid10.PE.2023.mortes;3697
serie_por_uf_cid10.PE.2023.populacao;
serie_por_uf_cid10.PE.2023.taxa_por_cem_mil;
serie_por_uf_cid10.PE.2024.mortes;3534
serie_por_uf_cid10.PE.2024.populacao;9539029
serie_por_uf_cid10.PE.2024.taxa_por_cem_mil;37.05
serie_por_uf_cid10.PI.1996.mortes;117
serie_por_uf_cid10.PI.1996.populacao;2673085
serie_por_uf_cid10.PI.1996.taxa_por_cem_mil;4.38
serie_por_uf_cid10.PI.1997.mortes;142
serie_por_uf_cid10.PI.1997.populacao;2695950
serie_por_uf_cid10.PI.1997.taxa_por_cem_mil;5.27
serie_por_uf_cid10.PI.1998.mortes;140
serie_por_uf_cid10.PI.1998.populacao;2714928
serie_por_uf_cid10.PI.1998.taxa_por_cem_mil;5.16
serie_por_uf_cid10.PI.1999.mortes;133
serie_por_uf_cid10.PI.1999.populacao;2734158
serie_por_uf_cid10.PI.1999.taxa_por_cem_mil;4.86
serie_por_uf_cid10.PI.2000.mortes;230
serie_por_uf_cid10.PI.2000.populacao;2843278
serie_por_uf_cid10.PI.2000.taxa_por_cem_mil;8.09
serie_por_uf_cid10.PI.2001.mortes;262
serie_por_uf_cid10.PI.2001.populacao;2872983
serie_por_uf_cid10.PI.2001.taxa_por_cem_mil;9.12
serie_por_uf_cid10.PI.2002.mortes;308
serie_por_uf_cid10.PI.2002.populacao;2898191
serie_por_uf_cid10.PI.2002.taxa_por_cem_mil;10.63
serie_por_uf_cid10.PI.2003.mortes;298
serie_por_uf_cid10.PI.2003.populacao;2923695
serie_por_uf_cid10.PI.2003.taxa_por_cem_mil;10.19
serie_por_uf_cid10.PI.2004.mortes;327
serie_por_uf_cid10.PI.2004.populacao;2949133
serie_por_uf_cid10.PI.2004.taxa_por_cem_mil;11.09
serie_por_uf_cid10.PI.2005.mortes;368
serie_por_uf_cid10.PI.2005.populacao;3006886
serie_por_uf_cid10.PI.2005.taxa_por_cem_mil;12.24
serie_por_uf_cid10.PI.2006.mortes;418
serie_por_uf_cid10.PI.2006.populacao;3036271
serie_por_uf_cid10.PI.2006.taxa_por_cem_mil;13.77
serie_por_uf_cid10.PI.2007.mortes;383
serie_por_uf_cid10.PI.2007.populacao;3065488
serie_por_uf_cid10.PI.2007.taxa_por_cem_mil;12.49
serie_por_uf_cid10.PI.2008.mortes;361
serie_por_uf_cid10.PI.2008.populacao;3119697
serie_por_uf_cid10.PI.2008.taxa_por_cem_mil;11.57
serie_por_uf_cid10.PI.2009.mortes;385
serie_por_uf_cid10.PI.2009.populacao;3145164
serie_por_uf_cid10.PI.2009.taxa_por_cem_mil;12.24
serie_por_uf_cid10.PI.2010.mortes;411
serie_por_uf_cid10.PI.2010.populacao;3118360
serie_por_uf_cid10.PI.2010.taxa_por_cem_mil;13.18
serie_por_uf_cid10.PI.2011.mortes;440
serie_por_uf_cid10.PI.2011.populacao;3140328
serie_por_uf_cid10.PI.2011.taxa_por_cem_mil;14.01
serie_por_uf_cid10.PI.2012.mortes;525
serie_por_uf_cid10.PI.2012.populacao;3160748
serie_por_uf_cid10.PI.2012.taxa_por_cem_mil;16.61
serie_por_uf_cid10.PI.2013.mortes;598
serie_por_uf_cid10.PI.2013.populacao;3184166
serie_por_uf_cid10.PI.2013.taxa_por_cem_mil;18.78
serie_por_uf_cid10.PI.2014.mortes;717
serie_por_uf_cid10.PI.2014.populacao;3194718
serie_por_uf_cid10.PI.2014.taxa_por_cem_mil;22.44
serie_por_uf_cid10.PI.2015.mortes;650
serie_por_uf_cid10.PI.2015.populacao;3204028
serie_por_uf_cid10.PI.2015.taxa_por_cem_mil;20.29
serie_por_uf_cid10.PI.2016.mortes;701
serie_por_uf_cid10.PI.2016.populacao;3212180
serie_por_uf_cid10.PI.2016.taxa_por_cem_mil;21.82
serie_por_uf_cid10.PI.2017.mortes;626
serie_por_uf_cid10.PI.2017.populacao;3219257
serie_por_uf_cid10.PI.2017.taxa_por_cem_mil;19.45
serie_por_uf_cid10.PI.2018.mortes;619
serie_por_uf_cid10.PI.2018.populacao;3264531
serie_por_uf_cid10.PI.2018.taxa_por_cem_mil;18.96
serie_por_uf_cid10.PI.2019.mortes;569
serie_por_uf_cid10.PI.2019.populacao;3273227
serie_por_uf_cid10.PI.2019.taxa_por_cem_mil;17.38
serie_por_uf_cid10.PI.2020.mortes;674
serie_por_uf_cid10.PI.2020.populacao;3281480
serie_por_uf_cid10.PI.2020.taxa_por_cem_mil;20.54
serie_por_uf_cid10.PI.2021.mortes;766
serie_por_uf_cid10.PI.2021.populacao;3289290
serie_por_uf_cid10.PI.2021.taxa_por_cem_mil;23.29
serie_por_uf_cid10.PI.2022.mortes;794
serie_por_uf_cid10.PI.2022.populacao;3271199
serie_por_uf_cid10.PI.2022.taxa_por_cem_mil;24.27
serie_por_uf_cid10.PI.2023.mortes;725
serie_por_uf_cid10.PI.2023.populacao;
serie_por_uf_cid10.PI.2023.taxa_por_cem_mil;
serie_por_uf_cid10.PI.2024.mortes;697
serie_por_uf_cid10.PI.2024.populacao;3375646
serie_por_uf_cid10.PI.2024.taxa_por_cem_mil;20.65
serie_por_uf_cid10.PR.1996.mortes;1379
serie_por_uf_cid10.PR.1996.populacao;9003804
serie_por_uf_cid10.PR.1996.taxa_por_cem_mil;15.32
serie_por_uf_cid10.PR.1997.mortes;1581
serie_por_uf_cid10.PR.1997.populacao;9142202
serie_por_uf_cid10.PR.1997.taxa_por_cem_mil;17.29
serie_por_uf_cid10.PR.1998.mortes;1625
serie_por_uf_cid10.PR.1998.populacao;9258789
serie_por_uf_cid10.PR.1998.taxa_por_cem_mil;17.55
serie_por_uf_cid10.PR.1999.mortes;1706
serie_por_uf_cid10.PR.1999.populacao;9375665
serie_por_uf_cid10.PR.1999.taxa_por_cem_mil;18.2
serie_por_uf_cid10.PR.2000.mortes;1789
serie_por_uf_cid10.PR.2000.populacao;9563458
serie_por_uf_cid10.PR.2000.taxa_por_cem_mil;18.71
serie_por_uf_cid10.PR.2001.mortes;2052
serie_por_uf_cid10.PR.2001.populacao;9694769
serie_por_uf_cid10.PR.2001.taxa_por_cem_mil;21.17
serie_por_uf_cid10.PR.2002.mortes;2266
serie_por_uf_cid10.PR.2002.populacao;9797965
serie_por_uf_cid10.PR.2002.taxa_por_cem_mil;23.13
serie_por_uf_cid10.PR.2003.mortes;2555
serie_por_uf_cid10.PR.2003.populacao;9906812
serie_por_uf_cid10.PR.2003.taxa_por_cem_mil;25.79
serie_por_uf_cid10.PR.2004.mortes;2826
serie_por_uf_cid10.PR.2004.populacao;10015425
serie_por_uf_cid10.PR.2004.taxa_por_cem_mil;28.22
serie_por_uf_cid10.PR.2005.mortes;2977
serie_por_uf_cid10.PR.2005.populacao;10261840
serie_por_uf_cid10.PR.2005.taxa_por_cem_mil;29.01
serie_por_uf_cid10.PR.2006.mortes;3098
serie_por_uf_cid10.PR.2006.populacao;10387408
serie_por_uf_cid10.PR.2006.taxa_por_cem_mil;29.82
serie_por_uf_cid10.PR.2007.mortes;3105
serie_por_uf_cid10.PR.2007.populacao;10511933
serie_por_uf_cid10.PR.2007.taxa_por_cem_mil;29.54
serie_por_uf_cid10.PR.2008.mortes;3445
serie_por_uf_cid10.PR.2008.populacao;10590169
serie_por_uf_cid10.PR.2008.taxa_por_cem_mil;32.53
serie_por_uf_cid10.PR.2009.mortes;3698
serie_por_uf_cid10.PR.2009.populacao;10686228
serie_por_uf_cid10.PR.2009.taxa_por_cem_mil;34.61
serie_por_uf_cid10.PR.2010.mortes;3586
serie_por_uf_cid10.PR.2010.populacao;10444526
serie_por_uf_cid10.PR.2010.taxa_por_cem_mil;34.33
serie_por_uf_cid10.PR.2011.mortes;3376
serie_por_uf_cid10.PR.2011.populacao;10512349
serie_por_uf_cid10.PR.2011.taxa_por_cem_mil;32.11
serie_por_uf_cid10.PR.2012.mortes;3489
serie_por_uf_cid10.PR.2012.populacao;10577755
serie_por_uf_cid10.PR.2012.taxa_por_cem_mil;32.98
serie_por_uf_cid10.PR.2013.mortes;2936
serie_por_uf_cid10.PR.2013.populacao;10997465
serie_por_uf_cid10.PR.2013.taxa_por_cem_mil;26.7
serie_por_uf_cid10.PR.2014.mortes;2980
serie_por_uf_cid10.PR.2014.populacao;11081692
serie_por_uf_cid10.PR.2014.taxa_por_cem_mil;26.89
serie_por_uf_cid10.PR.2015.mortes;2936
serie_por_uf_cid10.PR.2015.populacao;11163018
serie_por_uf_cid10.PR.2015.taxa_por_cem_mil;26.3
serie_por_uf_cid10.PR.2016.mortes;3080
serie_por_uf_cid10.PR.2016.populacao;11242720
serie_por_uf_cid10.PR.2016.taxa_por_cem_mil;27.4
serie_por_uf_cid10.PR.2017.mortes;2759
serie_por_uf_cid10.PR.2017.populacao;11320892
serie_por_uf_cid10.PR.2017.taxa_por_cem_mil;24.37
serie_por_uf_cid10.PR.2018.mortes;2443
serie_por_uf_cid10.PR.2018.populacao;11348937
serie_por_uf_cid10.PR.2018.taxa_por_cem_mil;21.53
serie_por_uf_cid10.PR.2019.mortes;2095
serie_por_uf_cid10.PR.2019.populacao;11433957
serie_por_uf_cid10.PR.2019.taxa_por_cem_mil;18.32
serie_por_uf_cid10.PR.2020.mortes;2281
serie_por_uf_cid10.PR.2020.populacao;11516840
serie_por_uf_cid10.PR.2020.taxa_por_cem_mil;19.81
serie_por_uf_cid10.PR.2021.mortes;2348
serie_por_uf_cid10.PR.2021.populacao;11597484
serie_por_uf_cid10.PR.2021.taxa_por_cem_mil;20.25
serie_por_uf_cid10.PR.2022.mortes;2600
serie_por_uf_cid10.PR.2022.populacao;11444380
serie_por_uf_cid10.PR.2022.taxa_por_cem_mil;22.72
serie_por_uf_cid10.PR.2023.mortes;2214
serie_por_uf_cid10.PR.2023.populacao;
serie_por_uf_cid10.PR.2023.taxa_por_cem_mil;
serie_por_uf_cid10.PR.2024.mortes;2194
serie_por_uf_cid10.PR.2024.populacao;11824665
serie_por_uf_cid10.PR.2024.taxa_por_cem_mil;18.55
serie_por_uf_cid10.RJ.1996.mortes;8034
serie_por_uf_cid10.RJ.1996.populacao;13406308
serie_por_uf_cid10.RJ.1996.taxa_por_cem_mil;59.93
serie_por_uf_cid10.RJ.1997.mortes;7954
serie_por_uf_cid10.RJ.1997.populacao;13555652
serie_por_uf_cid10.RJ.1997.taxa_por_cem_mil;58.68
serie_por_uf_cid10.RJ.1998.mortes;7573
serie_por_uf_cid10.RJ.1998.populacao;13681431
serie_por_uf_cid10.RJ.1998.taxa_por_cem_mil;55.35
serie_por_uf_cid10.RJ.1999.mortes;7261
serie_por_uf_cid10.RJ.1999.populacao;13807368
serie_por_uf_cid10.RJ.1999.taxa_por_cem_mil;52.59
serie_por_uf_cid10.RJ.2000.mortes;7350
serie_por_uf_cid10.RJ.2000.populacao;14391282
serie_por_uf_cid10.RJ.2000.taxa_por_cem_mil;51.07
serie_por_uf_cid10.RJ.2001.mortes;7362
serie_por_uf_cid10.RJ.2001.populacao;14558561
serie_por_uf_cid10.RJ.2001.taxa_por_cem_mil;50.57
serie_por_uf_cid10.RJ.2002.mortes;8335
serie_por_uf_cid10.RJ.2002.populacao;14724479
serie_por_uf_cid10.RJ.2002.taxa_por_cem_mil;56.61
serie_por_uf_cid10.RJ.2003.mortes;8115
serie_por_uf_cid10.RJ.2003.populacao;14879144
serie_por_uf_cid10.RJ.2003.taxa_por_cem_mil;54.54
serie_por_uf_cid10.RJ.2004.mortes;7731
serie_por_uf_cid10.RJ.2004.populacao;15033317
serie_por_uf_cid10.RJ.2004.taxa_por_cem_mil;51.43
serie_por_uf_cid10.RJ.2005.mortes;7408
serie_por_uf_cid10.RJ.2005.populacao;15383422
serie_por_uf_cid10.RJ.2005.taxa_por_cem_mil;48.16
serie_por_uf_cid10.RJ.2006.mortes;7389
serie_por_uf_cid10.RJ.2006.populacao;15561720
serie_por_uf_cid10.RJ.2006.taxa_por_cem_mil;47.48
serie_por_uf_cid10.RJ.2007.mortes;6551
serie_por_uf_cid10.RJ.2007.populacao;15738536
serie_por_uf_cid10.RJ.2007.taxa_por_cem_mil;41.62
serie_por_uf_cid10.RJ.2008.mortes;5662
serie_por_uf_cid10.RJ.2008.populacao;15872362
serie_por_uf_cid10.RJ.2008.taxa_por_cem_mil;35.67
serie_por_uf_cid10.RJ.2009.mortes;5365
serie_por_uf_cid10.RJ.2009.populacao;16010386
serie_por_uf_cid10.RJ.2009.taxa_por_cem_mil;33.51
serie_por_uf_cid10.RJ.2010.mortes;5667
serie_por_uf_cid10.RJ.2010.populacao;15989929
serie_por_uf_cid10.RJ.2010.taxa_por_cem_mil;35.44
serie_por_uf_cid10.RJ.2011.mortes;4781
serie_por_uf_cid10.RJ.2011.populacao;16112678
serie_por_uf_cid10.RJ.2011.taxa_por_cem_mil;29.67
serie_por_uf_cid10.RJ.2012.mortes;4772
serie_por_uf_cid10.RJ.2012.populacao;16231365
serie_por_uf_cid10.RJ.2012.taxa_por_cem_mil;29.4
serie_por_uf_cid10.RJ.2013.mortes;5111
serie_por_uf_cid10.RJ.2013.populacao;16369179
serie_por_uf_cid10.RJ.2013.taxa_por_cem_mil;31.22
serie_por_uf_cid10.RJ.2014.mortes;5718
serie_por_uf_cid10.RJ.2014.populacao;16461173
serie_por_uf_cid10.RJ.2014.taxa_por_cem_mil;34.74
serie_por_uf_cid10.RJ.2015.mortes;5067
serie_por_uf_cid10.RJ.2015.populacao;16550024
serie_por_uf_cid10.RJ.2015.taxa_por_cem_mil;30.62
serie_por_uf_cid10.RJ.2016.mortes;6053
serie_por_uf_cid10.RJ.2016.populacao;16635996
serie_por_uf_cid10.RJ.2016.taxa_por_cem_mil;36.38
serie_por_uf_cid10.RJ.2017.mortes;6416
serie_por_uf_cid10.RJ.2017.populacao;16718956
serie_por_uf_cid10.RJ.2017.taxa_por_cem_mil;38.38
serie_por_uf_cid10.RJ.2018.mortes;6455
serie_por_uf_cid10.RJ.2018.populacao;17159960
serie_por_uf_cid10.RJ.2018.taxa_por_cem_mil;37.62
serie_por_uf_cid10.RJ.2019.mortes;3552
serie_por_uf_cid10.RJ.2019.populacao;17264943
serie_por_uf_cid10.RJ.2019.taxa_por_cem_mil;20.57
serie_por_uf_cid10.RJ.2020.mortes;4831
serie_por_uf_cid10.RJ.2020.populacao;17366189
serie_por_uf_cid10.RJ.2020.taxa_por_cem_mil;27.82
serie_por_uf_cid10.RJ.2021.mortes;4693
serie_por_uf_cid10.RJ.2021.populacao;17463349
serie_por_uf_cid10.RJ.2021.taxa_por_cem_mil;26.87
serie_por_uf_cid10.RJ.2022.mortes;3762
serie_por_uf_cid10.RJ.2022.populacao;16055174
serie_por_uf_cid10.RJ.2022.taxa_por_cem_mil;23.43
serie_por_uf_cid10.RJ.2023.mortes;4292
serie_por_uf_cid10.RJ.2023.populacao;
serie_por_uf_cid10.RJ.2023.taxa_por_cem_mil;
serie_por_uf_cid10.RJ.2024.mortes;3520
serie_por_uf_cid10.RJ.2024.populacao;17219679
serie_por_uf_cid10.RJ.2024.taxa_por_cem_mil;20.44
serie_por_uf_cid10.RN.1996.mortes;241
serie_por_uf_cid10.RN.1996.populacao;2558660
serie_por_uf_cid10.RN.1996.taxa_por_cem_mil;9.42
serie_por_uf_cid10.RN.1997.mortes;235
serie_por_uf_cid10.RN.1997.populacao;2594306
serie_por_uf_cid10.RN.1997.taxa_por_cem_mil;9.06
serie_por_uf_cid10.RN.1998.mortes;222
serie_por_uf_cid10.RN.1998.populacao;2624456
serie_por_uf_cid10.RN.1998.taxa_por_cem_mil;8.46
serie_por_uf_cid10.RN.1999.mortes;224
serie_por_uf_cid10.RN.1999.populacao;2654464
serie_por_uf_cid10.RN.1999.taxa_por_cem_mil;8.44
serie_por_uf_cid10.RN.2000.mortes;257
serie_por_uf_cid10.RN.2000.populacao;2776782
serie_por_uf_cid10.RN.2000.taxa_por_cem_mil;9.26
serie_por_uf_cid10.RN.2001.mortes;322
serie_por_uf_cid10.RN.2001.populacao;2815203
serie_por_uf_cid10.RN.2001.taxa_por_cem_mil;11.44
serie_por_uf_cid10.RN.2002.mortes;299
serie_por_uf_cid10.RN.2002.populacao;2852800
serie_por_uf_cid10.RN.2002.taxa_por_cem_mil;10.48
serie_por_uf_cid10.RN.2003.mortes;405
serie_por_uf_cid10.RN.2003.populacao;2888087
serie_por_uf_cid10.RN.2003.taxa_por_cem_mil;14.02
serie_por_uf_cid10.RN.2004.mortes;344
serie_por_uf_cid10.RN.2004.populacao;2923287
serie_por_uf_cid10.RN.2004.taxa_por_cem_mil;11.77
serie_por_uf_cid10.RN.2005.mortes;406
serie_por_uf_cid10.RN.2005.populacao;3003040
serie_por_uf_cid10.RN.2005.taxa_por_cem_mil;13.52
serie_por_uf_cid10.RN.2006.mortes;455
serie_por_uf_cid10.RN.2006.populacao;3043740
serie_por_uf_cid10.RN.2006.taxa_por_cem_mil;14.95
serie_por_uf_cid10.RN.2007.mortes;589
serie_por_uf_cid10.RN.2007.populacao;3084106
serie_por_uf_cid10.RN.2007.taxa_por_cem_mil;19.1
serie_por_uf_cid10.RN.2008.mortes;714
serie_por_uf_cid10.RN.2008.populacao;3106430
serie_por_uf_cid10.RN.2008.taxa_por_cem_mil;22.98
serie_por_uf_cid10.RN.2009.mortes;800
serie_por_uf_cid10.RN.2009.populacao;3137646
serie_por_uf_cid10.RN.2009.taxa_por_cem_mil;25.5
serie_por_uf_cid10.RN.2010.mortes;810
serie_por_uf_cid10.RN.2010.populacao;3168027
serie_por_uf_cid10.RN.2010.taxa_por_cem_mil;25.57
serie_por_uf_cid10.RN.2011.mortes;1054
serie_por_uf_cid10.RN.2011.populacao;3198657
serie_por_uf_cid10.RN.2011.taxa_por_cem_mil;32.95
serie_por_uf_cid10.RN.2012.mortes;1124
serie_por_uf_cid10.RN.2012.populacao;3228198
serie_por_uf_cid10.RN.2012.taxa_por_cem_mil;34.82
serie_por_uf_cid10.RN.2013.mortes;1447
serie_por_uf_cid10.RN.2013.populacao;3373959
serie_por_uf_cid10.RN.2013.taxa_por_cem_mil;42.89
serie_por_uf_cid10.RN.2014.mortes;1602
serie_por_uf_cid10.RN.2014.populacao;3408510
serie_por_uf_cid10.RN.2014.taxa_por_cem_mil;47.0
serie_por_uf_cid10.RN.2015.mortes;1545
serie_por_uf_cid10.RN.2015.populacao;3442175
serie_por_uf_cid10.RN.2015.taxa_por_cem_mil;44.88
serie_por_uf_cid10.RN.2016.mortes;1854
serie_por_uf_cid10.RN.2016.populacao;3474998
serie_por_uf_cid10.RN.2016.taxa_por_cem_mil;53.35
serie_por_uf_cid10.RN.2017.mortes;2203
serie_por_uf_cid10.RN.2017.populacao;3507003
serie_por_uf_cid10.RN.2017.taxa_por_cem_mil;62.82
serie_por_uf_cid10.RN.2018.mortes;1825
serie_por_uf_cid10.RN.2018.populacao;3479010
serie_por_uf_cid10.RN.2018.taxa_por_cem_mil;52.46
serie_por_uf_cid10.RN.2019.mortes;1346
serie_por_uf_cid10.RN.2019.populacao;3506853
serie_por_uf_cid10.RN.2019.taxa_por_cem_mil;38.38
serie_por_uf_cid10.RN.2020.mortes;1406
serie_por_uf_cid10.RN.2020.populacao;3534165
serie_por_uf_cid10.RN.2020.taxa_por_cem_mil;39.78
serie_por_uf_cid10.RN.2021.mortes;1179
serie_por_uf_cid10.RN.2021.populacao;3560903
serie_por_uf_cid10.RN.2021.taxa_por_cem_mil;33.11
serie_por_uf_cid10.RN.2022.mortes;1167
serie_por_uf_cid10.RN.2022.populacao;3302729
serie_por_uf_cid10.RN.2022.taxa_por_cem_mil;35.33
serie_por_uf_cid10.RN.2023.mortes;955
serie_por_uf_cid10.RN.2023.populacao;
serie_por_uf_cid10.RN.2023.taxa_por_cem_mil;
serie_por_uf_cid10.RN.2024.mortes;809
serie_por_uf_cid10.RN.2024.populacao;3446071
serie_por_uf_cid10.RN.2024.taxa_por_cem_mil;23.48
serie_por_uf_cid10.RO.1996.mortes;301
serie_por_uf_cid10.RO.1996.populacao;1229306
serie_por_uf_cid10.RO.1996.taxa_por_cem_mil;24.49
serie_por_uf_cid10.RO.1997.mortes;355
serie_por_uf_cid10.RO.1997.populacao;1255538
serie_por_uf_cid10.RO.1997.taxa_por_cem_mil;28.27
serie_por_uf_cid10.RO.1998.mortes;494
serie_por_uf_cid10.RO.1998.populacao;1276181
serie_por_uf_cid10.RO.1998.taxa_por_cem_mil;38.71
serie_por_uf_cid10.RO.1999.mortes;432
serie_por_uf_cid10.RO.1999.populacao;1296832
serie_por_uf_cid10.RO.1999.taxa_por_cem_mil;33.31
serie_por_uf_cid10.RO.2000.mortes;466
serie_por_uf_cid10.RO.2000.populacao;1379787
serie_por_uf_cid10.RO.2000.taxa_por_cem_mil;33.77
serie_por_uf_cid10.RO.2001.mortes;573
serie_por_uf_cid10.RO.2001.populacao;1407878
serie_por_uf_cid10.RO.2001.taxa_por_cem_mil;40.7
serie_por_uf_cid10.RO.2002.mortes;615
serie_por_uf_cid10.RO.2002.populacao;1431776
serie_por_uf_cid10.RO.2002.taxa_por_cem_mil;42.95
serie_por_uf_cid10.RO.2003.mortes;566
serie_por_uf_cid10.RO.2003.populacao;1455914
serie_por_uf_cid10.RO.2003.taxa_por_cem_mil;38.88
serie_por_uf_cid10.RO.2004.mortes;563
serie_por_uf_cid10.RO.2004.populacao;1479940
serie_por_uf_cid10.RO.2004.taxa_por_cem_mil;38.04
serie_por_uf_cid10.RO.2005.mortes;555
serie_por_uf_cid10.RO.2005.populacao;1534584
serie_por_uf_cid10.RO.2005.taxa_por_cem_mil;36.17
serie_por_uf_cid10.RO.2006.mortes;585
serie_por_uf_cid10.RO.2006.populacao;1562406
serie_por_uf_cid10.RO.2006.taxa_por_cem_mil;37.44
serie_por_uf_cid10.RO.2007.mortes;432
serie_por_uf_cid10.RO.2007.populacao;1590027
serie_por_uf_cid10.RO.2007.taxa_por_cem_mil;27.17
serie_por_uf_cid10.RO.2008.mortes;480
serie_por_uf_cid10.RO.2008.populacao;1493566
serie_por_uf_cid10.RO.2008.taxa_por_cem_mil;32.14
serie_por_uf_cid10.RO.2009.mortes;538
serie_por_uf_cid10.RO.2009.populacao;1503911
serie_por_uf_cid10.RO.2009.taxa_por_cem_mil;35.77
serie_por_uf_cid10.RO.2010.mortes;546
serie_por_uf_cid10.RO.2010.populacao;1562409
serie_por_uf_cid10.RO.2010.taxa_por_cem_mil;34.95
serie_por_uf_cid10.RO.2011.mortes;450
serie_por_uf_cid10.RO.2011.populacao;1576455
serie_por_uf_cid10.RO.2011.taxa_por_cem_mil;28.55
serie_por_uf_cid10.RO.2012.mortes;526
serie_por_uf_cid10.RO.2012.populacao;1590011
serie_por_uf_cid10.RO.2012.taxa_por_cem_mil;33.08
serie_por_uf_cid10.RO.2013.mortes;483
serie_por_uf_cid10.RO.2013.populacao;1728214
serie_por_uf_cid10.RO.2013.taxa_por_cem_mil;27.95
serie_por_uf_cid10.RO.2014.mortes;578
serie_por_uf_cid10.RO.2014.populacao;1748531
serie_por_uf_cid10.RO.2014.taxa_por_cem_mil;33.06
serie_por_uf_cid10.RO.2015.mortes;600
serie_por_uf_cid10.RO.2015.populacao;1768204
serie_por_uf_cid10.RO.2015.taxa_por_cem_mil;33.93
serie_por_uf_cid10.RO.2016.mortes;703
serie_por_uf_cid10.RO.2016.populacao;1787279
serie_por_uf_cid10.RO.2016.taxa_por_cem_mil;39.33
serie_por_uf_cid10.RO.2017.mortes;554
serie_por_uf_cid10.RO.2017.populacao;1805788
serie_por_uf_cid10.RO.2017.taxa_por_cem_mil;30.68
serie_por_uf_cid10.RO.2018.mortes;476
serie_por_uf_cid10.RO.2018.populacao;1757589
serie_por_uf_cid10.RO.2018.taxa_por_cem_mil;27.08
serie_por_uf_cid10.RO.2019.mortes;447
serie_por_uf_cid10.RO.2019.populacao;1777225
serie_por_uf_cid10.RO.2019.taxa_por_cem_mil;25.15
serie_por_uf_cid10.RO.2020.mortes;456
serie_por_uf_cid10.RO.2020.populacao;1796460
serie_por_uf_cid10.RO.2020.taxa_por_cem_mil;25.38
serie_por_uf_cid10.RO.2021.mortes;536
serie_por_uf_cid10.RO.2021.populacao;1815278
serie_por_uf_cid10.RO.2021.taxa_por_cem_mil;29.53
serie_por_uf_cid10.RO.2022.mortes;601
serie_por_uf_cid10.RO.2022.populacao;1581196
serie_por_uf_cid10.RO.2022.taxa_por_cem_mil;38.01
serie_por_uf_cid10.RO.2023.mortes;552
serie_por_uf_cid10.RO.2023.populacao;
serie_por_uf_cid10.RO.2023.taxa_por_cem_mil;
serie_por_uf_cid10.RO.2024.mortes;525
serie_por_uf_cid10.RO.2024.populacao;1746227
serie_por_uf_cid10.RO.2024.taxa_por_cem_mil;30.06
serie_por_uf_cid10.RR.1996.mortes;107
serie_por_uf_cid10.RR.1996.populacao;247131
serie_por_uf_cid10.RR.1996.taxa_por_cem_mil;43.3
serie_por_uf_cid10.RR.1997.mortes;90
serie_por_uf_cid10.RR.1997.populacao;254498
serie_por_uf_cid10.RR.1997.taxa_por_cem_mil;35.36
serie_por_uf_cid10.RR.1998.mortes;134
serie_por_uf_cid10.RR.1998.populacao;260701
serie_por_uf_cid10.RR.1998.taxa_por_cem_mil;51.4
serie_por_uf_cid10.RR.1999.mortes;154
serie_por_uf_cid10.RR.1999.populacao;266914
serie_por_uf_cid10.RR.1999.taxa_por_cem_mil;57.7
serie_por_uf_cid10.RR.2000.mortes;130
serie_por_uf_cid10.RR.2000.populacao;324397
serie_por_uf_cid10.RR.2000.taxa_por_cem_mil;40.07
serie_por_uf_cid10.RR.2001.mortes;108
serie_por_uf_cid10.RR.2001.populacao;337253
serie_por_uf_cid10.RR.2001.taxa_por_cem_mil;32.02
serie_por_uf_cid10.RR.2002.mortes;122
serie_por_uf_cid10.RR.2002.populacao;346866
serie_por_uf_cid10.RR.2002.taxa_por_cem_mil;35.17
serie_por_uf_cid10.RR.2003.mortes;106
serie_por_uf_cid10.RR.2003.populacao;357296
serie_por_uf_cid10.RR.2003.taxa_por_cem_mil;29.67
serie_por_uf_cid10.RR.2004.mortes;85
serie_por_uf_cid10.RR.2004.populacao;367701
serie_por_uf_cid10.RR.2004.taxa_por_cem_mil;23.12
serie_por_uf_cid10.RR.2005.mortes;95
serie_por_uf_cid10.RR.2005.populacao;391318
serie_por_uf_cid10.RR.2005.taxa_por_cem_mil;24.28
serie_por_uf_cid10.RR.2006.mortes;111
serie_por_uf_cid10.RR.2006.populacao;403340
serie_por_uf_cid10.RR.2006.taxa_por_cem_mil;27.52
serie_por_uf_cid10.RR.2007.mortes;116
serie_por_uf_cid10.RR.2007.populacao;415281
serie_por_uf_cid10.RR.2007.taxa_por_cem_mil;27.93
serie_por_uf_cid10.RR.2008.mortes;105
serie_por_uf_cid10.RR.2008.populacao;412783
serie_por_uf_cid10.RR.2008.taxa_por_cem_mil;25.44
serie_por_uf_cid10.RR.2009.mortes;118
serie_por_uf_cid10.RR.2009.populacao;421497
serie_por_uf_cid10.RR.2009.taxa_por_cem_mil;28.0
serie_por_uf_cid10.RR.2010.mortes;121
serie_por_uf_cid10.RR.2010.populacao;450479
serie_por_uf_cid10.RR.2010.taxa_por_cem_mil;26.86
serie_por_uf_cid10.RR.2011.mortes;95
serie_por_uf_cid10.RR.2011.populacao;460165
serie_por_uf_cid10.RR.2011.taxa_por_cem_mil;20.64
serie_por_uf_cid10.RR.2012.mortes;144
serie_por_uf_cid10.RR.2012.populacao;469524
serie_por_uf_cid10.RR.2012.taxa_por_cem_mil;30.67
serie_por_uf_cid10.RR.2013.mortes;214
serie_por_uf_cid10.RR.2013.populacao;488072
serie_por_uf_cid10.RR.2013.taxa_por_cem_mil;43.85
serie_por_uf_cid10.RR.2014.mortes;158
serie_por_uf_cid10.RR.2014.populacao;496936
serie_por_uf_cid10.RR.2014.taxa_por_cem_mil;31.79
serie_por_uf_cid10.RR.2015.mortes;203
serie_por_uf_cid10.RR.2015.populacao;505665
serie_por_uf_cid10.RR.2015.taxa_por_cem_mil;40.15
serie_por_uf_cid10.RR.2016.mortes;204
serie_por_uf_cid10.RR.2016.populacao;514229
serie_por_uf_cid10.RR.2016.taxa_por_cem_mil;39.67
serie_por_uf_cid10.RR.2017.mortes;248
serie_por_uf_cid10.RR.2017.populacao;522636
serie_por_uf_cid10.RR.2017.taxa_por_cem_mil;47.45
serie_por_uf_cid10.RR.2018.mortes;414
serie_por_uf_cid10.RR.2018.populacao;576568
serie_por_uf_cid10.RR.2018.taxa_por_cem_mil;71.8
serie_por_uf_cid10.RR.2019.mortes;234
serie_por_uf_cid10.RR.2019.populacao;605761
serie_por_uf_cid10.RR.2019.taxa_por_cem_mil;38.63
serie_por_uf_cid10.RR.2020.mortes;237
serie_por_uf_cid10.RR.2020.populacao;631181
serie_por_uf_cid10.RR.2020.taxa_por_cem_mil;37.55
serie_por_uf_cid10.RR.2021.mortes;258
serie_por_uf_cid10.RR.2021.populacao;652713
serie_por_uf_cid10.RR.2021.taxa_por_cem_mil;39.53
serie_por_uf_cid10.RR.2022.mortes;231
serie_por_uf_cid10.RR.2022.populacao;636707
serie_por_uf_cid10.RR.2022.taxa_por_cem_mil;36.28
serie_por_uf_cid10.RR.2023.mortes;219
serie_por_uf_cid10.RR.2023.populacao;
serie_por_uf_cid10.RR.2023.taxa_por_cem_mil;
serie_por_uf_cid10.RR.2024.mortes;174
serie_por_uf_cid10.RR.2024.populacao;716793
serie_por_uf_cid10.RR.2024.taxa_por_cem_mil;24.27
serie_por_uf_cid10.RS.1996.mortes;1482
serie_por_uf_cid10.RS.1996.populacao;9634688
serie_por_uf_cid10.RS.1996.taxa_por_cem_mil;15.38
serie_por_uf_cid10.RS.1997.mortes;1648
serie_por_uf_cid10.RS.1997.populacao;9762115
serie_por_uf_cid10.RS.1997.taxa_por_cem_mil;16.88
serie_por_uf_cid10.RS.1998.mortes;1524
serie_por_uf_cid10.RS.1998.populacao;9867088
serie_por_uf_cid10.RS.1998.taxa_por_cem_mil;15.45
serie_por_uf_cid10.RS.1999.mortes;1533
serie_por_uf_cid10.RS.1999.populacao;9971738
serie_por_uf_cid10.RS.1999.taxa_por_cem_mil;15.37
serie_por_uf_cid10.RS.2000.mortes;1668
serie_por_uf_cid10.RS.2000.populacao;10187798
serie_por_uf_cid10.RS.2000.taxa_por_cem_mil;16.37
serie_por_uf_cid10.RS.2001.mortes;1854
serie_por_uf_cid10.RS.2001.populacao;10310021
serie_por_uf_cid10.RS.2001.taxa_por_cem_mil;17.98
serie_por_uf_cid10.RS.2002.mortes;1912
serie_por_uf_cid10.RS.2002.populacao;10408428
serie_por_uf_cid10.RS.2002.taxa_por_cem_mil;18.37
serie_por_uf_cid10.RS.2003.mortes;1908
serie_por_uf_cid10.RS.2003.populacao;10511009
serie_por_uf_cid10.RS.2003.taxa_por_cem_mil;18.15
serie_por_uf_cid10.RS.2004.mortes;1982
serie_por_uf_cid10.RS.2004.populacao;10613256
serie_por_uf_cid10.RS.2004.taxa_por_cem_mil;18.67
serie_por_uf_cid10.RS.2005.mortes;2021
serie_por_uf_cid10.RS.2005.populacao;10845002
serie_por_uf_cid10.RS.2005.taxa_por_cem_mil;18.64
serie_por_uf_cid10.RS.2006.mortes;1983
serie_por_uf_cid10.RS.2006.populacao;10963216
serie_por_uf_cid10.RS.2006.taxa_por_cem_mil;18.09
serie_por_uf_cid10.RS.2007.mortes;2199
serie_por_uf_cid10.RS.2007.populacao;11080317
serie_por_uf_cid10.RS.2007.taxa_por_cem_mil;19.85
serie_por_uf_cid10.RS.2008.mortes;2380
serie_por_uf_cid10.RS.2008.populacao;10855214
serie_por_uf_cid10.RS.2008.taxa_por_cem_mil;21.92
serie_por_uf_cid10.RS.2009.mortes;2242
serie_por_uf_cid10.RS.2009.populacao;10914042
serie_por_uf_cid10.RS.2009.taxa_por_cem_mil;20.54
serie_por_uf_cid10.RS.2010.mortes;2085
serie_por_uf_cid10.RS.2010.populacao;10693929
serie_por_uf_cid10.RS.2010.taxa_por_cem_mil;19.5
serie_por_uf_cid10.RS.2011.mortes;2077
serie_por_uf_cid10.RS.2011.populacao;10733030
serie_por_uf_cid10.RS.2011.taxa_por_cem_mil;19.35
serie_por_uf_cid10.RS.2012.mortes;2382
serie_por_uf_cid10.RS.2012.populacao;10770603
serie_por_uf_cid10.RS.2012.taxa_por_cem_mil;22.12
serie_por_uf_cid10.RS.2013.mortes;2322
serie_por_uf_cid10.RS.2013.populacao;11164043
serie_por_uf_cid10.RS.2013.taxa_por_cem_mil;20.8
serie_por_uf_cid10.RS.2014.mortes;2724
serie_por_uf_cid10.RS.2014.populacao;11207274
serie_por_uf_cid10.RS.2014.taxa_por_cem_mil;24.31
serie_por_uf_cid10.RS.2015.mortes;2944
serie_por_uf_cid10.RS.2015.populacao;11247972
serie_por_uf_cid10.RS.2015.taxa_por_cem_mil;26.17
serie_por_uf_cid10.RS.2016.mortes;3225
serie_por_uf_cid10.RS.2016.populacao;11286500
serie_por_uf_cid10.RS.2016.taxa_por_cem_mil;28.57
serie_por_uf_cid10.RS.2017.mortes;3316
serie_por_uf_cid10.RS.2017.populacao;11322895
serie_por_uf_cid10.RS.2017.taxa_por_cem_mil;29.29
serie_por_uf_cid10.RS.2018.mortes;2699
serie_por_uf_cid10.RS.2018.populacao;11329605
serie_por_uf_cid10.RS.2018.taxa_por_cem_mil;23.82
serie_por_uf_cid10.RS.2019.mortes;2184
serie_por_uf_cid10.RS.2019.populacao;11377239
serie_por_uf_cid10.RS.2019.taxa_por_cem_mil;19.2
serie_por_uf_cid10.RS.2020.mortes;2094
serie_por_uf_cid10.RS.2020.populacao;11422973
serie_por_uf_cid10.RS.2020.taxa_por_cem_mil;18.33
serie_por_uf_cid10.RS.2021.mortes;1889
serie_por_uf_cid10.RS.2021.populacao;11466630
serie_por_uf_cid10.RS.2021.taxa_por_cem_mil;16.47
serie_por_uf_cid10.RS.2022.mortes;1964
serie_por_uf_cid10.RS.2022.populacao;10882965
serie_por_uf_cid10.RS.2022.taxa_por_cem_mil;18.05
serie_por_uf_cid10.RS.2023.mortes;1981
serie_por_uf_cid10.RS.2023.populacao;
serie_por_uf_cid10.RS.2023.taxa_por_cem_mil;
serie_por_uf_cid10.RS.2024.mortes;1701
serie_por_uf_cid10.RS.2024.populacao;11229915
serie_por_uf_cid10.RS.2024.taxa_por_cem_mil;15.15
serie_por_uf_cid10.SC.1996.mortes;412
serie_por_uf_cid10.SC.1996.populacao;4875244
serie_por_uf_cid10.SC.1996.taxa_por_cem_mil;8.45
serie_por_uf_cid10.SC.1997.mortes;423
serie_por_uf_cid10.SC.1997.populacao;4958310
serie_por_uf_cid10.SC.1997.taxa_por_cem_mil;8.53
serie_por_uf_cid10.SC.1998.mortes;414
serie_por_uf_cid10.SC.1998.populacao;5028265
serie_por_uf_cid10.SC.1998.taxa_por_cem_mil;8.23
serie_por_uf_cid10.SC.1999.mortes;385
serie_por_uf_cid10.SC.1999.populacao;5098440
serie_por_uf_cid10.SC.1999.taxa_por_cem_mil;7.55
serie_por_uf_cid10.SC.2000.mortes;433
serie_por_uf_cid10.SC.2000.populacao;5356360
serie_por_uf_cid10.SC.2000.taxa_por_cem_mil;8.08
serie_por_uf_cid10.SC.2001.mortes;477
serie_por_uf_cid10.SC.2001.populacao;5448702
serie_por_uf_cid10.SC.2001.taxa_por_cem_mil;8.75
serie_por_uf_cid10.SC.2002.mortes;585
serie_por_uf_cid10.SC.2002.populacao;5527718
serie_por_uf_cid10.SC.2002.taxa_por_cem_mil;10.58
serie_por_uf_cid10.SC.2003.mortes;670
serie_por_uf_cid10.SC.2003.populacao;5607160
serie_por_uf_cid10.SC.2003.taxa_por_cem_mil;11.95
serie_por_uf_cid10.SC.2004.mortes;638
serie_por_uf_cid10.SC.2004.populacao;5686503
serie_por_uf_cid10.SC.2004.taxa_por_cem_mil;11.22
serie_por_uf_cid10.SC.2005.mortes;633
serie_por_uf_cid10.SC.2005.populacao;5866590
serie_por_uf_cid10.SC.2005.taxa_por_cem_mil;10.79
serie_por_uf_cid10.SC.2006.mortes;666
serie_por_uf_cid10.SC.2006.populacao;5958295
serie_por_uf_cid10.SC.2006.taxa_por_cem_mil;11.18
serie_por_uf_cid10.SC.2007.mortes;632
serie_por_uf_cid10.SC.2007.populacao;6049251
serie_por_uf_cid10.SC.2007.taxa_por_cem_mil;10.45
serie_por_uf_cid10.SC.2008.mortes;802
serie_por_uf_cid10.SC.2008.populacao;6052587
serie_por_uf_cid10.SC.2008.taxa_por_cem_mil;13.25
serie_por_uf_cid10.SC.2009.mortes;820
serie_por_uf_cid10.SC.2009.populacao;6118727
serie_por_uf_cid10.SC.2009.taxa_por_cem_mil;13.4
serie_por_uf_cid10.SC.2010.mortes;823
serie_por_uf_cid10.SC.2010.populacao;6248436
serie_por_uf_cid10.SC.2010.taxa_por_cem_mil;13.17
serie_por_uf_cid10.SC.2011.mortes;811
serie_por_uf_cid10.SC.2011.populacao;6317054
serie_por_uf_cid10.SC.2011.taxa_por_cem_mil;12.84
serie_por_uf_cid10.SC.2012.mortes;821
serie_por_uf_cid10.SC.2012.populacao;6383286
serie_por_uf_cid10.SC.2012.taxa_por_cem_mil;12.86
serie_por_uf_cid10.SC.2013.mortes;789
serie_por_uf_cid10.SC.2013.populacao;6634254
serie_por_uf_cid10.SC.2013.taxa_por_cem_mil;11.89
serie_por_uf_cid10.SC.2014.mortes;905
serie_por_uf_cid10.SC.2014.populacao;6727148
serie_por_uf_cid10.SC.2014.taxa_por_cem_mil;13.45
serie_por_uf_cid10.SC.2015.mortes;957
serie_por_uf_cid10.SC.2015.populacao;6819190
serie_por_uf_cid10.SC.2015.taxa_por_cem_mil;14.03
serie_por_uf_cid10.SC.2016.mortes;984
serie_por_uf_cid10.SC.2016.populacao;6910553
serie_por_uf_cid10.SC.2016.taxa_por_cem_mil;14.24
serie_por_uf_cid10.SC.2017.mortes;1066
serie_por_uf_cid10.SC.2017.populacao;7001161
serie_por_uf_cid10.SC.2017.taxa_por_cem_mil;15.23
serie_por_uf_cid10.SC.2018.mortes;843
serie_por_uf_cid10.SC.2018.populacao;7075494
serie_por_uf_cid10.SC.2018.taxa_por_cem_mil;11.91
serie_por_uf_cid10.SC.2019.mortes;767
serie_por_uf_cid10.SC.2019.populacao;7164788
serie_por_uf_cid10.SC.2019.taxa_por_cem_mil;10.71
serie_por_uf_cid10.SC.2020.mortes;732
serie_por_uf_cid10.SC.2020.populacao;7252502
serie_por_uf_cid10.SC.2020.taxa_por_cem_mil;10.09
serie_por_uf_cid10.SC.2021.mortes;712
serie_por_uf_cid10.SC.2021.populacao;7338473
serie_por_uf_cid10.SC.2021.taxa_por_cem_mil;9.7
serie_por_uf_cid10.SC.2022.mortes;671
serie_por_uf_cid10.SC.2022.populacao;7610361
serie_por_uf_cid10.SC.2022.taxa_por_cem_mil;8.82
serie_por_uf_cid10.SC.2023.mortes;658
serie_por_uf_cid10.SC.2023.populacao;
serie_por_uf_cid10.SC.2023.taxa_por_cem_mil;
serie_por_uf_cid10.SC.2024.mortes;654
serie_por_uf_cid10.SC.2024.populacao;8058441
serie_por_uf_cid10.SC.2024.taxa_por_cem_mil;8.12
serie_por_uf_cid10.SE.1996.mortes;238
serie_por_uf_cid10.SE.1996.populacao;1624020
serie_por_uf_cid10.SE.1996.taxa_por_cem_mil;14.65
serie_por_uf_cid10.SE.1997.mortes;190
serie_por_uf_cid10.SE.1997.populacao;1657162
serie_por_uf_cid10.SE.1997.taxa_por_cem_mil;11.47
serie_por_uf_cid10.SE.1998.mortes;175
serie_por_uf_cid10.SE.1998.populacao;1684915
serie_por_uf_cid10.SE.1998.taxa_por_cem_mil;10.39
serie_por_uf_cid10.SE.1999.mortes;329
serie_por_uf_cid10.SE.1999.populacao;1712745
serie_por_uf_cid10.SE.1999.taxa_por_cem_mil;19.21
serie_por_uf_cid10.SE.2000.mortes;410
serie_por_uf_cid10.SE.2000.populacao;1784475
serie_por_uf_cid10.SE.2000.taxa_por_cem_mil;22.98
serie_por_uf_cid10.SE.2001.mortes;518
serie_por_uf_cid10.SE.2001.populacao;1817318
serie_por_uf_cid10.SE.2001.taxa_por_cem_mil;28.5
serie_por_uf_cid10.SE.2002.mortes;556
serie_por_uf_cid10.SE.2002.populacao;1846042
serie_por_uf_cid10.SE.2002.taxa_por_cem_mil;30.12
serie_por_uf_cid10.SE.2003.mortes;469
serie_por_uf_cid10.SE.2003.populacao;1874597
serie_por_uf_cid10.SE.2003.taxa_por_cem_mil;25.02
serie_por_uf_cid10.SE.2004.mortes;454
serie_por_uf_cid10.SE.2004.populacao;1903065
serie_por_uf_cid10.SE.2004.taxa_por_cem_mil;23.86
serie_por_uf_cid10.SE.2005.mortes;487
serie_por_uf_cid10.SE.2005.populacao;1967818
serie_por_uf_cid10.SE.2005.taxa_por_cem_mil;24.75
serie_por_uf_cid10.SE.2006.mortes;585
serie_por_uf_cid10.SE.2006.populacao;2000768
serie_por_uf_cid10.SE.2006.taxa_por_cem_mil;29.24
serie_por_uf_cid10.SE.2007.mortes;522
serie_por_uf_cid10.SE.2007.populacao;2033430
serie_por_uf_cid10.SE.2007.taxa_por_cem_mil;25.67
serie_por_uf_cid10.SE.2008.mortes;555
serie_por_uf_cid10.SE.2008.populacao;1999374
serie_por_uf_cid10.SE.2008.taxa_por_cem_mil;27.76
serie_por_uf_cid10.SE.2009.mortes;653
serie_por_uf_cid10.SE.2009.populacao;2019755
serie_por_uf_cid10.SE.2009.taxa_por_cem_mil;32.33
serie_por_uf_cid10.SE.2010.mortes;676
serie_por_uf_cid10.SE.2010.populacao;2068017
serie_por_uf_cid10.SE.2010.taxa_por_cem_mil;32.69
serie_por_uf_cid10.SE.2011.mortes;731
serie_por_uf_cid10.SE.2011.populacao;2089819
serie_por_uf_cid10.SE.2011.taxa_por_cem_mil;34.98
serie_por_uf_cid10.SE.2012.mortes;879
serie_por_uf_cid10.SE.2012.populacao;2110867
serie_por_uf_cid10.SE.2012.taxa_por_cem_mil;41.64
serie_por_uf_cid10.SE.2013.mortes;965
serie_por_uf_cid10.SE.2013.populacao;2195662
serie_por_uf_cid10.SE.2013.taxa_por_cem_mil;43.95
serie_por_uf_cid10.SE.2014.mortes;1097
serie_por_uf_cid10.SE.2014.populacao;2219574
serie_por_uf_cid10.SE.2014.taxa_por_cem_mil;49.42
serie_por_uf_cid10.SE.2015.mortes;1303
serie_por_uf_cid10.SE.2015.populacao;2242937
serie_por_uf_cid10.SE.2015.taxa_por_cem_mil;58.09
serie_por_uf_cid10.SE.2016.mortes;1465
serie_por_uf_cid10.SE.2016.populacao;2265779
serie_por_uf_cid10.SE.2016.taxa_por_cem_mil;64.66
serie_por_uf_cid10.SE.2017.mortes;1313
serie_por_uf_cid10.SE.2017.populacao;2288116
serie_por_uf_cid10.SE.2017.taxa_por_cem_mil;57.38
serie_por_uf_cid10.SE.2018.mortes;1133
serie_por_uf_cid10.SE.2018.populacao;2278308
serie_por_uf_cid10.SE.2018.taxa_por_cem_mil;49.73
serie_por_uf_cid10.SE.2019.mortes;973
serie_por_uf_cid10.SE.2019.populacao;2298696
serie_por_uf_cid10.SE.2019.taxa_por_cem_mil;42.33
serie_por_uf_cid10.SE.2020.mortes;981
serie_por_uf_cid10.SE.2020.populacao;2318822
serie_por_uf_cid10.SE.2020.taxa_por_cem_mil;42.31
serie_por_uf_cid10.SE.2021.mortes;790
serie_por_uf_cid10.SE.2021.populacao;2338474
serie_por_uf_cid10.SE.2021.taxa_por_cem_mil;33.78
serie_por_uf_cid10.SE.2022.mortes;770
serie_por_uf_cid10.SE.2022.populacao;2210004
serie_por_uf_cid10.SE.2022.taxa_por_cem_mil;34.84
serie_por_uf_cid10.SE.2023.mortes;698
serie_por_uf_cid10.SE.2023.populacao;
serie_por_uf_cid10.SE.2023.taxa_por_cem_mil;
serie_por_uf_cid10.SE.2024.mortes;526
serie_por_uf_cid10.SE.2024.populacao;2291077
serie_por_uf_cid10.SE.2024.taxa_por_cem_mil;22.96
serie_por_uf_cid10.SP.1996.mortes;12320
serie_por_uf_cid10.SP.1996.populacao;34119110
serie_por_uf_cid10.SP.1996.taxa_por_cem_mil;36.11
serie_por_uf_cid10.SP.1997.mortes;12537
serie_por_uf_cid10.SP.1997.populacao;34752122
serie_por_uf_cid10.SP.1997.taxa_por_cem_mil;36.08
serie_por_uf_cid10.SP.1998.mortes;13986
serie_por_uf_cid10.SP.1998.populacao;35283992
serie_por_uf_cid10.SP.1998.taxa_por_cem_mil;39.64
serie_por_uf_cid10.SP.1999.mortes;15763
serie_por_uf_cid10.SP.1999.populacao;35816704
serie_por_uf_cid10.SP.1999.taxa_por_cem_mil;44.01
serie_por_uf_cid10.SP.2000.mortes;15591
serie_por_uf_cid10.SP.2000.populacao;37032403
serie_por_uf_cid10.SP.2000.taxa_por_cem_mil;42.1
serie_por_uf_cid10.SP.2001.mortes;15773
serie_por_uf_cid10.SP.2001.populacao;37630105
serie_por_uf_cid10.SP.2001.taxa_por_cem_mil;41.92
serie_por_uf_cid10.SP.2002.mortes;14526
serie_por_uf_cid10.SP.2002.populacao;38177734
serie_por_uf_cid10.SP.2002.taxa_por_cem_mil;38.05
serie_por_uf_cid10.SP.2003.mortes;14048
serie_por_uf_cid10.SP.2003.populacao;38709339
serie_por_uf_cid10.SP.2003.taxa_por_cem_mil;36.29
serie_por_uf_cid10.SP.2004.mortes;11336
serie_por_uf_cid10.SP.2004.populacao;39239362
serie_por_uf_cid10.SP.2004.taxa_por_cem_mil;28.89
serie_por_uf_cid10.SP.2005.mortes;8870
serie_por_uf_cid10.SP.2005.populacao;40442820
serie_por_uf_cid10.SP.2005.taxa_por_cem_mil;21.93
serie_por_uf_cid10.SP.2006.mortes;8377
serie_por_uf_cid10.SP.2006.populacao;41055761
serie_por_uf_cid10.SP.2006.taxa_por_cem_mil;20.4
serie_por_uf_cid10.SP.2007.mortes;6437
serie_por_uf_cid10.SP.2007.populacao;41663568
serie_por_uf_cid10.SP.2007.taxa_por_cem_mil;15.45
serie_por_uf_cid10.SP.2008.mortes;6332
serie_por_uf_cid10.SP.2008.populacao;41011635
serie_por_uf_cid10.SP.2008.taxa_por_cem_mil;15.44
serie_por_uf_cid10.SP.2009.mortes;6557
serie_por_uf_cid10.SP.2009.populacao;41384089
serie_por_uf_cid10.SP.2009.taxa_por_cem_mil;15.84
serie_por_uf_cid10.SP.2010.mortes;6039
serie_por_uf_cid10.SP.2010.populacao;41262199
serie_por_uf_cid10.SP.2010.taxa_por_cem_mil;14.64
serie_por_uf_cid10.SP.2011.mortes;5842
serie_por_uf_cid10.SP.2011.populacao;41587182
serie_por_uf_cid10.SP.2011.taxa_por_cem_mil;14.05
serie_por_uf_cid10.SP.2012.mortes;6566
serie_por_uf_cid10.SP.2012.populacao;41901219
serie_por_uf_cid10.SP.2012.taxa_por_cem_mil;15.67
serie_por_uf_cid10.SP.2013.mortes;6035
serie_por_uf_cid10.SP.2013.populacao;43663669
serie_por_uf_cid10.SP.2013.taxa_por_cem_mil;13.82
serie_por_uf_cid10.SP.2014.mortes;6185
serie_por_uf_cid10.SP.2014.populacao;44035304
serie_por_uf_cid10.SP.2014.taxa_por_cem_mil;14.05
serie_por_uf_cid10.SP.2015.mortes;5427
serie_por_uf_cid10.SP.2015.populacao;44396484
serie_por_uf_cid10.SP.2015.taxa_por_cem_mil;12.22
serie_por_uf_cid10.SP.2016.mortes;4870
serie_por_uf_cid10.SP.2016.populacao;44749699
serie_por_uf_cid10.SP.2016.taxa_por_cem_mil;10.88
serie_por_uf_cid10.SP.2017.mortes;4631
serie_por_uf_cid10.SP.2017.populacao;45094866
serie_por_uf_cid10.SP.2017.taxa_por_cem_mil;10.27
serie_por_uf_cid10.SP.2018.mortes;3727
serie_por_uf_cid10.SP.2018.populacao;45538936
serie_por_uf_cid10.SP.2018.taxa_por_cem_mil;8.18
serie_por_uf_cid10.SP.2019.mortes;3361
serie_por_uf_cid10.SP.2019.populacao;45919049
serie_por_uf_cid10.SP.2019.taxa_por_cem_mil;7.32
serie_por_uf_cid10.SP.2020.mortes;3396
serie_por_uf_cid10.SP.2020.populacao;46289333
serie_por_uf_cid10.SP.2020.taxa_por_cem_mil;7.34
serie_por_uf_cid10.SP.2021.mortes;3094
serie_por_uf_cid10.SP.2021.populacao;46649132
serie_por_uf_cid10.SP.2021.taxa_por_cem_mil;6.63
serie_por_uf_cid10.SP.2022.mortes;3212
serie_por_uf_cid10.SP.2022.populacao;44411238
serie_por_uf_cid10.SP.2022.taxa_por_cem_mil;7.23
serie_por_uf_cid10.SP.2023.mortes;3043
serie_por_uf_cid10.SP.2023.populacao;
serie_por_uf_cid10.SP.2023.taxa_por_cem_mil;
serie_por_uf_cid10.SP.2024.mortes;3041
serie_por_uf_cid10.SP.2024.populacao;45973194
serie_por_uf_cid10.SP.2024.taxa_por_cem_mil;6.61
serie_por_uf_cid10.TO.1996.mortes;126
serie_por_uf_cid10.TO.1996.populacao;1048642
serie_por_uf_cid10.TO.1996.taxa_por_cem_mil;12.02
serie_por_uf_cid10.TO.1997.mortes;112
serie_por_uf_cid10.TO.1997.populacao;1080749
serie_por_uf_cid10.TO.1997.taxa_por_cem_mil;10.36
serie_por_uf_cid10.TO.1998.mortes;129
serie_por_uf_cid10.TO.1998.populacao;1107806
serie_por_uf_cid10.TO.1998.taxa_por_cem_mil;11.64
serie_por_uf_cid10.TO.1999.mortes;137
serie_por_uf_cid10.TO.1999.populacao;1134879
serie_por_uf_cid10.TO.1999.taxa_por_cem_mil;12.07
serie_por_uf_cid10.TO.2000.mortes;176
serie_por_uf_cid10.TO.2000.populacao;1157098
serie_por_uf_cid10.TO.2000.taxa_por_cem_mil;15.21
serie_por_uf_cid10.TO.2001.mortes;212
serie_por_uf_cid10.TO.2001.populacao;1184855
serie_por_uf_cid10.TO.2001.taxa_por_cem_mil;17.89
serie_por_uf_cid10.TO.2002.mortes;170
serie_por_uf_cid10.TO.2002.populacao;1207008
serie_por_uf_cid10.TO.2002.taxa_por_cem_mil;14.08
serie_por_uf_cid10.TO.2003.mortes;204
serie_por_uf_cid10.TO.2003.populacao;1230188
serie_por_uf_cid10.TO.2003.taxa_por_cem_mil;16.58
serie_por_uf_cid10.TO.2004.mortes;198
serie_por_uf_cid10.TO.2004.populacao;1253256
serie_por_uf_cid10.TO.2004.taxa_por_cem_mil;15.8
serie_por_uf_cid10.TO.2005.mortes;190
serie_por_uf_cid10.TO.2005.populacao;1305708
serie_por_uf_cid10.TO.2005.taxa_por_cem_mil;14.55
serie_por_uf_cid10.TO.2006.mortes;229
serie_por_uf_cid10.TO.2006.populacao;1332443
serie_por_uf_cid10.TO.2006.taxa_por_cem_mil;17.19
serie_por_uf_cid10.TO.2007.mortes;226
serie_por_uf_cid10.TO.2007.populacao;1358889
serie_por_uf_cid10.TO.2007.taxa_por_cem_mil;16.63
serie_por_uf_cid10.TO.2008.mortes;237
serie_por_uf_cid10.TO.2008.populacao;1280509
serie_por_uf_cid10.TO.2008.taxa_por_cem_mil;18.51
serie_por_uf_cid10.TO.2009.mortes;289
serie_por_uf_cid10.TO.2009.populacao;1292063
serie_por_uf_cid10.TO.2009.taxa_por_cem_mil;22.37
serie_por_uf_cid10.TO.2010.mortes;327
serie_por_uf_cid10.TO.2010.populacao;1383445
serie_por_uf_cid10.TO.2010.taxa_por_cem_mil;23.64
serie_por_uf_cid10.TO.2011.mortes;361
serie_por_uf_cid10.TO.2011.populacao;1400892
serie_por_uf_cid10.TO.2011.taxa_por_cem_mil;25.77
serie_por_uf_cid10.TO.2012.mortes;379
serie_por_uf_cid10.TO.2012.populacao;1417694
serie_por_uf_cid10.TO.2012.taxa_por_cem_mil;26.73
serie_por_uf_cid10.TO.2013.mortes;349
serie_por_uf_cid10.TO.2013.populacao;1478164
serie_por_uf_cid10.TO.2013.taxa_por_cem_mil;23.61
serie_por_uf_cid10.TO.2014.mortes;381
serie_por_uf_cid10.TO.2014.populacao;1496880
serie_por_uf_cid10.TO.2014.taxa_por_cem_mil;25.45
serie_por_uf_cid10.TO.2015.mortes;503
serie_por_uf_cid10.TO.2015.populacao;1515126
serie_por_uf_cid10.TO.2015.taxa_por_cem_mil;33.2
serie_por_uf_cid10.TO.2016.mortes;577
serie_por_uf_cid10.TO.2016.populacao;1532902
serie_por_uf_cid10.TO.2016.taxa_por_cem_mil;37.64
serie_por_uf_cid10.TO.2017.mortes;557
serie_por_uf_cid10.TO.2017.populacao;1550194
serie_por_uf_cid10.TO.2017.taxa_por_cem_mil;35.93
serie_por_uf_cid10.TO.2018.mortes;570
serie_por_uf_cid10.TO.2018.populacao;1555229
serie_por_uf_cid10.TO.2018.taxa_por_cem_mil;36.65
serie_por_uf_cid10.TO.2019.mortes;456
serie_por_uf_cid10.TO.2019.populacao;1572866
serie_por_uf_cid10.TO.2019.taxa_por_cem_mil;28.99
serie_por_uf_cid10.TO.2020.mortes;484
serie_por_uf_cid10.TO.2020.populacao;1590248
serie_por_uf_cid10.TO.2020.taxa_por_cem_mil;30.44
serie_por_uf_cid10.TO.2021.mortes;441
serie_por_uf_cid10.TO.2021.populacao;1607363
serie_por_uf_cid10.TO.2021.taxa_por_cem_mil;27.44
serie_por_uf_cid10.TO.2022.mortes;454
serie_por_uf_cid10.TO.2022.populacao;1511460
serie_por_uf_cid10.TO.2022.taxa_por_cem_mil;30.04
serie_por_uf_cid10.TO.2023.mortes;419
serie_por_uf_cid10.TO.2023.populacao;
serie_por_uf_cid10.TO.2023.taxa_por_cem_mil;
serie_por_uf_cid10.TO.2024.mortes;309
serie_por_uf_cid10.TO.2024.populacao;1577342
serie_por_uf_cid10.TO.2024.taxa_por_cem_mil;19.59
serie_por_uf_cid9_1979_a_1995.AC.1979;34
serie_por_uf_cid9_1979_a_1995.AC.1980;26
serie_por_uf_cid9_1979_a_1995.AC.1981;28
serie_por_uf_cid9_1979_a_1995.AC.1982;41
serie_por_uf_cid9_1979_a_1995.AC.1983;33
serie_por_uf_cid9_1979_a_1995.AC.1984;36
serie_por_uf_cid9_1979_a_1995.AC.1985;51
serie_por_uf_cid9_1979_a_1995.AC.1986;62
serie_por_uf_cid9_1979_a_1995.AC.1987;98
serie_por_uf_cid9_1979_a_1995.AC.1988;76
serie_por_uf_cid9_1979_a_1995.AC.1989;95
serie_por_uf_cid9_1979_a_1995.AC.1990;64
serie_por_uf_cid9_1979_a_1995.AC.1991;106
serie_por_uf_cid9_1979_a_1995.AC.1992;107
serie_por_uf_cid9_1979_a_1995.AC.1993;116
serie_por_uf_cid9_1979_a_1995.AC.1994;88
serie_por_uf_cid9_1979_a_1995.AC.1995;103
serie_por_uf_cid9_1979_a_1995.AL.1979;268
serie_por_uf_cid9_1979_a_1995.AL.1980;280
serie_por_uf_cid9_1979_a_1995.AL.1981;392
serie_por_uf_cid9_1979_a_1995.AL.1982;430
serie_por_uf_cid9_1979_a_1995.AL.1983;558
serie_por_uf_cid9_1979_a_1995.AL.1984;543
serie_por_uf_cid9_1979_a_1995.AL.1985;512
serie_por_uf_cid9_1979_a_1995.AL.1986;564
serie_por_uf_cid9_1979_a_1995.AL.1987;536
serie_por_uf_cid9_1979_a_1995.AL.1988;720
serie_por_uf_cid9_1979_a_1995.AL.1989;804
serie_por_uf_cid9_1979_a_1995.AL.1990;719
serie_por_uf_cid9_1979_a_1995.AL.1991;665
serie_por_uf_cid9_1979_a_1995.AL.1992;591
serie_por_uf_cid9_1979_a_1995.AL.1993;619
serie_por_uf_cid9_1979_a_1995.AL.1994;613
serie_por_uf_cid9_1979_a_1995.AL.1995;737
serie_por_uf_cid9_1979_a_1995.AM.1979;142
serie_por_uf_cid9_1979_a_1995.AM.1980;138
serie_por_uf_cid9_1979_a_1995.AM.1981;136
serie_por_uf_cid9_1979_a_1995.AM.1982;156
serie_por_uf_cid9_1979_a_1995.AM.1983;151
serie_por_uf_cid9_1979_a_1995.AM.1984;209
serie_por_uf_cid9_1979_a_1995.AM.1985;184
serie_por_uf_cid9_1979_a_1995.AM.1986;159
serie_por_uf_cid9_1979_a_1995.AM.1987;184
serie_por_uf_cid9_1979_a_1995.AM.1988;228
serie_por_uf_cid9_1979_a_1995.AM.1989;321
serie_por_uf_cid9_1979_a_1995.AM.1990;367
serie_por_uf_cid9_1979_a_1995.AM.1991;403
serie_por_uf_cid9_1979_a_1995.AM.1992;351
serie_por_uf_cid9_1979_a_1995.AM.1993;350
serie_por_uf_cid9_1979_a_1995.AM.1994;383
serie_por_uf_cid9_1979_a_1995.AM.1995;424
serie_por_uf_cid9_1979_a_1995.AP.1979;15
serie_por_uf_cid9_1979_a_1995.AP.1980;7
serie_por_uf_cid9_1979_a_1995.AP.1981;15
serie_por_uf_cid9_1979_a_1995.AP.1982;23
serie_por_uf_cid9_1979_a_1995.AP.1983;28
serie_por_uf_cid9_1979_a_1995.AP.1984;25
serie_por_uf_cid9_1979_a_1995.AP.1985;34
serie_por_uf_cid9_1979_a_1995.AP.1986;30
serie_por_uf_cid9_1979_a_1995.AP.1987;25
serie_por_uf_cid9_1979_a_1995.AP.1988;20
serie_por_uf_cid9_1979_a_1995.AP.1989;39
serie_por_uf_cid9_1979_a_1995.AP.1990;45
serie_por_uf_cid9_1979_a_1995.AP.1991;53
serie_por_uf_cid9_1979_a_1995.AP.1992;73
serie_por_uf_cid9_1979_a_1995.AP.1993;66
serie_por_uf_cid9_1979_a_1995.AP.1994;124
serie_por_uf_cid9_1979_a_1995.AP.1995;124
serie_por_uf_cid9_1979_a_1995.BA.1979;319
serie_por_uf_cid9_1979_a_1995.BA.1980;319
serie_por_uf_cid9_1979_a_1995.BA.1981;310
serie_por_uf_cid9_1979_a_1995.BA.1982;491
serie_por_uf_cid9_1979_a_1995.BA.1983;372
serie_por_uf_cid9_1979_a_1995.BA.1984;512
serie_por_uf_cid9_1979_a_1995.BA.1985;540
serie_por_uf_cid9_1979_a_1995.BA.1986;547
serie_por_uf_cid9_1979_a_1995.BA.1987;672
serie_por_uf_cid9_1979_a_1995.BA.1988;832
serie_por_uf_cid9_1979_a_1995.BA.1989;1086
serie_por_uf_cid9_1979_a_1995.BA.1990;867
serie_por_uf_cid9_1979_a_1995.BA.1991;596
serie_por_uf_cid9_1979_a_1995.BA.1992;840
serie_por_uf_cid9_1979_a_1995.BA.1993;1502
serie_por_uf_cid9_1979_a_1995.BA.1994;1739
serie_por_uf_cid9_1979_a_1995.BA.1995;1536
serie_por_uf_cid9_1979_a_1995.CE.1979;317
serie_por_uf_cid9_1979_a_1995.CE.1980;445
serie_por_uf_cid9_1979_a_1995.CE.1981;496
serie_por_uf_cid9_1979_a_1995.CE.1982;495
serie_por_uf_cid9_1979_a_1995.CE.1983;614
serie_por_uf_cid9_1979_a_1995.CE.1984;593
serie_por_uf_cid9_1979_a_1995.CE.1985;549
serie_por_uf_cid9_1979_a_1995.CE.1986;521
serie_por_uf_cid9_1979_a_1995.CE.1987;435
serie_por_uf_cid9_1979_a_1995.CE.1988;507
serie_por_uf_cid9_1979_a_1995.CE.1989;607
serie_por_uf_cid9_1979_a_1995.CE.1990;555
serie_por_uf_cid9_1979_a_1995.CE.1991;607
serie_por_uf_cid9_1979_a_1995.CE.1992;537
serie_por_uf_cid9_1979_a_1995.CE.1993;702
serie_por_uf_cid9_1979_a_1995.CE.1994;636
serie_por_uf_cid9_1979_a_1995.CE.1995;845
serie_por_uf_cid9_1979_a_1995.DF.1979;122
serie_por_uf_cid9_1979_a_1995.DF.1980;145
serie_por_uf_cid9_1979_a_1995.DF.1981;168
serie_por_uf_cid9_1979_a_1995.DF.1982;197
serie_por_uf_cid9_1979_a_1995.DF.1983;181
serie_por_uf_cid9_1979_a_1995.DF.1984;165
serie_por_uf_cid9_1979_a_1995.DF.1985;250
serie_por_uf_cid9_1979_a_1995.DF.1986;246
serie_por_uf_cid9_1979_a_1995.DF.1987;324
serie_por_uf_cid9_1979_a_1995.DF.1988;310
serie_por_uf_cid9_1979_a_1995.DF.1989;331
serie_por_uf_cid9_1979_a_1995.DF.1990;463
serie_por_uf_cid9_1979_a_1995.DF.1991;489
serie_por_uf_cid9_1979_a_1995.DF.1992;424
serie_por_uf_cid9_1979_a_1995.DF.1993;553
serie_por_uf_cid9_1979_a_1995.DF.1994;556
serie_por_uf_cid9_1979_a_1995.DF.1995;629
serie_por_uf_cid9_1979_a_1995.ES.1979;260
serie_por_uf_cid9_1979_a_1995.ES.1980;305
serie_por_uf_cid9_1979_a_1995.ES.1981;355
serie_por_uf_cid9_1979_a_1995.ES.1982;354
serie_por_uf_cid9_1979_a_1995.ES.1983;365
serie_por_uf_cid9_1979_a_1995.ES.1984;402
serie_por_uf_cid9_1979_a_1995.ES.1985;455
serie_por_uf_cid9_1979_a_1995.ES.1986;483
serie_por_uf_cid9_1979_a_1995.ES.1987;537
serie_por_uf_cid9_1979_a_1995.ES.1988;677
serie_por_uf_cid9_1979_a_1995.ES.1989;844
serie_por_uf_cid9_1979_a_1995.ES.1990;881
serie_por_uf_cid9_1979_a_1995.ES.1991;968
serie_por_uf_cid9_1979_a_1995.ES.1992;839
serie_por_uf_cid9_1979_a_1995.ES.1993;1097
serie_por_uf_cid9_1979_a_1995.ES.1994;1165
serie_por_uf_cid9_1979_a_1995.ES.1995;1153
serie_por_uf_cid9_1979_a_1995.GO.1979;360
serie_por_uf_cid9_1979_a_1995.GO.1980;469
serie_por_uf_cid9_1979_a_1995.GO.1981;599
serie_por_uf_cid9_1979_a_1995.GO.1982;602
serie_por_uf_cid9_1979_a_1995.GO.1983;603
serie_por_uf_cid9_1979_a_1995.GO.1984;561
serie_por_uf_cid9_1979_a_1995.GO.1985;523
serie_por_uf_cid9_1979_a_1995.GO.1986;561
serie_por_uf_cid9_1979_a_1995.GO.1987;643
serie_por_uf_cid9_1979_a_1995.GO.1988;790
serie_por_uf_cid9_1979_a_1995.GO.1989;810
serie_por_uf_cid9_1979_a_1995.GO.1990;681
serie_por_uf_cid9_1979_a_1995.GO.1991;852
serie_por_uf_cid9_1979_a_1995.GO.1992;828
serie_por_uf_cid9_1979_a_1995.GO.1993;734
serie_por_uf_cid9_1979_a_1995.GO.1994;773
serie_por_uf_cid9_1979_a_1995.GO.1995;784
serie_por_uf_cid9_1979_a_1995.MA.1979;88
serie_por_uf_cid9_1979_a_1995.MA.1980;108
serie_por_uf_cid9_1979_a_1995.MA.1981;145
serie_por_uf_cid9_1979_a_1995.MA.1982;146
serie_por_uf_cid9_1979_a_1995.MA.1983;164
serie_por_uf_cid9_1979_a_1995.MA.1984;184
serie_por_uf_cid9_1979_a_1995.MA.1985;162
serie_por_uf_cid9_1979_a_1995.MA.1986;259
serie_por_uf_cid9_1979_a_1995.MA.1987;288
serie_por_uf_cid9_1979_a_1995.MA.1988;341
serie_por_uf_cid9_1979_a_1995.MA.1989;411
serie_por_uf_cid9_1979_a_1995.MA.1990;442
serie_por_uf_cid9_1979_a_1995.MA.1991;470
serie_por_uf_cid9_1979_a_1995.MA.1992;427
serie_por_uf_cid9_1979_a_1995.MA.1993;394
serie_por_uf_cid9_1979_a_1995.MA.1994;313
serie_por_uf_cid9_1979_a_1995.MA.1995;385
serie_por_uf_cid9_1979_a_1995.MG.1979;1094
serie_por_uf_cid9_1979_a_1995.MG.1980;1164
serie_por_uf_cid9_1979_a_1995.MG.1981;1108
serie_por_uf_cid9_1979_a_1995.MG.1982;1104
serie_por_uf_cid9_1979_a_1995.MG.1983;1008
serie_por_uf_cid9_1979_a_1995.MG.1984;1128
serie_por_uf_cid9_1979_a_1995.MG.1985;1028
serie_por_uf_cid9_1979_a_1995.MG.1986;1046
serie_por_uf_cid9_1979_a_1995.MG.1987;1021
serie_por_uf_cid9_1979_a_1995.MG.1988;1028
serie_por_uf_cid9_1979_a_1995.MG.1989;1216
serie_por_uf_cid9_1979_a_1995.MG.1990;1177
serie_por_uf_cid9_1979_a_1995.MG.1991;1232
serie_por_uf_cid9_1979_a_1995.MG.1992;1131
serie_por_uf_cid9_1979_a_1995.MG.1993;1211
serie_por_uf_cid9_1979_a_1995.MG.1994;1117
serie_por_uf_cid9_1979_a_1995.MG.1995;1214
serie_por_uf_cid9_1979_a_1995.MS.1979;135
serie_por_uf_cid9_1979_a_1995.MS.1980;223
serie_por_uf_cid9_1979_a_1995.MS.1981;251
serie_por_uf_cid9_1979_a_1995.MS.1982;271
serie_por_uf_cid9_1979_a_1995.MS.1983;303
serie_por_uf_cid9_1979_a_1995.MS.1984;340
serie_por_uf_cid9_1979_a_1995.MS.1985;253
serie_por_uf_cid9_1979_a_1995.MS.1986;288
serie_por_uf_cid9_1979_a_1995.MS.1987;313
serie_por_uf_cid9_1979_a_1995.MS.1988;319
serie_por_uf_cid9_1979_a_1995.MS.1989;371
serie_por_uf_cid9_1979_a_1995.MS.1990;348
serie_por_uf_cid9_1979_a_1995.MS.1991;388
serie_por_uf_cid9_1979_a_1995.MS.1992;422
serie_por_uf_cid9_1979_a_1995.MS.1993;457
serie_por_uf_cid9_1979_a_1995.MS.1994;522
serie_por_uf_cid9_1979_a_1995.MS.1995;635
serie_por_uf_cid9_1979_a_1995.MT.1979;10
serie_por_uf_cid9_1979_a_1995.MT.1980;38
serie_por_uf_cid9_1979_a_1995.MT.1981;77
serie_por_uf_cid9_1979_a_1995.MT.1982;65
serie_por_uf_cid9_1979_a_1995.MT.1983;143
serie_por_uf_cid9_1979_a_1995.MT.1984;194
serie_por_uf_cid9_1979_a_1995.MT.1985;270
serie_por_uf_cid9_1979_a_1995.MT.1986;357
serie_por_uf_cid9_1979_a_1995.MT.1987;382
serie_por_uf_cid9_1979_a_1995.MT.1988;377
serie_por_uf_cid9_1979_a_1995.MT.1989;471
serie_por_uf_cid9_1979_a_1995.MT.1990;415
serie_por_uf_cid9_1979_a_1995.MT.1991;452
serie_por_uf_cid9_1979_a_1995.MT.1992;355
serie_por_uf_cid9_1979_a_1995.MT.1993;356
serie_por_uf_cid9_1979_a_1995.MT.1994;316
serie_por_uf_cid9_1979_a_1995.MT.1995;583
serie_por_uf_cid9_1979_a_1995.PA.1979;262
serie_por_uf_cid9_1979_a_1995.PA.1980;304
serie_por_uf_cid9_1979_a_1995.PA.1981;337
serie_por_uf_cid9_1979_a_1995.PA.1982;362
serie_por_uf_cid9_1979_a_1995.PA.1983;459
serie_por_uf_cid9_1979_a_1995.PA.1984;522
serie_por_uf_cid9_1979_a_1995.PA.1985;507
serie_por_uf_cid9_1979_a_1995.PA.1986;582
serie_por_uf_cid9_1979_a_1995.PA.1987;544
serie_por_uf_cid9_1979_a_1995.PA.1988;589
serie_por_uf_cid9_1979_a_1995.PA.1989;666
serie_por_uf_cid9_1979_a_1995.PA.1990;748
serie_por_uf_cid9_1979_a_1995.PA.1991;810
serie_por_uf_cid9_1979_a_1995.PA.1992;759
serie_por_uf_cid9_1979_a_1995.PA.1993;623
serie_por_uf_cid9_1979_a_1995.PA.1994;714
serie_por_uf_cid9_1979_a_1995.PA.1995;700
serie_por_uf_cid9_1979_a_1995.PB.1979;211
serie_por_uf_cid9_1979_a_1995.PB.1980;302
serie_por_uf_cid9_1979_a_1995.PB.1981;341
serie_por_uf_cid9_1979_a_1995.PB.1982;328
serie_por_uf_cid9_1979_a_1995.PB.1983;360
serie_por_uf_cid9_1979_a_1995.PB.1984;386
serie_por_uf_cid9_1979_a_1995.PB.1985;380
serie_por_uf_cid9_1979_a_1995.PB.1986;475
serie_por_uf_cid9_1979_a_1995.PB.1987;377
serie_por_uf_cid9_1979_a_1995.PB.1988;402
serie_por_uf_cid9_1979_a_1995.PB.1989;461
serie_por_uf_cid9_1979_a_1995.PB.1990;440
serie_por_uf_cid9_1979_a_1995.PB.1991;401
serie_por_uf_cid9_1979_a_1995.PB.1992;355
serie_por_uf_cid9_1979_a_1995.PB.1993;365
serie_por_uf_cid9_1979_a_1995.PB.1994;385
serie_por_uf_cid9_1979_a_1995.PB.1995;457
serie_por_uf_cid9_1979_a_1995.PE.1979;945
serie_por_uf_cid9_1979_a_1995.PE.1980;1121
serie_por_uf_cid9_1979_a_1995.PE.1981;1407
serie_por_uf_cid9_1979_a_1995.PE.1982;1509
serie_por_uf_cid9_1979_a_1995.PE.1983;1646
serie_por_uf_cid9_1979_a_1995.PE.1984;1857
serie_por_uf_cid9_1979_a_1995.PE.1985;2011
serie_por_uf_cid9_1979_a_1995.PE.1986;2043
serie_por_uf_cid9_1979_a_1995.PE.1987;2187
serie_por_uf_cid9_1979_a_1995.PE.1988;2252
serie_por_uf_cid9_1979_a_1995.PE.1989;2553
serie_por_uf_cid9_1979_a_1995.PE.1990;2741
serie_por_uf_cid9_1979_a_1995.PE.1991;2944
serie_por_uf_cid9_1979_a_1995.PE.1992;2531
serie_por_uf_cid9_1979_a_1995.PE.1993;2763
serie_por_uf_cid9_1979_a_1995.PE.1994;2593
serie_por_uf_cid9_1979_a_1995.PE.1995;2706
serie_por_uf_cid9_1979_a_1995.PI.1979;30
serie_por_uf_cid9_1979_a_1995.PI.1980;50
serie_por_uf_cid9_1979_a_1995.PI.1981;74
serie_por_uf_cid9_1979_a_1995.PI.1982;111
serie_por_uf_cid9_1979_a_1995.PI.1983;125
serie_por_uf_cid9_1979_a_1995.PI.1984;94
serie_por_uf_cid9_1979_a_1995.PI.1985;76
serie_por_uf_cid9_1979_a_1995.PI.1986;103
serie_por_uf_cid9_1979_a_1995.PI.1987;82
serie_por_uf_cid9_1979_a_1995.PI.1988;141
serie_por_uf_cid9_1979_a_1995.PI.1989;142
serie_por_uf_cid9_1979_a_1995.PI.1990;109
serie_por_uf_cid9_1979_a_1995.PI.1991;103
serie_por_uf_cid9_1979_a_1995.PI.1992;92
serie_por_uf_cid9_1979_a_1995.PI.1993;117
serie_por_uf_cid9_1979_a_1995.PI.1994;98
serie_por_uf_cid9_1979_a_1995.PI.1995;114
serie_por_uf_cid9_1979_a_1995.PR.1979;804
serie_por_uf_cid9_1979_a_1995.PR.1980;831
serie_por_uf_cid9_1979_a_1995.PR.1981;928
serie_por_uf_cid9_1979_a_1995.PR.1982;1076
serie_por_uf_cid9_1979_a_1995.PR.1983;1153
serie_por_uf_cid9_1979_a_1995.PR.1984;1066
serie_por_uf_cid9_1979_a_1995.PR.1985;921
serie_por_uf_cid9_1979_a_1995.PR.1986;931
serie_por_uf_cid9_1979_a_1995.PR.1987;922
serie_por_uf_cid9_1979_a_1995.PR.1988;1004
serie_por_uf_cid9_1979_a_1995.PR.1989;1112
serie_por_uf_cid9_1979_a_1995.PR.1990;1167
serie_por_uf_cid9_1979_a_1995.PR.1991;1225
serie_por_uf_cid9_1979_a_1995.PR.1992;1090
serie_por_uf_cid9_1979_a_1995.PR.1993;1237
serie_por_uf_cid9_1979_a_1995.PR.1994;1257
serie_por_uf_cid9_1979_a_1995.PR.1995;1384
serie_por_uf_cid9_1979_a_1995.RJ.1979;2426
serie_por_uf_cid9_1979_a_1995.RJ.1980;2941
serie_por_uf_cid9_1979_a_1995.RJ.1981;2501
serie_por_uf_cid9_1979_a_1995.RJ.1982;2180
serie_por_uf_cid9_1979_a_1995.RJ.1983;1863
serie_por_uf_cid9_1979_a_1995.RJ.1984;2468
serie_por_uf_cid9_1979_a_1995.RJ.1985;2541
serie_por_uf_cid9_1979_a_1995.RJ.1986;2454
serie_por_uf_cid9_1979_a_1995.RJ.1987;3792
serie_por_uf_cid9_1979_a_1995.RJ.1988;3064
serie_por_uf_cid9_1979_a_1995.RJ.1989;4290
serie_por_uf_cid9_1979_a_1995.RJ.1990;7099
serie_por_uf_cid9_1979_a_1995.RJ.1991;5055
serie_por_uf_cid9_1979_a_1995.RJ.1992;4534
serie_por_uf_cid9_1979_a_1995.RJ.1993;5367
serie_por_uf_cid9_1979_a_1995.RJ.1994;6417
serie_por_uf_cid9_1979_a_1995.RJ.1995;8216
serie_por_uf_cid9_1979_a_1995.RN.1979;96
serie_por_uf_cid9_1979_a_1995.RN.1980;163
serie_por_uf_cid9_1979_a_1995.RN.1981;171
serie_por_uf_cid9_1979_a_1995.RN.1982;201
serie_por_uf_cid9_1979_a_1995.RN.1983;174
serie_por_uf_cid9_1979_a_1995.RN.1984;136
serie_por_uf_cid9_1979_a_1995.RN.1985;134
serie_por_uf_cid9_1979_a_1995.RN.1986;104
serie_por_uf_cid9_1979_a_1995.RN.1987;149
serie_por_uf_cid9_1979_a_1995.RN.1988;194
serie_por_uf_cid9_1979_a_1995.RN.1989;236
serie_por_uf_cid9_1979_a_1995.RN.1990;200
serie_por_uf_cid9_1979_a_1995.RN.1991;219
serie_por_uf_cid9_1979_a_1995.RN.1992;199
serie_por_uf_cid9_1979_a_1995.RN.1993;243
serie_por_uf_cid9_1979_a_1995.RN.1994;211
serie_por_uf_cid9_1979_a_1995.RN.1995;247
serie_por_uf_cid9_1979_a_1995.RO.1979;90
serie_por_uf_cid9_1979_a_1995.RO.1980;118
serie_por_uf_cid9_1979_a_1995.RO.1981;128
serie_por_uf_cid9_1979_a_1995.RO.1982;121
serie_por_uf_cid9_1979_a_1995.RO.1983;142
serie_por_uf_cid9_1979_a_1995.RO.1984;207
serie_por_uf_cid9_1979_a_1995.RO.1985;319
serie_por_uf_cid9_1979_a_1995.RO.1986;371
serie_por_uf_cid9_1979_a_1995.RO.1987;428
serie_por_uf_cid9_1979_a_1995.RO.1988;432
serie_por_uf_cid9_1979_a_1995.RO.1989;490
serie_por_uf_cid9_1979_a_1995.RO.1990;555
serie_por_uf_cid9_1979_a_1995.RO.1991;491
serie_por_uf_cid9_1979_a_1995.RO.1992;395
serie_por_uf_cid9_1979_a_1995.RO.1993;498
serie_por_uf_cid9_1979_a_1995.RO.1994;398
serie_por_uf_cid9_1979_a_1995.RO.1995;330
serie_por_uf_cid9_1979_a_1995.RR.1979;8
serie_por_uf_cid9_1979_a_1995.RR.1980;11
serie_por_uf_cid9_1979_a_1995.RR.1981;16
serie_por_uf_cid9_1979_a_1995.RR.1982;29
serie_por_uf_cid9_1979_a_1995.RR.1983;20
serie_por_uf_cid9_1979_a_1995.RR.1984;17
serie_por_uf_cid9_1979_a_1995.RR.1985;12
serie_por_uf_cid9_1979_a_1995.RR.1986;13
serie_por_uf_cid9_1979_a_1995.RR.1987;7
serie_por_uf_cid9_1979_a_1995.RR.1988;70
serie_por_uf_cid9_1979_a_1995.RR.1989;113
serie_por_uf_cid9_1979_a_1995.RR.1990;127
serie_por_uf_cid9_1979_a_1995.RR.1991;79
serie_por_uf_cid9_1979_a_1995.RR.1992;95
serie_por_uf_cid9_1979_a_1995.RR.1993;69
serie_por_uf_cid9_1979_a_1995.RR.1994;78
serie_por_uf_cid9_1979_a_1995.RR.1995;87
serie_por_uf_cid9_1979_a_1995.RS.1979;539
serie_por_uf_cid9_1979_a_1995.RS.1980;633
serie_por_uf_cid9_1979_a_1995.RS.1981;664
serie_por_uf_cid9_1979_a_1995.RS.1982;689
serie_por_uf_cid9_1979_a_1995.RS.1983;663
serie_por_uf_cid9_1979_a_1995.RS.1984;686
serie_por_uf_cid9_1979_a_1995.RS.1985;681
serie_por_uf_cid9_1979_a_1995.RS.1986;770
serie_por_uf_cid9_1979_a_1995.RS.1987;822
serie_por_uf_cid9_1979_a_1995.RS.1988;1100
serie_por_uf_cid9_1979_a_1995.RS.1989;1556
serie_por_uf_cid9_1979_a_1995.RS.1990;1689
serie_por_uf_cid9_1979_a_1995.RS.1991;1694
serie_por_uf_cid9_1979_a_1995.RS.1992;1565
serie_por_uf_cid9_1979_a_1995.RS.1993;1177
serie_por_uf_cid9_1979_a_1995.RS.1994;1334
serie_por_uf_cid9_1979_a_1995.RS.1995;1437
serie_por_uf_cid9_1979_a_1995.SC.1979;180
serie_por_uf_cid9_1979_a_1995.SC.1980;241
serie_por_uf_cid9_1979_a_1995.SC.1981;271
serie_por_uf_cid9_1979_a_1995.SC.1982;266
serie_por_uf_cid9_1979_a_1995.SC.1983;317
serie_por_uf_cid9_1979_a_1995.SC.1984;295
serie_por_uf_cid9_1979_a_1995.SC.1985;263
serie_por_uf_cid9_1979_a_1995.SC.1986;239
serie_por_uf_cid9_1979_a_1995.SC.1987;307
serie_por_uf_cid9_1979_a_1995.SC.1988;320
serie_por_uf_cid9_1979_a_1995.SC.1989;352
serie_por_uf_cid9_1979_a_1995.SC.1990;382
serie_por_uf_cid9_1979_a_1995.SC.1991;355
serie_por_uf_cid9_1979_a_1995.SC.1992;357
serie_por_uf_cid9_1979_a_1995.SC.1993;365
serie_por_uf_cid9_1979_a_1995.SC.1994;340
serie_por_uf_cid9_1979_a_1995.SC.1995;412
serie_por_uf_cid9_1979_a_1995.SE.1979;55
serie_por_uf_cid9_1979_a_1995.SE.1980;82
serie_por_uf_cid9_1979_a_1995.SE.1981;100
serie_por_uf_cid9_1979_a_1995.SE.1982;120
serie_por_uf_cid9_1979_a_1995.SE.1983;106
serie_por_uf_cid9_1979_a_1995.SE.1984;61
serie_por_uf_cid9_1979_a_1995.SE.1985;64
serie_por_uf_cid9_1979_a_1995.SE.1986;77
serie_por_uf_cid9_1979_a_1995.SE.1987;68
serie_por_uf_cid9_1979_a_1995.SE.1988;68
serie_por_uf_cid9_1979_a_1995.SE.1989;139
serie_por_uf_cid9_1979_a_1995.SE.1990;151
serie_por_uf_cid9_1979_a_1995.SE.1991;317
serie_por_uf_cid9_1979_a_1995.SE.1992;461
serie_por_uf_cid9_1979_a_1995.SE.1993;312
serie_por_uf_cid9_1979_a_1995.SE.1994;343
serie_por_uf_cid9_1979_a_1995.SE.1995;255
serie_por_uf_cid9_1979_a_1995.SP.1979;2384
serie_por_uf_cid9_1979_a_1995.SP.1980;3446
serie_por_uf_cid9_1979_a_1995.SP.1981;4195
serie_por_uf_cid9_1979_a_1995.SP.1982;4183
serie_por_uf_cid9_1979_a_1995.SP.1983;5857
serie_por_uf_cid9_1979_a_1995.SP.1984;7080
serie_por_uf_cid9_1979_a_1995.SP.1985;7027
serie_por_uf_cid9_1979_a_1995.SP.1986;7196
serie_por_uf_cid9_1979_a_1995.SP.1987;7944
serie_por_uf_cid9_1979_a_1995.SP.1988;7496
serie_por_uf_cid9_1979_a_1995.SP.1989;9178
serie_por_uf_cid9_1979_a_1995.SP.1990;9503
serie_por_uf_cid9_1979_a_1995.SP.1991;9685
serie_por_uf_cid9_1979_a_1995.SP.1992;9011
serie_por_uf_cid9_1979_a_1995.SP.1993;9224
serie_por_uf_cid9_1979_a_1995.SP.1994;9981
serie_por_uf_cid9_1979_a_1995.SP.1995;11555
serie_por_uf_cid9_1979_a_1995.TO.1979;
serie_por_uf_cid9_1979_a_1995.TO.1980;
serie_por_uf_cid9_1979_a_1995.TO.1981;
serie_por_uf_cid9_1979_a_1995.TO.1982;
serie_por_uf_cid9_1979_a_1995.TO.1983;
serie_por_uf_cid9_1979_a_1995.TO.1984;
serie_por_uf_cid9_1979_a_1995.TO.1985;
serie_por_uf_cid9_1979_a_1995.TO.1986;
serie_por_uf_cid9_1979_a_1995.TO.1987;
serie_por_uf_cid9_1979_a_1995.TO.1988;
serie_por_uf_cid9_1979_a_1995.TO.1989;63
serie_por_uf_cid9_1979_a_1995.TO.1990;54
serie_por_uf_cid9_1979_a_1995.TO.1991;91
serie_por_uf_cid9_1979_a_1995.TO.1992;66
serie_por_uf_cid9_1979_a_1995.TO.1993;93
serie_por_uf_cid9_1979_a_1995.TO.1994;109
serie_por_uf_cid9_1979_a_1995.TO.1995;77
o_que_isto_NAO_diz;"[""a CID-9, de 1979 a 1995, sai em série própria e NÃO foi emendada à CID-10: a classificação da causa de morte muda em 1996"", ""o Tocantins só é separado de Goiás a partir de 1989, no próprio SIM"", ""o mapa é descritivo: nenhuma Unidade da Federação é comparada a outra por teste"", ""morte registrada no SIM é óbito por agressão, e não tipo penal: ela não distingue homicídio doloso de latrocínio nem de lesão seguida de morte""]"
