chave;valor
coletado_em;2026-09-22 07:14:54
fonte_1;https://www25.senado.leg.br/web/senadores/legislaturas-anteriores/-/a/0/por-nome
fonte_2;https://legis.senado.leg.br/dadosabertos/senador/lista/legislatura/{a}/{b}.json
legislaturas.38.portal;101
legislaturas.38.api_uniao_dos_intervalos;165
legislaturas.38.em_ambos;101
legislaturas.38.so_api_intervalos[0];"[""1368"", ""Caiado de Castro""]"
legislaturas.38.so_api_intervalos[1];"[""1370"", ""Alberto Pasqualini""]"
legislaturas.38.so_api_intervalos[2];"[""1409"", ""Antônio Bayma""]"
legislaturas.38.so_api_intervalos[3];"[""1436"", ""Freitas Cavalcanti""]"
legislaturas.38.so_api_intervalos[4];"[""1470"", ""Mourão Vieira""]"
legislaturas.38.so_api_intervalos[5];"[""1473"", ""Argemiro de Figueiredo""]"
legislaturas.38.so_api_intervalos[6];"[""1477"", ""Armando Câmara""]"
legislaturas.38.so_api_intervalos[7];"[""1507"", ""Benedito Valladares""]"
legislaturas.38.so_api_intervalos[8];"[""1528"", ""Camilo Mércio""]"
legislaturas.38.so_api_intervalos[9];"[""1540"", ""Lúcio Bittencourt""]"
legislaturas.38.so_api_intervalos[10];"[""1541"", ""Alfredo Simch""]"
legislaturas.38.so_api_intervalos[11];"[""1548"", ""Carlos Lindenberg""]"
legislaturas.38.so_api_intervalos[12];"[""1550"", ""Gomes de Oliveira""]"
legislaturas.38.so_api_intervalos[13];"[""1559"", ""César Vergueiro""]"
legislaturas.38.so_api_intervalos[14];"[""1573"", ""Dinarte Mariz""]"
legislaturas.38.so_api_intervalos[15];"[""1585"", ""Domingos de Vellasco""]"
legislaturas.38.so_api_intervalos[16];"[""1587"", ""Neves da Rocha""]"
legislaturas.38.so_api_intervalos[17];"[""1622"", ""Ezechias da Rocha""]"
legislaturas.38.so_api_intervalos[18];"[""1658"", ""Assis Chateaubriand""]"
legislaturas.38.so_api_intervalos[19];"[""1763"", ""Jarbas Maranhão""]"
legislaturas.38.so_api_intervalos[20];"[""1825"", ""Prisco dos Santos""]"
legislaturas.38.so_api_intervalos[21];"[""1906"", ""Costa Pereira""]"
legislaturas.38.so_api_intervalos[22];"[""1965"", ""Parsifal Barroso""]"
legislaturas.38.so_api_intervalos[23];"[""1993"", ""Júlio Leite""]"
legislaturas.38.so_api_intervalos[24];"[""1996"", ""Juracy Magalhães""]"
legislaturas.38.so_api_intervalos[25];"[""2001"", ""Lino de Mattos""]"
legislaturas.38.so_api_intervalos[26];"[""2013"", ""Cunha Mello""]"
legislaturas.38.so_api_intervalos[27];"[""2020"", ""Lourival Fontes""]"
legislaturas.38.so_api_intervalos[28];"[""2051"", ""Anísio Jobim""]"
legislaturas.38.so_api_intervalos[29];"[""2132"", ""Moysés Lupion""]"
legislaturas.38.so_api_intervalos[30];"[""2133"", ""Mozart Lago""]"
legislaturas.38.so_api_intervalos[31];"[""2136"", ""Alencastro Guimarães""]"
legislaturas.38.so_api_intervalos[32];"[""2143"", ""Nestor Massena""]"
legislaturas.38.so_api_intervalos[33];"[""2160"", ""Onofre Gomes""]"
legislaturas.38.so_api_intervalos[34];"[""2175"", ""Paulo Fernandes""]"
legislaturas.38.so_api_intervalos[35];"[""2205"", ""Arêa (Melo) Leão""]"
legislaturas.38.so_api_intervalos[36];"[""2226"", ""Rui Palmeira""]"
legislaturas.38.so_api_intervalos[37];"[""2228"", ""Ruy Carneiro""]"
legislaturas.38.so_api_intervalos[38];"[""2230"", ""Saulo Ramos""]"
legislaturas.38.so_api_intervalos[39];"[""2242"", ""Sylvio Curvo""]"
legislaturas.38.so_api_intervalos[40];"[""2245"", ""Tarcísio Miranda""]"
legislaturas.38.so_api_intervalos[41];"[""2273"", ""Velloso Borges""]"
legislaturas.38.so_api_intervalos[42];"[""2274"", ""Vivaldo Lima""]"
legislaturas.38.so_api_intervalos[43];"[""2792"", ""João Mendes""]"
legislaturas.38.so_api_intervalos[44];"[""2832"", ""Abelardo Jurema""]"
legislaturas.38.so_api_intervalos[45];"[""2843"", ""Altivo Mendes Linhares""]"
legislaturas.38.so_api_intervalos[46];"[""2852"", ""Antonio Carvalho Guimarães""]"
legislaturas.38.so_api_intervalos[47];"[""2882"", ""Djair Brindeiro""]"
legislaturas.38.so_api_intervalos[48];"[""2884"", ""Drault Ernani""]"
legislaturas.38.so_api_intervalos[49];"[""2895"", ""Esperedião Farias""]"
legislaturas.38.so_api_intervalos[50];"[""2903"", ""Moreira de Souza""]"
legislaturas.38.so_api_intervalos[51];"[""2904"", ""Francisco Porto""]"
legislaturas.38.so_api_intervalos[52];"[""2952"", ""Costa Paranhos""]"
legislaturas.38.so_api_intervalos[53];"[""2968"", ""Luis Lopes Varéla""]"
legislaturas.38.so_api_intervalos[54];"[""2985"", ""Mário Motta""]"
legislaturas.38.so_api_intervalos[55];"[""2986"", ""Martiniano José Fernandes""]"
legislaturas.38.so_api_intervalos[56];"[""3005"", ""Pedro Diniz Gonçalves Filho""]"
legislaturas.38.so_api_intervalos[57];"[""3007"", ""Péricles Pinto""]"
legislaturas.38.so_api_intervalos[58];"[""3026"", ""Waldemar da Rocha Dias""]"
legislaturas.38.so_api_intervalos[59];"[""3052"", ""Guilherme Malaquias""]"
legislaturas.38.so_api_intervalos[60];"[""3112"", ""Agripa de Castro Faria""]"
legislaturas.38.so_api_intervalos[61];"[""3113"", ""Álvaro Sinfrônio Bandeira de Melo""]"
legislaturas.38.so_api_intervalos[62];"[""3152"", ""José Fortunato Ribeiro""]"
legislaturas.38.so_api_intervalos[63];"[""3934"", ""Lima Campos""]"
legislaturas.38.senadores[0];"[""1358"", ""Adalberto Ribeiro""]"
legislaturas.38.senadores[1];"[""1376"", ""Marcondes Filho""]"
legislaturas.38.senadores[2];"[""1379"", ""Alfredo da Matta""]"
legislaturas.38.senadores[3];"[""1381"", ""Alfredo Neves""]"
legislaturas.38.senadores[4];"[""1385"", ""Alfredo Nasser""]"
legislaturas.38.senadores[5];"[""1391"", ""Aloysio de Carvalho""]"
legislaturas.38.senadores[6];"[""1393"", ""Alvaro Adolpho""]"
legislaturas.38.senadores[7];"[""1396"", ""Álvaro Maia""]"
legislaturas.38.senadores[8];"[""1429"", ""Novaes Filho""]"
legislaturas.38.senadores[9];"[""1462"", ""Pereira Moacyr""]"
legislaturas.38.senadores[10];"[""1471"", ""Apolônio Salles""]"
legislaturas.38.senadores[11];"[""1481"", ""Bernardes Filho""]"
legislaturas.38.senadores[12];"[""1485"", ""Arthur Santos""]"
legislaturas.38.senadores[13];"[""1492"", ""Attílio Vivacqua""]"
legislaturas.38.senadores[14];"[""1493"", ""Augusto Leite""]"
legislaturas.38.senadores[15];"[""1497"", ""Maynard Gomes""]"
legislaturas.38.senadores[16];"[""1560"", ""Cícero de Vasconcelos""]"
legislaturas.38.senadores[17];"[""1566"", ""Clodomir Cardoso""]"
legislaturas.38.senadores[18];"[""1571"", ""Dario Cardoso""]"
legislaturas.38.senadores[19];"[""1588"", ""Durval Cruz""]"
legislaturas.38.senadores[20];"[""1589"", ""Edgar de Arruda""]"
legislaturas.38.senadores[21];"[""1595"", ""Eloy de Souza""]"
legislaturas.38.senadores[22];"[""1603"", ""Ernesto Dornelles""]"
legislaturas.38.senadores[23];"[""1606"", ""Etelvino Lins""]"
legislaturas.38.senadores[24];"[""1607"", ""Euclides Vieira""]"
legislaturas.38.senadores[25];"[""1633"", ""Mello Vianna""]"
legislaturas.38.senadores[26];"[""1636"", ""Filinto Muller""]"
legislaturas.38.senadores[27];"[""1642"", ""Flávio Guimarães""]"
legislaturas.38.senadores[28];"[""1653"", ""Francisco Galloti""]"
legislaturas.38.senadores[29];"[""1672"", ""Sá Tinoco""]"
legislaturas.38.senadores[30];"[""1712"", ""Genaro Pinheiro""]"
legislaturas.38.senadores[31];"[""1715"", ""Genésio Rego""]"
legislaturas.38.senadores[32];"[""1718"", ""Getúlio Vargas""]"
legislaturas.38.senadores[33];"[""1728"", ""Hamilton Nogueira""]"
legislaturas.38.senadores[34];"[""1736"", ""Henrique Novaes""]"
legislaturas.38.senadores[35];"[""1752"", ""Ismar de Góes""]"
legislaturas.38.senadores[36];"[""1758"", ""Ivo D'Aquino""]"
legislaturas.38.senadores[37];"[""1771"", ""Jerônimo Monteiro Filho""]"
legislaturas.38.senadores[38];"[""1811"", ""Jones Rocha""]"
legislaturas.38.senadores[39];"[""1828"", ""João Câmara""]"
legislaturas.38.senadores[40];"[""1835"", ""João Villas Boas""]"
legislaturas.38.senadores[41];"[""1848"", ""Joaquim Ignácio de Carvalho Filho""]"
legislaturas.38.senadores[42];"[""1853"", ""Joaquim Pires""]"
legislaturas.38.senadores[43];"[""1856"", ""Magalhães Barata""]"
legislaturas.38.senadores[44];"[""1860"", ""Salgado Filho""]"
legislaturas.38.senadores[45];"[""1871"", ""Santos Neves""]"
legislaturas.38.senadores[46];"[""1872"", ""Braga Pinheiro""]"
legislaturas.38.senadores[47];"[""1877"", ""Alcântara Machado""]"
legislaturas.38.senadores[48];"[""1878"", ""José Américo""]"
legislaturas.38.senadores[49];"[""1886"", ""Augusto Meira""]"
legislaturas.38.senadores[50];"[""1898"", ""Pereira Pinto""]"
legislaturas.38.senadores[51];"[""1913"", ""José de Sá""]"
legislaturas.38.senadores[52];"[""1915"", ""Macedo Soares""]"
legislaturas.38.senadores[53];"[""1923"", ""Ferreira de Sousa""]"
legislaturas.38.senadores[54];"[""1926"", ""Georgino Avelino""]"
legislaturas.38.senadores[55];"[""1962"", ""Ribeiro Junqueira""]"
legislaturas.38.senadores[56];"[""1963"", ""José Neiva""]"
legislaturas.38.senadores[57];"[""1994"", ""Cesário de Mello""]"
legislaturas.38.senadores[58];"[""2003"", ""Kerginaldo Cavalcanti""]"
legislaturas.38.senadores[59];"[""2005"", ""Landulfo Alves""]"
legislaturas.38.senadores[60];"[""2009"", ""Leandro Maciel""]"
legislaturas.38.senadores[61];"[""2014"", ""Levindo Coelho""]"
legislaturas.38.senadores[62];"[""2022"", ""Lucio Corrêa""]"
legislaturas.38.senadores[63];"[""2026"", ""Carlos Prestes""]"
legislaturas.38.senadores[64];"[""2030"", ""Luís Tinoco""]"
legislaturas.38.senadores[65];"[""2045"", ""Ribeiro Gonçalves""]"
legislaturas.38.senadores[66];"[""2047"", ""Rodolpho Miranda""]"
legislaturas.38.senadores[67];"[""2061"", ""Fernandes Távora""]"
legislaturas.38.senadores[68];"[""2077"", ""Severiano Nunes""]"
legislaturas.38.senadores[69];"[""2080"", ""Velloso Borges""]"
legislaturas.38.senadores[70];"[""2109"", ""Mário Caiado""]"
legislaturas.38.senadores[71];"[""2110"", ""Andrade Ramos""]"
legislaturas.38.senadores[72];"[""2115"", ""Mathias Olympio""]"
legislaturas.38.senadores[73];"[""2140"", ""Nereu Ramos""]"
legislaturas.38.senadores[74];"[""2156"", ""Olavo Oliveira""]"
legislaturas.38.senadores[75];"[""2167"", ""Othon Mader""]"
legislaturas.38.senadores[76];"[""2176"", ""Moraes Barros""]"
legislaturas.38.senadores[77];"[""2183"", ""Góes Monteiro""]"
legislaturas.38.senadores[78];"[""2185"", ""Costa Rego""]"
legislaturas.38.senadores[79];"[""2193"", ""Pedro Ludovico""]"
legislaturas.38.senadores[80];"[""2200"", ""Plínio Pompeu""]"
legislaturas.38.senadores[81];"[""2215"", ""Pinto Aleixo""]"
legislaturas.38.senadores[82];"[""2218"", ""Roberto Simonsen""]"
legislaturas.38.senadores[83];"[""2220"", ""Roberto Glasser""]"
legislaturas.38.senadores[84];"[""2251"", ""Thomaz Lobo""]"
legislaturas.38.senadores[85];"[""2263"", ""Vergniaud Wanderley""]"
legislaturas.38.senadores[86];"[""2264"", ""Vespasiano Martins""]"
legislaturas.38.senadores[87];"[""2269"", ""Victorino Freire""]"
legislaturas.38.senadores[88];"[""2275"", ""Waldemar Falcão""]"
legislaturas.38.senadores[89];"[""2277"", ""Waldemar Pedrosa""]"
legislaturas.38.senadores[90];"[""2278"", ""Valdomiro Magalhães""]"
legislaturas.38.senadores[91];"[""2280"", ""Walter Franco""]"
legislaturas.38.senadores[92];"[""2793"", ""Esmaragdo de Freitas""]"
legislaturas.38.senadores[93];"[""2857"", ""Antonio José Pereira Junior""]"
legislaturas.38.senadores[94];"[""2874"", ""Carlos Saboya""]"
legislaturas.38.senadores[95];"[""2890"", ""Azevedo Ribeiro""]"
legislaturas.38.senadores[96];"[""2898"", ""Evandro Vianna""]"
legislaturas.38.senadores[97];"[""2916"", ""Hélio Coutinho""]"
legislaturas.38.senadores[98];"[""2955"", ""José Lourenço Dias""]"
legislaturas.38.senadores[99];"[""3020"", ""Sinval Coutinho""]"
legislaturas.38.senadores[100];"[""3932"", ""Epitácio Pessoa Cavalcanti de Albuquerque""]"
legislaturas.39.portal;128
legislaturas.39.api_uniao_dos_intervalos;227
legislaturas.39.em_ambos;128
legislaturas.39.so_api_intervalos[0];"[""1356"", ""Souza Naves""]"
legislaturas.39.so_api_intervalos[1];"[""1377"", ""Zacharias de Assumpção""]"
legislaturas.39.so_api_intervalos[2];"[""1379"", ""Alfredo da Matta""]"
legislaturas.39.so_api_intervalos[3];"[""1389"", ""Alô Guimarães""]"
legislaturas.39.so_api_intervalos[4];"[""1427"", ""Barros Carvalho""]"
legislaturas.39.so_api_intervalos[5];"[""1476"", ""Arlindo Rodrigues""]"
legislaturas.39.so_api_intervalos[6];"[""1490"", ""Ary Vianna""]"
legislaturas.39.so_api_intervalos[7];"[""1493"", ""Augusto Leite""]"
legislaturas.39.so_api_intervalos[8];"[""1504"", ""Moura Andrade""]"
legislaturas.39.so_api_intervalos[9];"[""1506"", ""Padre Calazans""]"
legislaturas.39.so_api_intervalos[10];"[""1569"", ""Daniel Krieger""]"
legislaturas.39.so_api_intervalos[11];"[""1589"", ""Edgar de Arruda""]"
legislaturas.39.so_api_intervalos[12];"[""1595"", ""Eloy de Souza""]"
legislaturas.39.so_api_intervalos[13];"[""1609"", ""Eugênio Barros""]"
legislaturas.39.so_api_intervalos[14];"[""1624"", ""Fausto Cabral""]"
legislaturas.39.so_api_intervalos[15];"[""1632"", ""Fernando Corrêa""]"
legislaturas.39.so_api_intervalos[16];"[""1663"", ""Menezes Pimentel""]"
legislaturas.39.so_api_intervalos[17];"[""1709"", ""Gaspar Velloso""]"
legislaturas.39.so_api_intervalos[18];"[""1712"", ""Genaro Pinheiro""]"
legislaturas.39.so_api_intervalos[19];"[""1715"", ""Genésio Rego""]"
legislaturas.39.so_api_intervalos[20];"[""1721"", ""Gilberto Marinho""]"
legislaturas.39.so_api_intervalos[21];"[""1724"", ""Guido Mondin""]"
legislaturas.39.so_api_intervalos[22];"[""1736"", ""Henrique Novaes""]"
legislaturas.39.so_api_intervalos[23];"[""1742"", ""Heribaldo Vieira""]"
legislaturas.39.so_api_intervalos[24];"[""1750"", ""Irineu Bornhausen""]"
legislaturas.39.so_api_intervalos[25];"[""1767"", ""Dix-Huit Rosado""]"
legislaturas.39.so_api_intervalos[26];"[""1771"", ""Jerônimo Monteiro Filho""]"
legislaturas.39.so_api_intervalos[27];"[""1772"", ""Coimbra Bueno""]"
legislaturas.39.so_api_intervalos[28];"[""1789"", ""João Arruda""]"
legislaturas.39.so_api_intervalos[29];"[""1796"", ""Lima Teixeira""]"
legislaturas.39.so_api_intervalos[30];"[""1809"", ""Lameira Bittencourt""]"
legislaturas.39.so_api_intervalos[31];"[""1811"", ""Jones Rocha""]"
legislaturas.39.so_api_intervalos[32];"[""1813"", ""Lima Guimarães""]"
legislaturas.39.so_api_intervalos[33];"[""1828"", ""João Câmara""]"
legislaturas.39.so_api_intervalos[34];"[""1848"", ""Joaquim Ignácio de Carvalho Filho""]"
legislaturas.39.so_api_intervalos[35];"[""1860"", ""Salgado Filho""]"
legislaturas.39.so_api_intervalos[36];"[""1866"", ""Joaquim Parente""]"
legislaturas.39.so_api_intervalos[37];"[""1873"", ""Jorge Maynard""]"
legislaturas.39.so_api_intervalos[38];"[""1877"", ""Alcântara Machado""]"
legislaturas.39.so_api_intervalos[39];"[""1913"", ""José de Sá""]"
legislaturas.39.so_api_intervalos[40];"[""1915"", ""Macedo Soares""]"
legislaturas.39.so_api_intervalos[41];"[""1962"", ""Ribeiro Junqueira""]"
legislaturas.39.so_api_intervalos[42];"[""1963"", ""José Neiva""]"
legislaturas.39.so_api_intervalos[43];"[""1994"", ""Cesário de Mello""]"
legislaturas.39.so_api_intervalos[44];"[""2009"", ""Leandro Maciel""]"
legislaturas.39.so_api_intervalos[45];"[""2012"", ""Leônidas de Mello""]"
legislaturas.39.so_api_intervalos[46];"[""2016"", ""Lineu Prestes""]"
legislaturas.39.so_api_intervalos[47];"[""2026"", ""Carlos Prestes""]"
legislaturas.39.so_api_intervalos[48];"[""2080"", ""Velloso Borges""]"
legislaturas.39.so_api_intervalos[49];"[""2109"", ""Mário Caiado""]"
legislaturas.39.so_api_intervalos[50];"[""2120"", ""Mem de Sá""]"
legislaturas.39.so_api_intervalos[51];"[""2122"", ""Miguel Couto""]"
legislaturas.39.so_api_intervalos[52];"[""2128"", ""Milton Campos""]"
legislaturas.39.so_api_intervalos[53];"[""2152"", ""Otávio Mangabeira""]"
legislaturas.39.so_api_intervalos[54];"[""2168"", ""Ovídio Teixeira""]"
legislaturas.39.so_api_intervalos[55];"[""2176"", ""Moraes Barros""]"
legislaturas.39.so_api_intervalos[56];"[""2183"", ""Góes Monteiro""]"
legislaturas.39.so_api_intervalos[57];"[""2185"", ""Costa Rego""]"
legislaturas.39.so_api_intervalos[58];"[""2214"", ""Reginaldo Fernandes""]"
legislaturas.39.so_api_intervalos[59];"[""2218"", ""Roberto Simonsen""]"
legislaturas.39.so_api_intervalos[60];"[""2231"", ""Sebastião Archer""]"
legislaturas.39.so_api_intervalos[61];"[""2234"", ""Sérgio Marinho""]"
legislaturas.39.so_api_intervalos[62];"[""2241"", ""Silvestre Péricles""]"
legislaturas.39.so_api_intervalos[63];"[""2243"", ""Taciano de Mello""]"
legislaturas.39.so_api_intervalos[64];"[""2251"", ""Thomaz Lobo""]"
legislaturas.39.so_api_intervalos[65];"[""2263"", ""Vergniaud Wanderley""]"
legislaturas.39.so_api_intervalos[66];"[""2275"", ""Waldemar Falcão""]"
legislaturas.39.so_api_intervalos[67];"[""2276"", ""Waldemar Santos""]"
legislaturas.39.so_api_intervalos[68];"[""2278"", ""Valdomiro Magalhães""]"
legislaturas.39.so_api_intervalos[69];"[""2592"", ""Mendonça Clark""]"
legislaturas.39.so_api_intervalos[70];"[""2793"", ""Esmaragdo de Freitas""]"
legislaturas.39.so_api_intervalos[71];"[""2834"", ""Acrísio Corrêa""]"
legislaturas.39.so_api_intervalos[72];"[""2841"", ""Alfredo Duailibe""]"
legislaturas.39.so_api_intervalos[73];"[""2847"", ""Primio Beck""]"
legislaturas.39.so_api_intervalos[74];"[""2853"", ""Antônio Barros Filho""]"
legislaturas.39.so_api_intervalos[75];"[""2857"", ""Antonio José Pereira Junior""]"
legislaturas.39.so_api_intervalos[76];"[""2862"", ""Ribeiro Casado""]"
legislaturas.39.so_api_intervalos[77];"[""2887"", ""Edson Pitombo Cavalcanti""]"
legislaturas.39.so_api_intervalos[78];"[""2890"", ""Azevedo Ribeiro""]"
legislaturas.39.so_api_intervalos[79];"[""2898"", ""Evandro Vianna""]"
legislaturas.39.so_api_intervalos[80];"[""2906"", ""Frederico Nunes""]"
legislaturas.39.so_api_intervalos[81];"[""2915"", ""Heitor Medeiros""]"
legislaturas.39.so_api_intervalos[82];"[""2916"", ""Hélio Coutinho""]"
legislaturas.39.so_api_intervalos[83];"[""2955"", ""José Lourenço Dias""]"
legislaturas.39.so_api_intervalos[84];"[""2956"", ""José Mário Porto""]"
legislaturas.39.so_api_intervalos[85];"[""2957"", ""Moreira Filho""]"
legislaturas.39.so_api_intervalos[86];"[""2963"", ""Lauro Hora""]"
legislaturas.39.so_api_intervalos[87];"[""2970"", ""Luís Guedes""]"
legislaturas.39.so_api_intervalos[88];"[""2979"", ""Lutterbach Nunes""]"
legislaturas.39.so_api_intervalos[89];"[""2991"", ""Moacyr Barreto""]"
legislaturas.39.so_api_intervalos[90];"[""2993"", ""Nelson Firmo""]"
legislaturas.39.so_api_intervalos[91];"[""2995"", ""Moura Brasil""]"
legislaturas.39.so_api_intervalos[92];"[""2997"", ""Otacílio Jurema""]"
legislaturas.39.so_api_intervalos[93];"[""3001"", ""Paulo Abreu""]"
legislaturas.39.so_api_intervalos[94];"[""3010"", ""Públio de Mello""]"
legislaturas.39.so_api_intervalos[95];"[""3011"", ""Remy Archer""]"
legislaturas.39.so_api_intervalos[96];"[""3014"", ""Rodrigo Lobo""]"
legislaturas.39.so_api_intervalos[97];"[""3020"", ""Sinval Coutinho""]"
legislaturas.39.so_api_intervalos[98];"[""3027"", ""Waldir Bouhid""]"
legislaturas.39.senadores[0];"[""1358"", ""Adalberto Ribeiro""]"
legislaturas.39.senadores[1];"[""1368"", ""Caiado de Castro""]"
legislaturas.39.senadores[2];"[""1370"", ""Alberto Pasqualini""]"
legislaturas.39.senadores[3];"[""1376"", ""Marcondes Filho""]"
legislaturas.39.senadores[4];"[""1381"", ""Alfredo Neves""]"
legislaturas.39.senadores[5];"[""1385"", ""Alfredo Nasser""]"
legislaturas.39.senadores[6];"[""1391"", ""Aloysio de Carvalho""]"
legislaturas.39.senadores[7];"[""1393"", ""Alvaro Adolpho""]"
legislaturas.39.senadores[8];"[""1396"", ""Álvaro Maia""]"
legislaturas.39.senadores[9];"[""1409"", ""Antônio Bayma""]"
legislaturas.39.senadores[10];"[""1429"", ""Novaes Filho""]"
legislaturas.39.senadores[11];"[""1436"", ""Freitas Cavalcanti""]"
legislaturas.39.senadores[12];"[""1462"", ""Pereira Moacyr""]"
legislaturas.39.senadores[13];"[""1470"", ""Mourão Vieira""]"
legislaturas.39.senadores[14];"[""1471"", ""Apolônio Salles""]"
legislaturas.39.senadores[15];"[""1473"", ""Argemiro de Figueiredo""]"
legislaturas.39.senadores[16];"[""1477"", ""Armando Câmara""]"
legislaturas.39.senadores[17];"[""1481"", ""Bernardes Filho""]"
legislaturas.39.senadores[18];"[""1485"", ""Arthur Santos""]"
legislaturas.39.senadores[19];"[""1492"", ""Attílio Vivacqua""]"
legislaturas.39.senadores[20];"[""1497"", ""Maynard Gomes""]"
legislaturas.39.senadores[21];"[""1507"", ""Benedito Valladares""]"
legislaturas.39.senadores[22];"[""1528"", ""Camilo Mércio""]"
legislaturas.39.senadores[23];"[""1540"", ""Lúcio Bittencourt""]"
legislaturas.39.senadores[24];"[""1541"", ""Alfredo Simch""]"
legislaturas.39.senadores[25];"[""1548"", ""Carlos Lindenberg""]"
legislaturas.39.senadores[26];"[""1550"", ""Gomes de Oliveira""]"
legislaturas.39.senadores[27];"[""1559"", ""César Vergueiro""]"
legislaturas.39.senadores[28];"[""1560"", ""Cícero de Vasconcelos""]"
legislaturas.39.senadores[29];"[""1566"", ""Clodomir Cardoso""]"
legislaturas.39.senadores[30];"[""1571"", ""Dario Cardoso""]"
legislaturas.39.senadores[31];"[""1573"", ""Dinarte Mariz""]"
legislaturas.39.senadores[32];"[""1585"", ""Domingos de Vellasco""]"
legislaturas.39.senadores[33];"[""1587"", ""Neves da Rocha""]"
legislaturas.39.senadores[34];"[""1588"", ""Durval Cruz""]"
legislaturas.39.senadores[35];"[""1603"", ""Ernesto Dornelles""]"
legislaturas.39.senadores[36];"[""1606"", ""Etelvino Lins""]"
legislaturas.39.senadores[37];"[""1607"", ""Euclides Vieira""]"
legislaturas.39.senadores[38];"[""1622"", ""Ezechias da Rocha""]"
legislaturas.39.senadores[39];"[""1633"", ""Mello Vianna""]"
legislaturas.39.senadores[40];"[""1636"", ""Filinto Muller""]"
legislaturas.39.senadores[41];"[""1642"", ""Flávio Guimarães""]"
legislaturas.39.senadores[42];"[""1653"", ""Francisco Galloti""]"
legislaturas.39.senadores[43];"[""1658"", ""Assis Chateaubriand""]"
legislaturas.39.senadores[44];"[""1672"", ""Sá Tinoco""]"
legislaturas.39.senadores[45];"[""1718"", ""Getúlio Vargas""]"
legislaturas.39.senadores[46];"[""1728"", ""Hamilton Nogueira""]"
legislaturas.39.senadores[47];"[""1752"", ""Ismar de Góes""]"
legislaturas.39.senadores[48];"[""1758"", ""Ivo D'Aquino""]"
legislaturas.39.senadores[49];"[""1763"", ""Jarbas Maranhão""]"
legislaturas.39.senadores[50];"[""1825"", ""Prisco dos Santos""]"
legislaturas.39.senadores[51];"[""1835"", ""João Villas Boas""]"
legislaturas.39.senadores[52];"[""1853"", ""Joaquim Pires""]"
legislaturas.39.senadores[53];"[""1856"", ""Magalhães Barata""]"
legislaturas.39.senadores[54];"[""1871"", ""Santos Neves""]"
legislaturas.39.senadores[55];"[""1872"", ""Braga Pinheiro""]"
legislaturas.39.senadores[56];"[""1878"", ""José Américo""]"
legislaturas.39.senadores[57];"[""1886"", ""Augusto Meira""]"
legislaturas.39.senadores[58];"[""1898"", ""Pereira Pinto""]"
legislaturas.39.senadores[59];"[""1906"", ""Costa Pereira""]"
legislaturas.39.senadores[60];"[""1923"", ""Ferreira de Sousa""]"
legislaturas.39.senadores[61];"[""1926"", ""Georgino Avelino""]"
legislaturas.39.senadores[62];"[""1965"", ""Parsifal Barroso""]"
legislaturas.39.senadores[63];"[""1993"", ""Júlio Leite""]"
legislaturas.39.senadores[64];"[""1996"", ""Juracy Magalhães""]"
legislaturas.39.senadores[65];"[""2001"", ""Lino de Mattos""]"
legislaturas.39.senadores[66];"[""2003"", ""Kerginaldo Cavalcanti""]"
legislaturas.39.senadores[67];"[""2005"", ""Landulfo Alves""]"
legislaturas.39.senadores[68];"[""2013"", ""Cunha Mello""]"
legislaturas.39.senadores[69];"[""2014"", ""Levindo Coelho""]"
legislaturas.39.senadores[70];"[""2020"", ""Lourival Fontes""]"
legislaturas.39.senadores[71];"[""2022"", ""Lucio Corrêa""]"
legislaturas.39.senadores[72];"[""2030"", ""Luís Tinoco""]"
legislaturas.39.senadores[73];"[""2045"", ""Ribeiro Gonçalves""]"
legislaturas.39.senadores[74];"[""2047"", ""Rodolpho Miranda""]"
legislaturas.39.senadores[75];"[""2051"", ""Anísio Jobim""]"
legislaturas.39.senadores[76];"[""2061"", ""Fernandes Távora""]"
legislaturas.39.senadores[77];"[""2077"", ""Severiano Nunes""]"
legislaturas.39.senadores[78];"[""2110"", ""Andrade Ramos""]"
legislaturas.39.senadores[79];"[""2115"", ""Mathias Olympio""]"
legislaturas.39.senadores[80];"[""2132"", ""Moysés Lupion""]"
legislaturas.39.senadores[81];"[""2133"", ""Mozart Lago""]"
legislaturas.39.senadores[82];"[""2136"", ""Alencastro Guimarães""]"
legislaturas.39.senadores[83];"[""2140"", ""Nereu Ramos""]"
legislaturas.39.senadores[84];"[""2143"", ""Nestor Massena""]"
legislaturas.39.senadores[85];"[""2156"", ""Olavo Oliveira""]"
legislaturas.39.senadores[86];"[""2160"", ""Onofre Gomes""]"
legislaturas.39.senadores[87];"[""2167"", ""Othon Mader""]"
legislaturas.39.senadores[88];"[""2175"", ""Paulo Fernandes""]"
legislaturas.39.senadores[89];"[""2193"", ""Pedro Ludovico""]"
legislaturas.39.senadores[90];"[""2200"", ""Plínio Pompeu""]"
legislaturas.39.senadores[91];"[""2205"", ""Arêa (Melo) Leão""]"
legislaturas.39.senadores[92];"[""2215"", ""Pinto Aleixo""]"
legislaturas.39.senadores[93];"[""2220"", ""Roberto Glasser""]"
legislaturas.39.senadores[94];"[""2226"", ""Rui Palmeira""]"
legislaturas.39.senadores[95];"[""2228"", ""Ruy Carneiro""]"
legislaturas.39.senadores[96];"[""2230"", ""Saulo Ramos""]"
legislaturas.39.senadores[97];"[""2242"", ""Sylvio Curvo""]"
legislaturas.39.senadores[98];"[""2245"", ""Tarcísio Miranda""]"
legislaturas.39.senadores[99];"[""2264"", ""Vespasiano Martins""]"
legislaturas.39.senadores[100];"[""2269"", ""Victorino Freire""]"
legislaturas.39.senadores[101];"[""2273"", ""Velloso Borges""]"
legislaturas.39.senadores[102];"[""2274"", ""Vivaldo Lima""]"
legislaturas.39.senadores[103];"[""2277"", ""Waldemar Pedrosa""]"
legislaturas.39.senadores[104];"[""2280"", ""Walter Franco""]"
legislaturas.39.senadores[105];"[""2792"", ""João Mendes""]"
legislaturas.39.senadores[106];"[""2832"", ""Abelardo Jurema""]"
legislaturas.39.senadores[107];"[""2843"", ""Altivo Mendes Linhares""]"
legislaturas.39.senadores[108];"[""2852"", ""Antonio Carvalho Guimarães""]"
legislaturas.39.senadores[109];"[""2874"", ""Carlos Saboya""]"
legislaturas.39.senadores[110];"[""2882"", ""Djair Brindeiro""]"
legislaturas.39.senadores[111];"[""2884"", ""Drault Ernani""]"
legislaturas.39.senadores[112];"[""2895"", ""Esperedião Farias""]"
legislaturas.39.senadores[113];"[""2903"", ""Moreira de Souza""]"
legislaturas.39.senadores[114];"[""2904"", ""Francisco Porto""]"
legislaturas.39.senadores[115];"[""2952"", ""Costa Paranhos""]"
legislaturas.39.senadores[116];"[""2968"", ""Luis Lopes Varéla""]"
legislaturas.39.senadores[117];"[""2985"", ""Mário Motta""]"
legislaturas.39.senadores[118];"[""2986"", ""Martiniano José Fernandes""]"
legislaturas.39.senadores[119];"[""3005"", ""Pedro Diniz Gonçalves Filho""]"
legislaturas.39.senadores[120];"[""3007"", ""Péricles Pinto""]"
legislaturas.39.senadores[121];"[""3026"", ""Waldemar da Rocha Dias""]"
legislaturas.39.senadores[122];"[""3052"", ""Guilherme Malaquias""]"
legislaturas.39.senadores[123];"[""3112"", ""Agripa de Castro Faria""]"
legislaturas.39.senadores[124];"[""3113"", ""Álvaro Sinfrônio Bandeira de Melo""]"
legislaturas.39.senadores[125];"[""3152"", ""José Fortunato Ribeiro""]"
legislaturas.39.senadores[126];"[""3932"", ""Epitácio Pessoa Cavalcanti de Albuquerque""]"
legislaturas.39.senadores[127];"[""3934"", ""Lima Campos""]"
legislaturas.40.portal;124
legislaturas.40.api_uniao_dos_intervalos;213
legislaturas.40.em_ambos;124
legislaturas.40.so_api_intervalos[0];"[""1358"", ""Adalberto Ribeiro""]"
legislaturas.40.so_api_intervalos[1];"[""1362"", ""Affonso Arinos""]"
legislaturas.40.so_api_intervalos[2];"[""1366"", ""Afrânio Lages""]"
legislaturas.40.so_api_intervalos[3];"[""1376"", ""Marcondes Filho""]"
legislaturas.40.so_api_intervalos[4];"[""1381"", ""Alfredo Neves""]"
legislaturas.40.so_api_intervalos[5];"[""1385"", ""Alfredo Nasser""]"
legislaturas.40.so_api_intervalos[6];"[""1391"", ""Aloysio de Carvalho""]"
legislaturas.40.so_api_intervalos[7];"[""1396"", ""Álvaro Maia""]"
legislaturas.40.so_api_intervalos[8];"[""1409"", ""Antônio Bayma""]"
legislaturas.40.so_api_intervalos[9];"[""1462"", ""Pereira Moacyr""]"
legislaturas.40.so_api_intervalos[10];"[""1485"", ""Arthur Santos""]"
legislaturas.40.so_api_intervalos[11];"[""1527"", ""Nogueira da Gama""]"
legislaturas.40.so_api_intervalos[12];"[""1528"", ""Camilo Mércio""]"
legislaturas.40.so_api_intervalos[13];"[""1541"", ""Alfredo Simch""]"
legislaturas.40.so_api_intervalos[14];"[""1560"", ""Cícero de Vasconcelos""]"
legislaturas.40.so_api_intervalos[15];"[""1566"", ""Clodomir Cardoso""]"
legislaturas.40.so_api_intervalos[16];"[""1571"", ""Dario Cardoso""]"
legislaturas.40.so_api_intervalos[17];"[""1588"", ""Durval Cruz""]"
legislaturas.40.so_api_intervalos[18];"[""1603"", ""Ernesto Dornelles""]"
legislaturas.40.so_api_intervalos[19];"[""1606"", ""Etelvino Lins""]"
legislaturas.40.so_api_intervalos[20];"[""1607"", ""Euclides Vieira""]"
legislaturas.40.so_api_intervalos[21];"[""1633"", ""Mello Vianna""]"
legislaturas.40.so_api_intervalos[22];"[""1642"", ""Flávio Guimarães""]"
legislaturas.40.so_api_intervalos[23];"[""1718"", ""Getúlio Vargas""]"
legislaturas.40.so_api_intervalos[24];"[""1728"", ""Hamilton Nogueira""]"
legislaturas.40.so_api_intervalos[25];"[""1752"", ""Ismar de Góes""]"
legislaturas.40.so_api_intervalos[26];"[""1758"", ""Ivo D'Aquino""]"
legislaturas.40.so_api_intervalos[27];"[""1765"", ""Jefferson de Aguiar""]"
legislaturas.40.so_api_intervalos[28];"[""1853"", ""Joaquim Pires""]"
legislaturas.40.so_api_intervalos[29];"[""1854"", ""Lobão da Silveira""]"
legislaturas.40.so_api_intervalos[30];"[""1871"", ""Santos Neves""]"
legislaturas.40.so_api_intervalos[31];"[""1872"", ""Braga Pinheiro""]"
legislaturas.40.so_api_intervalos[32];"[""1878"", ""José Américo""]"
legislaturas.40.so_api_intervalos[33];"[""1886"", ""Augusto Meira""]"
legislaturas.40.so_api_intervalos[34];"[""1898"", ""Pereira Pinto""]"
legislaturas.40.so_api_intervalos[35];"[""1920"", ""José Feliciano""]"
legislaturas.40.so_api_intervalos[36];"[""1923"", ""Ferreira de Sousa""]"
legislaturas.40.so_api_intervalos[37];"[""1997"", ""Juscelino Kubitschek""]"
legislaturas.40.so_api_intervalos[38];"[""2005"", ""Landulfo Alves""]"
legislaturas.40.so_api_intervalos[39];"[""2014"", ""Levindo Coelho""]"
legislaturas.40.so_api_intervalos[40];"[""2022"", ""Lucio Corrêa""]"
legislaturas.40.so_api_intervalos[41];"[""2030"", ""Luís Tinoco""]"
legislaturas.40.so_api_intervalos[42];"[""2045"", ""Ribeiro Gonçalves""]"
legislaturas.40.so_api_intervalos[43];"[""2047"", ""Rodolpho Miranda""]"
legislaturas.40.so_api_intervalos[44];"[""2051"", ""Anísio Jobim""]"
legislaturas.40.so_api_intervalos[45];"[""2077"", ""Severiano Nunes""]"
legislaturas.40.so_api_intervalos[46];"[""2110"", ""Andrade Ramos""]"
legislaturas.40.so_api_intervalos[47];"[""2133"", ""Mozart Lago""]"
legislaturas.40.so_api_intervalos[48];"[""2138"", ""Nelson Maculan""]"
legislaturas.40.so_api_intervalos[49];"[""2143"", ""Nestor Massena""]"
legislaturas.40.so_api_intervalos[50];"[""2156"", ""Olavo Oliveira""]"
legislaturas.40.so_api_intervalos[51];"[""2173"", ""Lopes da Costa""]"
legislaturas.40.so_api_intervalos[52];"[""2177"", ""Paulo Fender""]"
legislaturas.40.so_api_intervalos[53];"[""2200"", ""Plínio Pompeu""]"
legislaturas.40.so_api_intervalos[54];"[""2215"", ""Pinto Aleixo""]"
legislaturas.40.so_api_intervalos[55];"[""2220"", ""Roberto Glasser""]"
legislaturas.40.so_api_intervalos[56];"[""2239"", ""Silvério Del Caro""]"
legislaturas.40.so_api_intervalos[57];"[""2264"", ""Vespasiano Martins""]"
legislaturas.40.so_api_intervalos[58];"[""2273"", ""Velloso Borges""]"
legislaturas.40.so_api_intervalos[59];"[""2277"", ""Waldemar Pedrosa""]"
legislaturas.40.so_api_intervalos[60];"[""2280"", ""Walter Franco""]"
legislaturas.40.so_api_intervalos[61];"[""2773"", ""Geraldo Lindgren""]"
legislaturas.40.so_api_intervalos[62];"[""2776"", ""Brazílio Celestino""]"
legislaturas.40.so_api_intervalos[63];"[""2839"", ""Albino Silva da Fonseca""]"
legislaturas.40.so_api_intervalos[64];"[""2843"", ""Altivo Mendes Linhares""]"
legislaturas.40.so_api_intervalos[65];"[""2850"", ""Antonio Baltar""]"
legislaturas.40.so_api_intervalos[66];"[""2852"", ""Antonio Carvalho Guimarães""]"
legislaturas.40.so_api_intervalos[67];"[""2859"", ""Martins Junior""]"
legislaturas.40.so_api_intervalos[68];"[""2882"", ""Djair Brindeiro""]"
legislaturas.40.so_api_intervalos[69];"[""2884"", ""Drault Ernani""]"
legislaturas.40.so_api_intervalos[70];"[""2895"", ""Esperedião Farias""]"
legislaturas.40.so_api_intervalos[71];"[""2903"", ""Moreira de Souza""]"
legislaturas.40.so_api_intervalos[72];"[""2904"", ""Francisco Porto""]"
legislaturas.40.so_api_intervalos[73];"[""2961"", ""Victorino Corrêa""]"
legislaturas.40.so_api_intervalos[74];"[""2968"", ""Luis Lopes Varéla""]"
legislaturas.40.so_api_intervalos[75];"[""2976"", ""Pinto Ferreira""]"
legislaturas.40.so_api_intervalos[76];"[""2986"", ""Martiniano José Fernandes""]"
legislaturas.40.so_api_intervalos[77];"[""3005"", ""Pedro Diniz Gonçalves Filho""]"
legislaturas.40.so_api_intervalos[78];"[""3017"", ""Salviano Leite""]"
legislaturas.40.so_api_intervalos[79];"[""3024"", ""Venâncio Igrejas""]"
legislaturas.40.so_api_intervalos[80];"[""3026"", ""Waldemar da Rocha Dias""]"
legislaturas.40.so_api_intervalos[81];"[""3074"", ""Bandeira Vaughan""]"
legislaturas.40.so_api_intervalos[82];"[""3112"", ""Agripa de Castro Faria""]"
legislaturas.40.so_api_intervalos[83];"[""3113"", ""Álvaro Sinfrônio Bandeira de Melo""]"
legislaturas.40.so_api_intervalos[84];"[""3152"", ""José Fortunato Ribeiro""]"
legislaturas.40.so_api_intervalos[85];"[""3254"", ""Paulo Coelho""]"
legislaturas.40.so_api_intervalos[86];"[""3932"", ""Epitácio Pessoa Cavalcanti de Albuquerque""]"
legislaturas.40.so_api_intervalos[87];"[""3934"", ""Lima Campos""]"
legislaturas.40.so_api_intervalos[88];"[""3972"", ""Nelson Tenório""]"
legislaturas.40.senadores[0];"[""1356"", ""Souza Naves""]"
legislaturas.40.senadores[1];"[""1368"", ""Caiado de Castro""]"
legislaturas.40.senadores[2];"[""1370"", ""Alberto Pasqualini""]"
legislaturas.40.senadores[3];"[""1377"", ""Zacharias de Assumpção""]"
legislaturas.40.senadores[4];"[""1389"", ""Alô Guimarães""]"
legislaturas.40.senadores[5];"[""1393"", ""Alvaro Adolpho""]"
legislaturas.40.senadores[6];"[""1427"", ""Barros Carvalho""]"
legislaturas.40.senadores[7];"[""1429"", ""Novaes Filho""]"
legislaturas.40.senadores[8];"[""1436"", ""Freitas Cavalcanti""]"
legislaturas.40.senadores[9];"[""1470"", ""Mourão Vieira""]"
legislaturas.40.senadores[10];"[""1471"", ""Apolônio Salles""]"
legislaturas.40.senadores[11];"[""1473"", ""Argemiro de Figueiredo""]"
legislaturas.40.senadores[12];"[""1476"", ""Arlindo Rodrigues""]"
legislaturas.40.senadores[13];"[""1477"", ""Armando Câmara""]"
legislaturas.40.senadores[14];"[""1481"", ""Bernardes Filho""]"
legislaturas.40.senadores[15];"[""1490"", ""Ary Vianna""]"
legislaturas.40.senadores[16];"[""1492"", ""Attílio Vivacqua""]"
legislaturas.40.senadores[17];"[""1497"", ""Maynard Gomes""]"
legislaturas.40.senadores[18];"[""1504"", ""Moura Andrade""]"
legislaturas.40.senadores[19];"[""1506"", ""Padre Calazans""]"
legislaturas.40.senadores[20];"[""1507"", ""Benedito Valladares""]"
legislaturas.40.senadores[21];"[""1540"", ""Lúcio Bittencourt""]"
legislaturas.40.senadores[22];"[""1548"", ""Carlos Lindenberg""]"
legislaturas.40.senadores[23];"[""1550"", ""Gomes de Oliveira""]"
legislaturas.40.senadores[24];"[""1559"", ""César Vergueiro""]"
legislaturas.40.senadores[25];"[""1569"", ""Daniel Krieger""]"
legislaturas.40.senadores[26];"[""1573"", ""Dinarte Mariz""]"
legislaturas.40.senadores[27];"[""1585"", ""Domingos de Vellasco""]"
legislaturas.40.senadores[28];"[""1587"", ""Neves da Rocha""]"
legislaturas.40.senadores[29];"[""1609"", ""Eugênio Barros""]"
legislaturas.40.senadores[30];"[""1622"", ""Ezechias da Rocha""]"
legislaturas.40.senadores[31];"[""1624"", ""Fausto Cabral""]"
legislaturas.40.senadores[32];"[""1632"", ""Fernando Corrêa""]"
legislaturas.40.senadores[33];"[""1636"", ""Filinto Muller""]"
legislaturas.40.senadores[34];"[""1653"", ""Francisco Galloti""]"
legislaturas.40.senadores[35];"[""1658"", ""Assis Chateaubriand""]"
legislaturas.40.senadores[36];"[""1663"", ""Menezes Pimentel""]"
legislaturas.40.senadores[37];"[""1672"", ""Sá Tinoco""]"
legislaturas.40.senadores[38];"[""1709"", ""Gaspar Velloso""]"
legislaturas.40.senadores[39];"[""1721"", ""Gilberto Marinho""]"
legislaturas.40.senadores[40];"[""1724"", ""Guido Mondin""]"
legislaturas.40.senadores[41];"[""1742"", ""Heribaldo Vieira""]"
legislaturas.40.senadores[42];"[""1750"", ""Irineu Bornhausen""]"
legislaturas.40.senadores[43];"[""1763"", ""Jarbas Maranhão""]"
legislaturas.40.senadores[44];"[""1767"", ""Dix-Huit Rosado""]"
legislaturas.40.senadores[45];"[""1772"", ""Coimbra Bueno""]"
legislaturas.40.senadores[46];"[""1789"", ""João Arruda""]"
legislaturas.40.senadores[47];"[""1796"", ""Lima Teixeira""]"
legislaturas.40.senadores[48];"[""1809"", ""Lameira Bittencourt""]"
legislaturas.40.senadores[49];"[""1813"", ""Lima Guimarães""]"
legislaturas.40.senadores[50];"[""1825"", ""Prisco dos Santos""]"
legislaturas.40.senadores[51];"[""1835"", ""João Villas Boas""]"
legislaturas.40.senadores[52];"[""1856"", ""Magalhães Barata""]"
legislaturas.40.senadores[53];"[""1866"", ""Joaquim Parente""]"
legislaturas.40.senadores[54];"[""1873"", ""Jorge Maynard""]"
legislaturas.40.senadores[55];"[""1906"", ""Costa Pereira""]"
legislaturas.40.senadores[56];"[""1926"", ""Georgino Avelino""]"
legislaturas.40.senadores[57];"[""1965"", ""Parsifal Barroso""]"
legislaturas.40.senadores[58];"[""1993"", ""Júlio Leite""]"
legislaturas.40.senadores[59];"[""1996"", ""Juracy Magalhães""]"
legislaturas.40.senadores[60];"[""2001"", ""Lino de Mattos""]"
legislaturas.40.senadores[61];"[""2003"", ""Kerginaldo Cavalcanti""]"
legislaturas.40.senadores[62];"[""2012"", ""Leônidas de Mello""]"
legislaturas.40.senadores[63];"[""2013"", ""Cunha Mello""]"
legislaturas.40.senadores[64];"[""2016"", ""Lineu Prestes""]"
legislaturas.40.senadores[65];"[""2020"", ""Lourival Fontes""]"
legislaturas.40.senadores[66];"[""2061"", ""Fernandes Távora""]"
legislaturas.40.senadores[67];"[""2115"", ""Mathias Olympio""]"
legislaturas.40.senadores[68];"[""2120"", ""Mem de Sá""]"
legislaturas.40.senadores[69];"[""2122"", ""Miguel Couto""]"
legislaturas.40.senadores[70];"[""2128"", ""Milton Campos""]"
legislaturas.40.senadores[71];"[""2132"", ""Moysés Lupion""]"
legislaturas.40.senadores[72];"[""2136"", ""Alencastro Guimarães""]"
legislaturas.40.senadores[73];"[""2140"", ""Nereu Ramos""]"
legislaturas.40.senadores[74];"[""2152"", ""Otávio Mangabeira""]"
legislaturas.40.senadores[75];"[""2160"", ""Onofre Gomes""]"
legislaturas.40.senadores[76];"[""2167"", ""Othon Mader""]"
legislaturas.40.senadores[77];"[""2168"", ""Ovídio Teixeira""]"
legislaturas.40.senadores[78];"[""2175"", ""Paulo Fernandes""]"
legislaturas.40.senadores[79];"[""2193"", ""Pedro Ludovico""]"
legislaturas.40.senadores[80];"[""2205"", ""Arêa (Melo) Leão""]"
legislaturas.40.senadores[81];"[""2214"", ""Reginaldo Fernandes""]"
legislaturas.40.senadores[82];"[""2226"", ""Rui Palmeira""]"
legislaturas.40.senadores[83];"[""2228"", ""Ruy Carneiro""]"
legislaturas.40.senadores[84];"[""2230"", ""Saulo Ramos""]"
legislaturas.40.senadores[85];"[""2231"", ""Sebastião Archer""]"
legislaturas.40.senadores[86];"[""2234"", ""Sérgio Marinho""]"
legislaturas.40.senadores[87];"[""2241"", ""Silvestre Péricles""]"
legislaturas.40.senadores[88];"[""2242"", ""Sylvio Curvo""]"
legislaturas.40.senadores[89];"[""2243"", ""Taciano de Mello""]"
legislaturas.40.senadores[90];"[""2245"", ""Tarcísio Miranda""]"
legislaturas.40.senadores[91];"[""2269"", ""Victorino Freire""]"
legislaturas.40.senadores[92];"[""2274"", ""Vivaldo Lima""]"
legislaturas.40.senadores[93];"[""2276"", ""Waldemar Santos""]"
legislaturas.40.senadores[94];"[""2592"", ""Mendonça Clark""]"
legislaturas.40.senadores[95];"[""2792"", ""João Mendes""]"
legislaturas.40.senadores[96];"[""2832"", ""Abelardo Jurema""]"
legislaturas.40.senadores[97];"[""2834"", ""Acrísio Corrêa""]"
legislaturas.40.senadores[98];"[""2841"", ""Alfredo Duailibe""]"
legislaturas.40.senadores[99];"[""2847"", ""Primio Beck""]"
legislaturas.40.senadores[100];"[""2853"", ""Antônio Barros Filho""]"
legislaturas.40.senadores[101];"[""2862"", ""Ribeiro Casado""]"
legislaturas.40.senadores[102];"[""2874"", ""Carlos Saboya""]"
legislaturas.40.senadores[103];"[""2887"", ""Edson Pitombo Cavalcanti""]"
legislaturas.40.senadores[104];"[""2906"", ""Frederico Nunes""]"
legislaturas.40.senadores[105];"[""2915"", ""Heitor Medeiros""]"
legislaturas.40.senadores[106];"[""2952"", ""Costa Paranhos""]"
legislaturas.40.senadores[107];"[""2956"", ""José Mário Porto""]"
legislaturas.40.senadores[108];"[""2957"", ""Moreira Filho""]"
legislaturas.40.senadores[109];"[""2963"", ""Lauro Hora""]"
legislaturas.40.senadores[110];"[""2970"", ""Luís Guedes""]"
legislaturas.40.senadores[111];"[""2979"", ""Lutterbach Nunes""]"
legislaturas.40.senadores[112];"[""2985"", ""Mário Motta""]"
legislaturas.40.senadores[113];"[""2991"", ""Moacyr Barreto""]"
legislaturas.40.senadores[114];"[""2993"", ""Nelson Firmo""]"
legislaturas.40.senadores[115];"[""2995"", ""Moura Brasil""]"
legislaturas.40.senadores[116];"[""2997"", ""Otacílio Jurema""]"
legislaturas.40.senadores[117];"[""3001"", ""Paulo Abreu""]"
legislaturas.40.senadores[118];"[""3007"", ""Péricles Pinto""]"
legislaturas.40.senadores[119];"[""3010"", ""Públio de Mello""]"
legislaturas.40.senadores[120];"[""3011"", ""Remy Archer""]"
legislaturas.40.senadores[121];"[""3014"", ""Rodrigo Lobo""]"
legislaturas.40.senadores[122];"[""3027"", ""Waldir Bouhid""]"
legislaturas.40.senadores[123];"[""3052"", ""Guilherme Malaquias""]"
legislaturas.41.portal;100
legislaturas.41.api_uniao_dos_intervalos;219
legislaturas.41.em_ambos;100
legislaturas.41.so_api_intervalos[0];"[""39"", ""Josaphat Marinho""]"
legislaturas.41.so_api_intervalos[1];"[""326"", ""Antônio Carlos Konder Reis""]"
legislaturas.41.so_api_intervalos[2];"[""1350"", ""Aarão Steinbruch""]"
legislaturas.41.so_api_intervalos[3];"[""1357"", ""Adalberto Sena""]"
legislaturas.41.so_api_intervalos[4];"[""1361"", ""Adolpho Franco""]"
legislaturas.41.so_api_intervalos[5];"[""1370"", ""Alberto Pasqualini""]"
legislaturas.41.so_api_intervalos[6];"[""1393"", ""Alvaro Adolpho""]"
legislaturas.41.so_api_intervalos[7];"[""1396"", ""Álvaro Maia""]"
legislaturas.41.so_api_intervalos[8];"[""1401"", ""Amaury Silva""]"
legislaturas.41.so_api_intervalos[9];"[""1415"", ""Antonio Balbino""]"
legislaturas.41.so_api_intervalos[10];"[""1443"", ""Antonio Jucá""]"
legislaturas.41.so_api_intervalos[11];"[""1471"", ""Apolônio Salles""]"
legislaturas.41.so_api_intervalos[12];"[""1477"", ""Armando Câmara""]"
legislaturas.41.so_api_intervalos[13];"[""1479"", ""Arnon de Mello""]"
legislaturas.41.so_api_intervalos[14];"[""1481"", ""Bernardes Filho""]"
legislaturas.41.so_api_intervalos[15];"[""1487"", ""Arthur Virgílio""]"
legislaturas.41.so_api_intervalos[16];"[""1491"", ""Attílio Fontana""]"
legislaturas.41.so_api_intervalos[17];"[""1497"", ""Maynard Gomes""]"
legislaturas.41.so_api_intervalos[18];"[""1502"", ""Aurélio Vianna""]"
legislaturas.41.so_api_intervalos[19];"[""1536"", ""Carvalho Pinto""]"
legislaturas.41.so_api_intervalos[20];"[""1540"", ""Lúcio Bittencourt""]"
legislaturas.41.so_api_intervalos[21];"[""1550"", ""Gomes de Oliveira""]"
legislaturas.41.so_api_intervalos[22];"[""1551"", ""Carlos Jereissati""]"
legislaturas.41.so_api_intervalos[23];"[""1557"", ""Celso Ramos""]"
legislaturas.41.so_api_intervalos[24];"[""1559"", ""César Vergueiro""]"
legislaturas.41.so_api_intervalos[25];"[""1567"", ""Clodomir Millet""]"
legislaturas.41.so_api_intervalos[26];"[""1573"", ""Dinarte Mariz""]"
legislaturas.41.so_api_intervalos[27];"[""1582"", ""Domício Gondim""]"
legislaturas.41.so_api_intervalos[28];"[""1585"", ""Domingos de Vellasco""]"
legislaturas.41.so_api_intervalos[29];"[""1587"", ""Neves da Rocha""]"
legislaturas.41.so_api_intervalos[30];"[""1590"", ""Edmundo Levi""]"
legislaturas.41.so_api_intervalos[31];"[""1593"", ""Cattete Pinheiro""]"
legislaturas.41.so_api_intervalos[32];"[""1614"", ""Eurico Rezende""]"
legislaturas.41.so_api_intervalos[33];"[""1622"", ""Ezechias da Rocha""]"
legislaturas.41.so_api_intervalos[34];"[""1658"", ""Assis Chateaubriand""]"
legislaturas.41.so_api_intervalos[35];"[""1672"", ""Sá Tinoco""]"
legislaturas.41.so_api_intervalos[36];"[""1690"", ""Leite Neto""]"
legislaturas.41.so_api_intervalos[37];"[""1696"", ""Pessoa de Queiroz""]"
legislaturas.41.so_api_intervalos[38];"[""1711"", ""Gastão Müller""]"
legislaturas.41.so_api_intervalos[39];"[""1775"", ""João Abrahão""]"
legislaturas.41.so_api_intervalos[40];"[""1776"", ""João Agripino""]"
legislaturas.41.so_api_intervalos[41];"[""1785"", ""Vasconcelos Torres""]"
legislaturas.41.so_api_intervalos[42];"[""1790"", ""João Cleofas""]"
legislaturas.41.so_api_intervalos[43];"[""1825"", ""Prisco dos Santos""]"
legislaturas.41.so_api_intervalos[44];"[""1856"", ""Magalhães Barata""]"
legislaturas.41.so_api_intervalos[45];"[""1895"", ""José Cândido""]"
legislaturas.41.so_api_intervalos[46];"[""1917"", ""Ermírio de Moraes""]"
legislaturas.41.so_api_intervalos[47];"[""1928"", ""José Guiomard""]"
legislaturas.41.so_api_intervalos[48];"[""1977"", ""José Leite""]"
legislaturas.41.so_api_intervalos[49];"[""1993"", ""Júlio Leite""]"
legislaturas.41.so_api_intervalos[50];"[""2003"", ""Kerginaldo Cavalcanti""]"
legislaturas.41.so_api_intervalos[51];"[""2009"", ""Leandro Maciel""]"
legislaturas.41.so_api_intervalos[52];"[""2016"", ""Lineu Prestes""]"
legislaturas.41.so_api_intervalos[53];"[""2057"", ""Manoel Villaça""]"
legislaturas.41.so_api_intervalos[54];"[""2132"", ""Moysés Lupion""]"
legislaturas.41.so_api_intervalos[55];"[""2136"", ""Alencastro Guimarães""]"
legislaturas.41.so_api_intervalos[56];"[""2140"", ""Nereu Ramos""]"
legislaturas.41.so_api_intervalos[57];"[""2160"", ""Onofre Gomes""]"
legislaturas.41.so_api_intervalos[58];"[""2163"", ""Oscar Passos""]"
legislaturas.41.so_api_intervalos[59];"[""2167"", ""Othon Mader""]"
legislaturas.41.so_api_intervalos[60];"[""2178"", ""Paulo Torres""]"
legislaturas.41.so_api_intervalos[61];"[""2181"", ""Paulo Sarazate""]"
legislaturas.41.so_api_intervalos[62];"[""2205"", ""Arêa (Melo) Leão""]"
legislaturas.41.so_api_intervalos[63];"[""2210"", ""Raul Giuberti""]"
legislaturas.41.so_api_intervalos[64];"[""2225"", ""Mello Braga""]"
legislaturas.41.so_api_intervalos[65];"[""2237"", ""Sigeffredo Pacheco""]"
legislaturas.41.so_api_intervalos[66];"[""2242"", ""Sylvio Curvo""]"
legislaturas.41.so_api_intervalos[67];"[""2245"", ""Tarcísio Miranda""]"
legislaturas.41.so_api_intervalos[68];"[""2266"", ""Bezerra Neto""]"
legislaturas.41.so_api_intervalos[69];"[""2276"", ""Waldemar Santos""]"
legislaturas.41.so_api_intervalos[70];"[""2284"", ""Wilson Gonçalves""]"
legislaturas.41.so_api_intervalos[71];"[""2772"", ""Faria Tavares""]"
legislaturas.41.so_api_intervalos[72];"[""2774"", ""Desiré Guarani""]"
legislaturas.41.so_api_intervalos[73];"[""2775"", ""Gay da Fonseca""]"
legislaturas.41.so_api_intervalos[74];"[""2832"", ""Abelardo Jurema""]"
legislaturas.41.so_api_intervalos[75];"[""2834"", ""Acrísio Corrêa""]"
legislaturas.41.so_api_intervalos[76];"[""2847"", ""Primio Beck""]"
legislaturas.41.so_api_intervalos[77];"[""2862"", ""Ribeiro Casado""]"
legislaturas.41.so_api_intervalos[78];"[""2863"", ""Armando Storni""]"
legislaturas.41.so_api_intervalos[79];"[""2875"", ""Celso Branco""]"
legislaturas.41.so_api_intervalos[80];"[""2885"", ""Dylton Costa""]"
legislaturas.41.so_api_intervalos[81];"[""2887"", ""Edson Pitombo Cavalcanti""]"
legislaturas.41.so_api_intervalos[82];"[""2889"", ""Eduardo Assmar""]"
legislaturas.41.so_api_intervalos[83];"[""2891"", ""Eduardo Catalão""]"
legislaturas.41.so_api_intervalos[84];"[""2913"", ""Goldwasser Santos""]"
legislaturas.41.so_api_intervalos[85];"[""2915"", ""Heitor Medeiros""]"
legislaturas.41.so_api_intervalos[86];"[""2934"", ""Hermann Tôrres""]"
legislaturas.41.so_api_intervalos[87];"[""2936"", ""Humberto Neder""]"
legislaturas.41.so_api_intervalos[88];"[""2945"", ""Gouvêa Vieira""]"
legislaturas.41.so_api_intervalos[89];"[""2950"", ""José Bezerra""]"
legislaturas.41.so_api_intervalos[90];"[""2951"", ""Cortez Pereira""]"
legislaturas.41.so_api_intervalos[91];"[""2952"", ""Costa Paranhos""]"
legislaturas.41.so_api_intervalos[92];"[""2953"", ""José Elias""]"
legislaturas.41.so_api_intervalos[93];"[""2956"", ""José Mário Porto""]"
legislaturas.41.so_api_intervalos[94];"[""2957"", ""Moreira Filho""]"
legislaturas.41.so_api_intervalos[95];"[""2962"", ""José Kairala""]"
legislaturas.41.so_api_intervalos[96];"[""2963"", ""Lauro Hora""]"
legislaturas.41.so_api_intervalos[97];"[""2966"", ""Linneu Gomes""]"
legislaturas.41.so_api_intervalos[98];"[""2970"", ""Luís Guedes""]"
legislaturas.41.so_api_intervalos[99];"[""2981"", ""Manoel Dias""]"
legislaturas.41.so_api_intervalos[100];"[""2985"", ""Mário Motta""]"
legislaturas.41.so_api_intervalos[101];"[""2989"", ""Miguel Lins""]"
legislaturas.41.so_api_intervalos[102];"[""2990"", ""Milton Menezes""]"
legislaturas.41.so_api_intervalos[103];"[""2991"", ""Moacyr Barreto""]"
legislaturas.41.so_api_intervalos[104];"[""2995"", ""Moura Brasil""]"
legislaturas.41.so_api_intervalos[105];"[""2997"", ""Otacílio Jurema""]"
legislaturas.41.so_api_intervalos[106];"[""3002"", ""Paulo Barros""]"
legislaturas.41.so_api_intervalos[107];"[""3003"", ""Moura Palha""]"
legislaturas.41.so_api_intervalos[108];"[""3004"", ""Pedro Carneiro""]"
legislaturas.41.so_api_intervalos[109];"[""3006"", ""Péricles Pedro""]"
legislaturas.41.so_api_intervalos[110];"[""3007"", ""Péricles Pinto""]"
legislaturas.41.so_api_intervalos[111];"[""3012"", ""Renato Silva""]"
legislaturas.41.so_api_intervalos[112];"[""3014"", ""Rodrigo Lobo""]"
legislaturas.41.so_api_intervalos[113];"[""3025"", ""Vicente Augusto""]"
legislaturas.41.so_api_intervalos[114];"[""3027"", ""Waldir Bouhid""]"
legislaturas.41.so_api_intervalos[115];"[""3028"", ""Walfredo Gurgel""]"
legislaturas.41.so_api_intervalos[116];"[""3052"", ""Guilherme Malaquias""]"
legislaturas.41.so_api_intervalos[117];"[""3232"", ""Josué de Souza""]"
legislaturas.41.so_api_intervalos[118];"[""4292"", ""Arthur Leite""]"
legislaturas.41.senadores[0];"[""1356"", ""Souza Naves""]"
legislaturas.41.senadores[1];"[""1362"", ""Affonso Arinos""]"
legislaturas.41.senadores[2];"[""1366"", ""Afrânio Lages""]"
legislaturas.41.senadores[3];"[""1368"", ""Caiado de Castro""]"
legislaturas.41.senadores[4];"[""1377"", ""Zacharias de Assumpção""]"
legislaturas.41.senadores[5];"[""1389"", ""Alô Guimarães""]"
legislaturas.41.senadores[6];"[""1391"", ""Aloysio de Carvalho""]"
legislaturas.41.senadores[7];"[""1427"", ""Barros Carvalho""]"
legislaturas.41.senadores[8];"[""1429"", ""Novaes Filho""]"
legislaturas.41.senadores[9];"[""1436"", ""Freitas Cavalcanti""]"
legislaturas.41.senadores[10];"[""1470"", ""Mourão Vieira""]"
legislaturas.41.senadores[11];"[""1473"", ""Argemiro de Figueiredo""]"
legislaturas.41.senadores[12];"[""1476"", ""Arlindo Rodrigues""]"
legislaturas.41.senadores[13];"[""1490"", ""Ary Vianna""]"
legislaturas.41.senadores[14];"[""1492"", ""Attílio Vivacqua""]"
legislaturas.41.senadores[15];"[""1504"", ""Moura Andrade""]"
legislaturas.41.senadores[16];"[""1506"", ""Padre Calazans""]"
legislaturas.41.senadores[17];"[""1507"", ""Benedito Valladares""]"
legislaturas.41.senadores[18];"[""1527"", ""Nogueira da Gama""]"
legislaturas.41.senadores[19];"[""1548"", ""Carlos Lindenberg""]"
legislaturas.41.senadores[20];"[""1569"", ""Daniel Krieger""]"
legislaturas.41.senadores[21];"[""1609"", ""Eugênio Barros""]"
legislaturas.41.senadores[22];"[""1624"", ""Fausto Cabral""]"
legislaturas.41.senadores[23];"[""1632"", ""Fernando Corrêa""]"
legislaturas.41.senadores[24];"[""1636"", ""Filinto Muller""]"
legislaturas.41.senadores[25];"[""1653"", ""Francisco Galloti""]"
legislaturas.41.senadores[26];"[""1663"", ""Menezes Pimentel""]"
legislaturas.41.senadores[27];"[""1709"", ""Gaspar Velloso""]"
legislaturas.41.senadores[28];"[""1721"", ""Gilberto Marinho""]"
legislaturas.41.senadores[29];"[""1724"", ""Guido Mondin""]"
legislaturas.41.senadores[30];"[""1742"", ""Heribaldo Vieira""]"
legislaturas.41.senadores[31];"[""1750"", ""Irineu Bornhausen""]"
legislaturas.41.senadores[32];"[""1763"", ""Jarbas Maranhão""]"
legislaturas.41.senadores[33];"[""1765"", ""Jefferson de Aguiar""]"
legislaturas.41.senadores[34];"[""1767"", ""Dix-Huit Rosado""]"
legislaturas.41.senadores[35];"[""1772"", ""Coimbra Bueno""]"
legislaturas.41.senadores[36];"[""1789"", ""João Arruda""]"
legislaturas.41.senadores[37];"[""1796"", ""Lima Teixeira""]"
legislaturas.41.senadores[38];"[""1809"", ""Lameira Bittencourt""]"
legislaturas.41.senadores[39];"[""1813"", ""Lima Guimarães""]"
legislaturas.41.senadores[40];"[""1835"", ""João Villas Boas""]"
legislaturas.41.senadores[41];"[""1854"", ""Lobão da Silveira""]"
legislaturas.41.senadores[42];"[""1866"", ""Joaquim Parente""]"
legislaturas.41.senadores[43];"[""1873"", ""Jorge Maynard""]"
legislaturas.41.senadores[44];"[""1906"", ""Costa Pereira""]"
legislaturas.41.senadores[45];"[""1920"", ""José Feliciano""]"
legislaturas.41.senadores[46];"[""1926"", ""Georgino Avelino""]"
legislaturas.41.senadores[47];"[""1965"", ""Parsifal Barroso""]"
legislaturas.41.senadores[48];"[""1996"", ""Juracy Magalhães""]"
legislaturas.41.senadores[49];"[""1997"", ""Juscelino Kubitschek""]"
legislaturas.41.senadores[50];"[""2001"", ""Lino de Mattos""]"
legislaturas.41.senadores[51];"[""2012"", ""Leônidas de Mello""]"
legislaturas.41.senadores[52];"[""2013"", ""Cunha Mello""]"
legislaturas.41.senadores[53];"[""2020"", ""Lourival Fontes""]"
legislaturas.41.senadores[54];"[""2061"", ""Fernandes Távora""]"
legislaturas.41.senadores[55];"[""2115"", ""Mathias Olympio""]"
legislaturas.41.senadores[56];"[""2120"", ""Mem de Sá""]"
legislaturas.41.senadores[57];"[""2122"", ""Miguel Couto""]"
legislaturas.41.senadores[58];"[""2128"", ""Milton Campos""]"
legislaturas.41.senadores[59];"[""2138"", ""Nelson Maculan""]"
legislaturas.41.senadores[60];"[""2152"", ""Otávio Mangabeira""]"
legislaturas.41.senadores[61];"[""2168"", ""Ovídio Teixeira""]"
legislaturas.41.senadores[62];"[""2173"", ""Lopes da Costa""]"
legislaturas.41.senadores[63];"[""2175"", ""Paulo Fernandes""]"
legislaturas.41.senadores[64];"[""2177"", ""Paulo Fender""]"
legislaturas.41.senadores[65];"[""2193"", ""Pedro Ludovico""]"
legislaturas.41.senadores[66];"[""2214"", ""Reginaldo Fernandes""]"
legislaturas.41.senadores[67];"[""2226"", ""Rui Palmeira""]"
legislaturas.41.senadores[68];"[""2228"", ""Ruy Carneiro""]"
legislaturas.41.senadores[69];"[""2230"", ""Saulo Ramos""]"
legislaturas.41.senadores[70];"[""2231"", ""Sebastião Archer""]"
legislaturas.41.senadores[71];"[""2234"", ""Sérgio Marinho""]"
legislaturas.41.senadores[72];"[""2239"", ""Silvério Del Caro""]"
legislaturas.41.senadores[73];"[""2241"", ""Silvestre Péricles""]"
legislaturas.41.senadores[74];"[""2243"", ""Taciano de Mello""]"
legislaturas.41.senadores[75];"[""2269"", ""Victorino Freire""]"
legislaturas.41.senadores[76];"[""2274"", ""Vivaldo Lima""]"
legislaturas.41.senadores[77];"[""2592"", ""Mendonça Clark""]"
legislaturas.41.senadores[78];"[""2773"", ""Geraldo Lindgren""]"
legislaturas.41.senadores[79];"[""2776"", ""Brazílio Celestino""]"
legislaturas.41.senadores[80];"[""2792"", ""João Mendes""]"
legislaturas.41.senadores[81];"[""2839"", ""Albino Silva da Fonseca""]"
legislaturas.41.senadores[82];"[""2841"", ""Alfredo Duailibe""]"
legislaturas.41.senadores[83];"[""2850"", ""Antonio Baltar""]"
legislaturas.41.senadores[84];"[""2853"", ""Antônio Barros Filho""]"
legislaturas.41.senadores[85];"[""2859"", ""Martins Junior""]"
legislaturas.41.senadores[86];"[""2874"", ""Carlos Saboya""]"
legislaturas.41.senadores[87];"[""2906"", ""Frederico Nunes""]"
legislaturas.41.senadores[88];"[""2961"", ""Victorino Corrêa""]"
legislaturas.41.senadores[89];"[""2976"", ""Pinto Ferreira""]"
legislaturas.41.senadores[90];"[""2979"", ""Lutterbach Nunes""]"
legislaturas.41.senadores[91];"[""2993"", ""Nelson Firmo""]"
legislaturas.41.senadores[92];"[""3001"", ""Paulo Abreu""]"
legislaturas.41.senadores[93];"[""3010"", ""Públio de Mello""]"
legislaturas.41.senadores[94];"[""3011"", ""Remy Archer""]"
legislaturas.41.senadores[95];"[""3017"", ""Salviano Leite""]"
legislaturas.41.senadores[96];"[""3024"", ""Venâncio Igrejas""]"
legislaturas.41.senadores[97];"[""3074"", ""Bandeira Vaughan""]"
legislaturas.41.senadores[98];"[""3254"", ""Paulo Coelho""]"
legislaturas.41.senadores[99];"[""3972"", ""Nelson Tenório""]"
legislaturas.42.portal;118
legislaturas.42.api_uniao_dos_intervalos;191
legislaturas.42.em_ambos;118
legislaturas.42.so_api_intervalos[0];"[""1356"", ""Souza Naves""]"
legislaturas.42.so_api_intervalos[1];"[""1366"", ""Afrânio Lages""]"
legislaturas.42.so_api_intervalos[2];"[""1368"", ""Caiado de Castro""]"
legislaturas.42.so_api_intervalos[3];"[""1389"", ""Alô Guimarães""]"
legislaturas.42.so_api_intervalos[4];"[""1424"", ""Antonio Fernandes""]"
legislaturas.42.so_api_intervalos[5];"[""1429"", ""Novaes Filho""]"
legislaturas.42.so_api_intervalos[6];"[""1436"", ""Freitas Cavalcanti""]"
legislaturas.42.so_api_intervalos[7];"[""1476"", ""Arlindo Rodrigues""]"
legislaturas.42.so_api_intervalos[8];"[""1492"", ""Attílio Vivacqua""]"
legislaturas.42.so_api_intervalos[9];"[""1624"", ""Fausto Cabral""]"
legislaturas.42.so_api_intervalos[10];"[""1644"", ""Flávio Britto""]"
legislaturas.42.so_api_intervalos[11];"[""1653"", ""Francisco Galloti""]"
legislaturas.42.so_api_intervalos[12];"[""1680"", ""Duarte Filho""]"
legislaturas.42.so_api_intervalos[13];"[""1709"", ""Gaspar Velloso""]"
legislaturas.42.so_api_intervalos[14];"[""1763"", ""Jarbas Maranhão""]"
legislaturas.42.so_api_intervalos[15];"[""1764"", ""Jarbas Passarinho""]"
legislaturas.42.so_api_intervalos[16];"[""1772"", ""Coimbra Bueno""]"
legislaturas.42.so_api_intervalos[17];"[""1789"", ""João Arruda""]"
legislaturas.42.so_api_intervalos[18];"[""1796"", ""Lima Teixeira""]"
legislaturas.42.so_api_intervalos[19];"[""1809"", ""Lameira Bittencourt""]"
legislaturas.42.so_api_intervalos[20];"[""1813"", ""Lima Guimarães""]"
legislaturas.42.so_api_intervalos[21];"[""1835"", ""João Villas Boas""]"
legislaturas.42.so_api_intervalos[22];"[""1873"", ""Jorge Maynard""]"
legislaturas.42.so_api_intervalos[23];"[""1906"", ""Costa Pereira""]"
legislaturas.42.so_api_intervalos[24];"[""1926"", ""Georgino Avelino""]"
legislaturas.42.so_api_intervalos[25];"[""1965"", ""Parsifal Barroso""]"
legislaturas.42.so_api_intervalos[26];"[""1990"", ""Waldemar Alcântara""]"
legislaturas.42.so_api_intervalos[27];"[""1996"", ""Juracy Magalhães""]"
legislaturas.42.so_api_intervalos[28];"[""2012"", ""Leônidas de Mello""]"
legislaturas.42.so_api_intervalos[29];"[""2013"", ""Cunha Mello""]"
legislaturas.42.so_api_intervalos[30];"[""2020"", ""Lourival Fontes""]"
legislaturas.42.so_api_intervalos[31];"[""2061"", ""Fernandes Távora""]"
legislaturas.42.so_api_intervalos[32];"[""2111"", ""Mário Martins""]"
legislaturas.42.so_api_intervalos[33];"[""2115"", ""Mathias Olympio""]"
legislaturas.42.so_api_intervalos[34];"[""2127"", ""Milton Trindade""]"
legislaturas.42.so_api_intervalos[35];"[""2145"", ""Ney Braga""]"
legislaturas.42.so_api_intervalos[36];"[""2152"", ""Otávio Mangabeira""]"
legislaturas.42.so_api_intervalos[37];"[""2168"", ""Ovídio Teixeira""]"
legislaturas.42.so_api_intervalos[38];"[""2175"", ""Paulo Fernandes""]"
legislaturas.42.so_api_intervalos[39];"[""2177"", ""Paulo Fender""]"
legislaturas.42.so_api_intervalos[40];"[""2199"", ""Petrônio Portella""]"
legislaturas.42.so_api_intervalos[41];"[""2214"", ""Reginaldo Fernandes""]"
legislaturas.42.so_api_intervalos[42];"[""2230"", ""Saulo Ramos""]"
legislaturas.42.so_api_intervalos[43];"[""2234"", ""Sérgio Marinho""]"
legislaturas.42.so_api_intervalos[44];"[""2239"", ""Silvério Del Caro""]"
legislaturas.42.so_api_intervalos[45];"[""2243"", ""Taciano de Mello""]"
legislaturas.42.so_api_intervalos[46];"[""2247"", ""Teotonio Vilela""]"
legislaturas.42.so_api_intervalos[47];"[""2283"", ""Wilson Campos""]"
legislaturas.42.so_api_intervalos[48];"[""2612"", ""Arnaldo Paiva""]"
legislaturas.42.so_api_intervalos[49];"[""2773"", ""Geraldo Lindgren""]"
legislaturas.42.so_api_intervalos[50];"[""2776"", ""Brazílio Celestino""]"
legislaturas.42.so_api_intervalos[51];"[""2792"", ""João Mendes""]"
legislaturas.42.so_api_intervalos[52];"[""2833"", ""Achiles Cruz""]"
legislaturas.42.so_api_intervalos[53];"[""2839"", ""Albino Silva da Fonseca""]"
legislaturas.42.so_api_intervalos[54];"[""2841"", ""Alfredo Duailibe""]"
legislaturas.42.so_api_intervalos[55];"[""2845"", ""Álvaro Catão""]"
legislaturas.42.so_api_intervalos[56];"[""2850"", ""Antonio Baltar""]"
legislaturas.42.so_api_intervalos[57];"[""2860"", ""Pereira Diniz""]"
legislaturas.42.so_api_intervalos[58];"[""2874"", ""Carlos Saboya""]"
legislaturas.42.so_api_intervalos[59];"[""2906"", ""Frederico Nunes""]"
legislaturas.42.so_api_intervalos[60];"[""2961"", ""Victorino Corrêa""]"
legislaturas.42.so_api_intervalos[61];"[""2979"", ""Lutterbach Nunes""]"
legislaturas.42.so_api_intervalos[62];"[""2993"", ""Nelson Firmo""]"
legislaturas.42.so_api_intervalos[63];"[""2994"", ""Octávio Cesário""]"
legislaturas.42.so_api_intervalos[64];"[""3001"", ""Paulo Abreu""]"
legislaturas.42.so_api_intervalos[65];"[""3010"", ""Públio de Mello""]"
legislaturas.42.so_api_intervalos[66];"[""3011"", ""Remy Archer""]"
legislaturas.42.so_api_intervalos[67];"[""3024"", ""Venâncio Igrejas""]"
legislaturas.42.so_api_intervalos[68];"[""3032"", ""Clóvis Maia""]"
legislaturas.42.so_api_intervalos[69];"[""3074"", ""Bandeira Vaughan""]"
legislaturas.42.so_api_intervalos[70];"[""3253"", ""Marcello de Alencar""]"
legislaturas.42.so_api_intervalos[71];"[""3254"", ""Paulo Coelho""]"
legislaturas.42.so_api_intervalos[72];"[""3972"", ""Nelson Tenório""]"
legislaturas.42.senadores[0];"[""39"", ""Josaphat Marinho""]"
legislaturas.42.senadores[1];"[""326"", ""Antônio Carlos Konder Reis""]"
legislaturas.42.senadores[2];"[""1350"", ""Aarão Steinbruch""]"
legislaturas.42.senadores[3];"[""1357"", ""Adalberto Sena""]"
legislaturas.42.senadores[4];"[""1361"", ""Adolpho Franco""]"
legislaturas.42.senadores[5];"[""1362"", ""Affonso Arinos""]"
legislaturas.42.senadores[6];"[""1377"", ""Zacharias de Assumpção""]"
legislaturas.42.senadores[7];"[""1391"", ""Aloysio de Carvalho""]"
legislaturas.42.senadores[8];"[""1396"", ""Álvaro Maia""]"
legislaturas.42.senadores[9];"[""1401"", ""Amaury Silva""]"
legislaturas.42.senadores[10];"[""1415"", ""Antonio Balbino""]"
legislaturas.42.senadores[11];"[""1427"", ""Barros Carvalho""]"
legislaturas.42.senadores[12];"[""1443"", ""Antonio Jucá""]"
legislaturas.42.senadores[13];"[""1470"", ""Mourão Vieira""]"
legislaturas.42.senadores[14];"[""1473"", ""Argemiro de Figueiredo""]"
legislaturas.42.senadores[15];"[""1479"", ""Arnon de Mello""]"
legislaturas.42.senadores[16];"[""1487"", ""Arthur Virgílio""]"
legislaturas.42.senadores[17];"[""1490"", ""Ary Vianna""]"
legislaturas.42.senadores[18];"[""1491"", ""Attílio Fontana""]"
legislaturas.42.senadores[19];"[""1502"", ""Aurélio Vianna""]"
legislaturas.42.senadores[20];"[""1504"", ""Moura Andrade""]"
legislaturas.42.senadores[21];"[""1506"", ""Padre Calazans""]"
legislaturas.42.senadores[22];"[""1507"", ""Benedito Valladares""]"
legislaturas.42.senadores[23];"[""1527"", ""Nogueira da Gama""]"
legislaturas.42.senadores[24];"[""1536"", ""Carvalho Pinto""]"
legislaturas.42.senadores[25];"[""1548"", ""Carlos Lindenberg""]"
legislaturas.42.senadores[26];"[""1551"", ""Carlos Jereissati""]"
legislaturas.42.senadores[27];"[""1557"", ""Celso Ramos""]"
legislaturas.42.senadores[28];"[""1567"", ""Clodomir Millet""]"
legislaturas.42.senadores[29];"[""1569"", ""Daniel Krieger""]"
legislaturas.42.senadores[30];"[""1573"", ""Dinarte Mariz""]"
legislaturas.42.senadores[31];"[""1582"", ""Domício Gondim""]"
legislaturas.42.senadores[32];"[""1590"", ""Edmundo Levi""]"
legislaturas.42.senadores[33];"[""1593"", ""Cattete Pinheiro""]"
legislaturas.42.senadores[34];"[""1609"", ""Eugênio Barros""]"
legislaturas.42.senadores[35];"[""1614"", ""Eurico Rezende""]"
legislaturas.42.senadores[36];"[""1632"", ""Fernando Corrêa""]"
legislaturas.42.senadores[37];"[""1636"", ""Filinto Muller""]"
legislaturas.42.senadores[38];"[""1663"", ""Menezes Pimentel""]"
legislaturas.42.senadores[39];"[""1690"", ""Leite Neto""]"
legislaturas.42.senadores[40];"[""1696"", ""Pessoa de Queiroz""]"
legislaturas.42.senadores[41];"[""1711"", ""Gastão Müller""]"
legislaturas.42.senadores[42];"[""1721"", ""Gilberto Marinho""]"
legislaturas.42.senadores[43];"[""1724"", ""Guido Mondin""]"
legislaturas.42.senadores[44];"[""1742"", ""Heribaldo Vieira""]"
legislaturas.42.senadores[45];"[""1750"", ""Irineu Bornhausen""]"
legislaturas.42.senadores[46];"[""1765"", ""Jefferson de Aguiar""]"
legislaturas.42.senadores[47];"[""1767"", ""Dix-Huit Rosado""]"
legislaturas.42.senadores[48];"[""1775"", ""João Abrahão""]"
legislaturas.42.senadores[49];"[""1776"", ""João Agripino""]"
legislaturas.42.senadores[50];"[""1785"", ""Vasconcelos Torres""]"
legislaturas.42.senadores[51];"[""1790"", ""João Cleofas""]"
legislaturas.42.senadores[52];"[""1854"", ""Lobão da Silveira""]"
legislaturas.42.senadores[53];"[""1866"", ""Joaquim Parente""]"
legislaturas.42.senadores[54];"[""1895"", ""José Cândido""]"
legislaturas.42.senadores[55];"[""1917"", ""Ermírio de Moraes""]"
legislaturas.42.senadores[56];"[""1920"", ""José Feliciano""]"
legislaturas.42.senadores[57];"[""1928"", ""José Guiomard""]"
legislaturas.42.senadores[58];"[""1977"", ""José Leite""]"
legislaturas.42.senadores[59];"[""1993"", ""Júlio Leite""]"
legislaturas.42.senadores[60];"[""1997"", ""Juscelino Kubitschek""]"
legislaturas.42.senadores[61];"[""2001"", ""Lino de Mattos""]"
legislaturas.42.senadores[62];"[""2009"", ""Leandro Maciel""]"
legislaturas.42.senadores[63];"[""2057"", ""Manoel Villaça""]"
legislaturas.42.senadores[64];"[""2120"", ""Mem de Sá""]"
legislaturas.42.senadores[65];"[""2122"", ""Miguel Couto""]"
legislaturas.42.senadores[66];"[""2128"", ""Milton Campos""]"
legislaturas.42.senadores[67];"[""2138"", ""Nelson Maculan""]"
legislaturas.42.senadores[68];"[""2163"", ""Oscar Passos""]"
legislaturas.42.senadores[69];"[""2173"", ""Lopes da Costa""]"
legislaturas.42.senadores[70];"[""2178"", ""Paulo Torres""]"
legislaturas.42.senadores[71];"[""2181"", ""Paulo Sarazate""]"
legislaturas.42.senadores[72];"[""2193"", ""Pedro Ludovico""]"
legislaturas.42.senadores[73];"[""2210"", ""Raul Giuberti""]"
legislaturas.42.senadores[74];"[""2225"", ""Mello Braga""]"
legislaturas.42.senadores[75];"[""2226"", ""Rui Palmeira""]"
legislaturas.42.senadores[76];"[""2228"", ""Ruy Carneiro""]"
legislaturas.42.senadores[77];"[""2231"", ""Sebastião Archer""]"
legislaturas.42.senadores[78];"[""2237"", ""Sigeffredo Pacheco""]"
legislaturas.42.senadores[79];"[""2241"", ""Silvestre Péricles""]"
legislaturas.42.senadores[80];"[""2266"", ""Bezerra Neto""]"
legislaturas.42.senadores[81];"[""2269"", ""Victorino Freire""]"
legislaturas.42.senadores[82];"[""2274"", ""Vivaldo Lima""]"
legislaturas.42.senadores[83];"[""2284"", ""Wilson Gonçalves""]"
legislaturas.42.senadores[84];"[""2592"", ""Mendonça Clark""]"
legislaturas.42.senadores[85];"[""2772"", ""Faria Tavares""]"
legislaturas.42.senadores[86];"[""2774"", ""Desiré Guarani""]"
legislaturas.42.senadores[87];"[""2775"", ""Gay da Fonseca""]"
legislaturas.42.senadores[88];"[""2853"", ""Antônio Barros Filho""]"
legislaturas.42.senadores[89];"[""2859"", ""Martins Junior""]"
legislaturas.42.senadores[90];"[""2863"", ""Armando Storni""]"
legislaturas.42.senadores[91];"[""2875"", ""Celso Branco""]"
legislaturas.42.senadores[92];"[""2885"", ""Dylton Costa""]"
legislaturas.42.senadores[93];"[""2889"", ""Eduardo Assmar""]"
legislaturas.42.senadores[94];"[""2891"", ""Eduardo Catalão""]"
legislaturas.42.senadores[95];"[""2913"", ""Goldwasser Santos""]"
legislaturas.42.senadores[96];"[""2934"", ""Hermann Tôrres""]"
legislaturas.42.senadores[97];"[""2936"", ""Humberto Neder""]"
legislaturas.42.senadores[98];"[""2945"", ""Gouvêa Vieira""]"
legislaturas.42.senadores[99];"[""2950"", ""José Bezerra""]"
legislaturas.42.senadores[100];"[""2951"", ""Cortez Pereira""]"
legislaturas.42.senadores[101];"[""2953"", ""José Elias""]"
legislaturas.42.senadores[102];"[""2962"", ""José Kairala""]"
legislaturas.42.senadores[103];"[""2966"", ""Linneu Gomes""]"
legislaturas.42.senadores[104];"[""2976"", ""Pinto Ferreira""]"
legislaturas.42.senadores[105];"[""2981"", ""Manoel Dias""]"
legislaturas.42.senadores[106];"[""2989"", ""Miguel Lins""]"
legislaturas.42.senadores[107];"[""2990"", ""Milton Menezes""]"
legislaturas.42.senadores[108];"[""3002"", ""Paulo Barros""]"
legislaturas.42.senadores[109];"[""3003"", ""Moura Palha""]"
legislaturas.42.senadores[110];"[""3004"", ""Pedro Carneiro""]"
legislaturas.42.senadores[111];"[""3006"", ""Péricles Pedro""]"
legislaturas.42.senadores[112];"[""3012"", ""Renato Silva""]"
legislaturas.42.senadores[113];"[""3017"", ""Salviano Leite""]"
legislaturas.42.senadores[114];"[""3025"", ""Vicente Augusto""]"
legislaturas.42.senadores[115];"[""3028"", ""Walfredo Gurgel""]"
legislaturas.42.senadores[116];"[""3232"", ""Josué de Souza""]"
legislaturas.42.senadores[117];"[""4292"", ""Arthur Leite""]"
legislaturas.43.portal;90
legislaturas.43.api_uniao_dos_intervalos;174
legislaturas.43.em_ambos;90
legislaturas.43.so_api_intervalos[0];"[""2"", ""Alexandre Costa""]"
legislaturas.43.so_api_intervalos[1];"[""47"", ""José Sarney""]"
legislaturas.43.so_api_intervalos[2];"[""870"", ""Franco Montoro""]"
legislaturas.43.so_api_intervalos[3];"[""1362"", ""Affonso Arinos""]"
legislaturas.43.so_api_intervalos[4];"[""1377"", ""Zacharias de Assumpção""]"
legislaturas.43.so_api_intervalos[5];"[""1401"", ""Amaury Silva""]"
legislaturas.43.so_api_intervalos[6];"[""1427"", ""Barros Carvalho""]"
legislaturas.43.so_api_intervalos[7];"[""1443"", ""Antonio Jucá""]"
legislaturas.43.so_api_intervalos[8];"[""1470"", ""Mourão Vieira""]"
legislaturas.43.so_api_intervalos[9];"[""1490"", ""Ary Vianna""]"
legislaturas.43.so_api_intervalos[10];"[""1496"", ""Augusto Franco""]"
legislaturas.43.so_api_intervalos[11];"[""1506"", ""Padre Calazans""]"
legislaturas.43.so_api_intervalos[12];"[""1508"", ""Benedito Ferreira""]"
legislaturas.43.so_api_intervalos[13];"[""1510"", ""Benjamin Farah""]"
legislaturas.43.so_api_intervalos[14];"[""1551"", ""Carlos Jereissati""]"
legislaturas.43.so_api_intervalos[15];"[""1570"", ""Danton Jobim""]"
legislaturas.43.so_api_intervalos[16];"[""1596"", ""Emival Caiado""]"
legislaturas.43.so_api_intervalos[17];"[""1602"", ""Amaral Peixoto""]"
legislaturas.43.so_api_intervalos[18];"[""1609"", ""Eugênio Barros""]"
legislaturas.43.so_api_intervalos[19];"[""1626"", ""Fausto Castelo Branco""]"
legislaturas.43.so_api_intervalos[20];"[""1648"", ""Accioly Filho""]"
legislaturas.43.so_api_intervalos[21];"[""1690"", ""Leite Neto""]"
legislaturas.43.so_api_intervalos[22];"[""1711"", ""Gastão Müller""]"
legislaturas.43.so_api_intervalos[23];"[""1716"", ""Geraldo Mesquita""]"
legislaturas.43.so_api_intervalos[24];"[""1726"", ""Gustavo Capanema""]"
legislaturas.43.so_api_intervalos[25];"[""1729"", ""Heitor Dias""]"
legislaturas.43.so_api_intervalos[26];"[""1731"", ""Helvídio Nunes""]"
legislaturas.43.so_api_intervalos[27];"[""1742"", ""Heribaldo Vieira""]"
legislaturas.43.so_api_intervalos[28];"[""1750"", ""Irineu Bornhausen""]"
legislaturas.43.so_api_intervalos[29];"[""1753"", ""Italívio Coelho""]"
legislaturas.43.so_api_intervalos[30];"[""1765"", ""Jefferson de Aguiar""]"
legislaturas.43.so_api_intervalos[31];"[""1767"", ""Dix-Huit Rosado""]"
legislaturas.43.so_api_intervalos[32];"[""1773"", ""Jessé Freire""]"
legislaturas.43.so_api_intervalos[33];"[""1776"", ""João Agripino""]"
legislaturas.43.so_api_intervalos[34];"[""1798"", ""Mattos Leão""]"
legislaturas.43.so_api_intervalos[35];"[""1799"", ""João Calmon""]"
legislaturas.43.so_api_intervalos[36];"[""1826"", ""Renato Franco""]"
legislaturas.43.so_api_intervalos[37];"[""1866"", ""Joaquim Parente""]"
legislaturas.43.so_api_intervalos[38];"[""1890"", ""José Lindoso""]"
legislaturas.43.so_api_intervalos[39];"[""1911"", ""Magalhães Pinto""]"
legislaturas.43.so_api_intervalos[40];"[""1973"", ""José Esteves""]"
legislaturas.43.so_api_intervalos[41];"[""1997"", ""Juscelino Kubitschek""]"
legislaturas.43.so_api_intervalos[42];"[""2011"", ""Lenoir Vargas""]"
legislaturas.43.so_api_intervalos[43];"[""2019"", ""Lourival Baptista""]"
legislaturas.43.so_api_intervalos[44];"[""2038"", ""Luiz Cavalcante""]"
legislaturas.43.so_api_intervalos[45];"[""2041"", ""Luiz de Barros""]"
legislaturas.43.so_api_intervalos[46];"[""2122"", ""Miguel Couto""]"
legislaturas.43.so_api_intervalos[47];"[""2126"", ""Milton Cabral""]"
legislaturas.43.so_api_intervalos[48];"[""2137"", ""Nelson Carneiro""]"
legislaturas.43.so_api_intervalos[49];"[""2138"", ""Nelson Maculan""]"
legislaturas.43.so_api_intervalos[50];"[""2162"", ""Orlando Zancaner""]"
legislaturas.43.so_api_intervalos[51];"[""2164"", ""Osires Teixeira""]"
legislaturas.43.so_api_intervalos[52];"[""2173"", ""Lopes da Costa""]"
legislaturas.43.so_api_intervalos[53];"[""2180"", ""Paulo Guerra""]"
legislaturas.43.so_api_intervalos[54];"[""2203"", ""Saldanha Derzi""]"
legislaturas.43.so_api_intervalos[55];"[""2229"", ""Ruy Santos""]"
legislaturas.43.so_api_intervalos[56];"[""2241"", ""Silvestre Péricles""]"
legislaturas.43.so_api_intervalos[57];"[""2246"", ""Tarso Dutra""]"
legislaturas.43.so_api_intervalos[58];"[""2272"", ""Virgílio Távora""]"
legislaturas.43.so_api_intervalos[59];"[""2274"", ""Vivaldo Lima""]"
legislaturas.43.so_api_intervalos[60];"[""2775"", ""Gay da Fonseca""]"
legislaturas.43.so_api_intervalos[61];"[""2853"", ""Antônio Barros Filho""]"
legislaturas.43.so_api_intervalos[62];"[""2859"", ""Martins Junior""]"
legislaturas.43.so_api_intervalos[63];"[""2875"", ""Celso Branco""]"
legislaturas.43.so_api_intervalos[64];"[""2889"", ""Eduardo Assmar""]"
legislaturas.43.so_api_intervalos[65];"[""2913"", ""Goldwasser Santos""]"
legislaturas.43.so_api_intervalos[66];"[""2934"", ""Hermann Tôrres""]"
legislaturas.43.so_api_intervalos[67];"[""2936"", ""Humberto Neder""]"
legislaturas.43.so_api_intervalos[68];"[""2949"", ""José Augusto""]"
legislaturas.43.so_api_intervalos[69];"[""2950"", ""José Bezerra""]"
legislaturas.43.so_api_intervalos[70];"[""2951"", ""Cortez Pereira""]"
legislaturas.43.so_api_intervalos[71];"[""2953"", ""José Elias""]"
legislaturas.43.so_api_intervalos[72];"[""2962"", ""José Kairala""]"
legislaturas.43.so_api_intervalos[73];"[""2964"", ""Leoni Mendonça""]"
legislaturas.43.so_api_intervalos[74];"[""2966"", ""Linneu Gomes""]"
legislaturas.43.so_api_intervalos[75];"[""2976"", ""Pinto Ferreira""]"
legislaturas.43.so_api_intervalos[76];"[""2981"", ""Manoel Dias""]"
legislaturas.43.so_api_intervalos[77];"[""2989"", ""Miguel Lins""]"
legislaturas.43.so_api_intervalos[78];"[""3002"", ""Paulo Barros""]"
legislaturas.43.so_api_intervalos[79];"[""3017"", ""Salviano Leite""]"
legislaturas.43.so_api_intervalos[80];"[""3025"", ""Vicente Augusto""]"
legislaturas.43.so_api_intervalos[81];"[""3028"", ""Walfredo Gurgel""]"
legislaturas.43.so_api_intervalos[82];"[""3232"", ""Josué de Souza""]"
legislaturas.43.so_api_intervalos[83];"[""4292"", ""Arthur Leite""]"
legislaturas.43.senadores[0];"[""39"", ""Josaphat Marinho""]"
legislaturas.43.senadores[1];"[""326"", ""Antônio Carlos Konder Reis""]"
legislaturas.43.senadores[2];"[""1350"", ""Aarão Steinbruch""]"
legislaturas.43.senadores[3];"[""1357"", ""Adalberto Sena""]"
legislaturas.43.senadores[4];"[""1361"", ""Adolpho Franco""]"
legislaturas.43.senadores[5];"[""1391"", ""Aloysio de Carvalho""]"
legislaturas.43.senadores[6];"[""1396"", ""Álvaro Maia""]"
legislaturas.43.senadores[7];"[""1415"", ""Antonio Balbino""]"
legislaturas.43.senadores[8];"[""1424"", ""Antonio Fernandes""]"
legislaturas.43.senadores[9];"[""1473"", ""Argemiro de Figueiredo""]"
legislaturas.43.senadores[10];"[""1479"", ""Arnon de Mello""]"
legislaturas.43.senadores[11];"[""1487"", ""Arthur Virgílio""]"
legislaturas.43.senadores[12];"[""1491"", ""Attílio Fontana""]"
legislaturas.43.senadores[13];"[""1502"", ""Aurélio Vianna""]"
legislaturas.43.senadores[14];"[""1504"", ""Moura Andrade""]"
legislaturas.43.senadores[15];"[""1507"", ""Benedito Valladares""]"
legislaturas.43.senadores[16];"[""1527"", ""Nogueira da Gama""]"
legislaturas.43.senadores[17];"[""1536"", ""Carvalho Pinto""]"
legislaturas.43.senadores[18];"[""1548"", ""Carlos Lindenberg""]"
legislaturas.43.senadores[19];"[""1557"", ""Celso Ramos""]"
legislaturas.43.senadores[20];"[""1567"", ""Clodomir Millet""]"
legislaturas.43.senadores[21];"[""1569"", ""Daniel Krieger""]"
legislaturas.43.senadores[22];"[""1573"", ""Dinarte Mariz""]"
legislaturas.43.senadores[23];"[""1582"", ""Domício Gondim""]"
legislaturas.43.senadores[24];"[""1590"", ""Edmundo Levi""]"
legislaturas.43.senadores[25];"[""1593"", ""Cattete Pinheiro""]"
legislaturas.43.senadores[26];"[""1614"", ""Eurico Rezende""]"
legislaturas.43.senadores[27];"[""1632"", ""Fernando Corrêa""]"
legislaturas.43.senadores[28];"[""1636"", ""Filinto Muller""]"
legislaturas.43.senadores[29];"[""1644"", ""Flávio Britto""]"
legislaturas.43.senadores[30];"[""1663"", ""Menezes Pimentel""]"
legislaturas.43.senadores[31];"[""1680"", ""Duarte Filho""]"
legislaturas.43.senadores[32];"[""1696"", ""Pessoa de Queiroz""]"
legislaturas.43.senadores[33];"[""1721"", ""Gilberto Marinho""]"
legislaturas.43.senadores[34];"[""1724"", ""Guido Mondin""]"
legislaturas.43.senadores[35];"[""1764"", ""Jarbas Passarinho""]"
legislaturas.43.senadores[36];"[""1775"", ""João Abrahão""]"
legislaturas.43.senadores[37];"[""1785"", ""Vasconcelos Torres""]"
legislaturas.43.senadores[38];"[""1790"", ""João Cleofas""]"
legislaturas.43.senadores[39];"[""1854"", ""Lobão da Silveira""]"
legislaturas.43.senadores[40];"[""1895"", ""José Cândido""]"
legislaturas.43.senadores[41];"[""1917"", ""Ermírio de Moraes""]"
legislaturas.43.senadores[42];"[""1920"", ""José Feliciano""]"
legislaturas.43.senadores[43];"[""1928"", ""José Guiomard""]"
legislaturas.43.senadores[44];"[""1977"", ""José Leite""]"
legislaturas.43.senadores[45];"[""1990"", ""Waldemar Alcântara""]"
legislaturas.43.senadores[46];"[""1993"", ""Júlio Leite""]"
legislaturas.43.senadores[47];"[""2001"", ""Lino de Mattos""]"
legislaturas.43.senadores[48];"[""2009"", ""Leandro Maciel""]"
legislaturas.43.senadores[49];"[""2057"", ""Manoel Villaça""]"
legislaturas.43.senadores[50];"[""2111"", ""Mário Martins""]"
legislaturas.43.senadores[51];"[""2120"", ""Mem de Sá""]"
legislaturas.43.senadores[52];"[""2127"", ""Milton Trindade""]"
legislaturas.43.senadores[53];"[""2128"", ""Milton Campos""]"
legislaturas.43.senadores[54];"[""2145"", ""Ney Braga""]"
legislaturas.43.senadores[55];"[""2163"", ""Oscar Passos""]"
legislaturas.43.senadores[56];"[""2178"", ""Paulo Torres""]"
legislaturas.43.senadores[57];"[""2181"", ""Paulo Sarazate""]"
legislaturas.43.senadores[58];"[""2193"", ""Pedro Ludovico""]"
legislaturas.43.senadores[59];"[""2199"", ""Petrônio Portella""]"
legislaturas.43.senadores[60];"[""2210"", ""Raul Giuberti""]"
legislaturas.43.senadores[61];"[""2225"", ""Mello Braga""]"
legislaturas.43.senadores[62];"[""2226"", ""Rui Palmeira""]"
legislaturas.43.senadores[63];"[""2228"", ""Ruy Carneiro""]"
legislaturas.43.senadores[64];"[""2231"", ""Sebastião Archer""]"
legislaturas.43.senadores[65];"[""2237"", ""Sigeffredo Pacheco""]"
legislaturas.43.senadores[66];"[""2247"", ""Teotonio Vilela""]"
legislaturas.43.senadores[67];"[""2266"", ""Bezerra Neto""]"
legislaturas.43.senadores[68];"[""2269"", ""Victorino Freire""]"
legislaturas.43.senadores[69];"[""2283"", ""Wilson Campos""]"
legislaturas.43.senadores[70];"[""2284"", ""Wilson Gonçalves""]"
legislaturas.43.senadores[71];"[""2592"", ""Mendonça Clark""]"
legislaturas.43.senadores[72];"[""2612"", ""Arnaldo Paiva""]"
legislaturas.43.senadores[73];"[""2772"", ""Faria Tavares""]"
legislaturas.43.senadores[74];"[""2774"", ""Desiré Guarani""]"
legislaturas.43.senadores[75];"[""2833"", ""Achiles Cruz""]"
legislaturas.43.senadores[76];"[""2845"", ""Álvaro Catão""]"
legislaturas.43.senadores[77];"[""2860"", ""Pereira Diniz""]"
legislaturas.43.senadores[78];"[""2863"", ""Armando Storni""]"
legislaturas.43.senadores[79];"[""2885"", ""Dylton Costa""]"
legislaturas.43.senadores[80];"[""2891"", ""Eduardo Catalão""]"
legislaturas.43.senadores[81];"[""2945"", ""Gouvêa Vieira""]"
legislaturas.43.senadores[82];"[""2990"", ""Milton Menezes""]"
legislaturas.43.senadores[83];"[""2994"", ""Octávio Cesário""]"
legislaturas.43.senadores[84];"[""3003"", ""Moura Palha""]"
legislaturas.43.senadores[85];"[""3004"", ""Pedro Carneiro""]"
legislaturas.43.senadores[86];"[""3006"", ""Péricles Pedro""]"
legislaturas.43.senadores[87];"[""3012"", ""Renato Silva""]"
legislaturas.43.senadores[88];"[""3032"", ""Clóvis Maia""]"
legislaturas.43.senadores[89];"[""3253"", ""Marcello de Alencar""]"
legislaturas.44.portal;95
legislaturas.44.api_uniao_dos_intervalos;153
legislaturas.44.em_ambos;95
legislaturas.44.so_api_intervalos[0];"[""1026"", ""Roberto Saturnino""]"
legislaturas.44.so_api_intervalos[1];"[""1244"", ""Mauro Benevides""]"
legislaturas.44.so_api_intervalos[2];"[""1350"", ""Aarão Steinbruch""]"
legislaturas.44.so_api_intervalos[3];"[""1361"", ""Adolpho Franco""]"
legislaturas.44.so_api_intervalos[4];"[""1367"", ""Agenor Maria""]"
legislaturas.44.so_api_intervalos[5];"[""1391"", ""Aloysio de Carvalho""]"
legislaturas.44.so_api_intervalos[6];"[""1392"", ""Altevir Leal""]"
legislaturas.44.so_api_intervalos[7];"[""1396"", ""Álvaro Maia""]"
legislaturas.44.so_api_intervalos[8];"[""1456"", ""Mendes Canale""]"
legislaturas.44.so_api_intervalos[9];"[""1487"", ""Arthur Virgílio""]"
legislaturas.44.so_api_intervalos[10];"[""1504"", ""Moura Andrade""]"
legislaturas.44.so_api_intervalos[11];"[""1578"", ""Dirceu Cardoso""]"
legislaturas.44.so_api_intervalos[12];"[""1590"", ""Edmundo Levi""]"
legislaturas.44.so_api_intervalos[13];"[""1619"", ""Evandro Carreira""]"
legislaturas.44.so_api_intervalos[14];"[""1621"", ""Evelásio Vieira""]"
legislaturas.44.so_api_intervalos[15];"[""1689"", ""Leite Chaves""]"
legislaturas.44.so_api_intervalos[16];"[""1721"", ""Gilberto Marinho""]"
legislaturas.44.so_api_intervalos[17];"[""1735"", ""Henrique de La Rocque""]"
legislaturas.44.so_api_intervalos[18];"[""1745"", ""Hugo Ramos""]"
legislaturas.44.so_api_intervalos[19];"[""1754"", ""Itamar Franco""]"
legislaturas.44.so_api_intervalos[20];"[""1757"", ""Cunha Lima""]"
legislaturas.44.so_api_intervalos[21];"[""1775"", ""João Abrahão""]"
legislaturas.44.so_api_intervalos[22];"[""1801"", ""Braga Júnior""]"
legislaturas.44.so_api_intervalos[23];"[""1806"", ""Gilvan Rocha""]"
legislaturas.44.so_api_intervalos[24];"[""1920"", ""José Feliciano""]"
legislaturas.44.so_api_intervalos[25];"[""1977"", ""José Leite""]"
legislaturas.44.so_api_intervalos[26];"[""2008"", ""Lázaro Barbosa""]"
legislaturas.44.so_api_intervalos[27];"[""2048"", ""Luiz Viana""]"
legislaturas.44.so_api_intervalos[28];"[""2105"", ""Marcos Freire""]"
legislaturas.44.so_api_intervalos[29];"[""2111"", ""Mário Martins""]"
legislaturas.44.so_api_intervalos[30];"[""2134"", ""Murilo Paraíso""]"
legislaturas.44.so_api_intervalos[31];"[""2161"", ""Orestes Quércia""]"
legislaturas.44.so_api_intervalos[32];"[""2166"", ""Otair Becker""]"
legislaturas.44.so_api_intervalos[33];"[""2174"", ""Paulo Brossard""]"
legislaturas.44.so_api_intervalos[34];"[""2181"", ""Paulo Sarazate""]"
legislaturas.44.so_api_intervalos[35];"[""2193"", ""Pedro Ludovico""]"
legislaturas.44.so_api_intervalos[36];"[""2226"", ""Rui Palmeira""]"
legislaturas.44.so_api_intervalos[37];"[""2592"", ""Mendonça Clark""]"
legislaturas.44.so_api_intervalos[38];"[""2612"", ""Arnaldo Paiva""]"
legislaturas.44.so_api_intervalos[39];"[""2772"", ""Faria Tavares""]"
legislaturas.44.so_api_intervalos[40];"[""2774"", ""Desiré Guarani""]"
legislaturas.44.so_api_intervalos[41];"[""2833"", ""Achiles Cruz""]"
legislaturas.44.so_api_intervalos[42];"[""2845"", ""Álvaro Catão""]"
legislaturas.44.so_api_intervalos[43];"[""2860"", ""Pereira Diniz""]"
legislaturas.44.so_api_intervalos[44];"[""2863"", ""Armando Storni""]"
legislaturas.44.so_api_intervalos[45];"[""2885"", ""Dylton Costa""]"
legislaturas.44.so_api_intervalos[46];"[""2891"", ""Eduardo Catalão""]"
legislaturas.44.so_api_intervalos[47];"[""2902"", ""Ernando Uchôa""]"
legislaturas.44.so_api_intervalos[48];"[""2914"", ""Vilela de Magalhães""]"
legislaturas.44.so_api_intervalos[49];"[""2945"", ""Gouvêa Vieira""]"
legislaturas.44.so_api_intervalos[50];"[""2990"", ""Milton Menezes""]"
legislaturas.44.so_api_intervalos[51];"[""2998"", ""Otto Lehmann""]"
legislaturas.44.so_api_intervalos[52];"[""3003"", ""Moura Palha""]"
legislaturas.44.so_api_intervalos[53];"[""3004"", ""Pedro Carneiro""]"
legislaturas.44.so_api_intervalos[54];"[""3006"", ""Péricles Pedro""]"
legislaturas.44.so_api_intervalos[55];"[""3012"", ""Renato Silva""]"
legislaturas.44.so_api_intervalos[56];"[""3032"", ""Clóvis Maia""]"
legislaturas.44.so_api_intervalos[57];"[""3253"", ""Marcello de Alencar""]"
legislaturas.44.senadores[0];"[""2"", ""Alexandre Costa""]"
legislaturas.44.senadores[1];"[""39"", ""Josaphat Marinho""]"
legislaturas.44.senadores[2];"[""47"", ""José Sarney""]"
legislaturas.44.senadores[3];"[""326"", ""Antônio Carlos Konder Reis""]"
legislaturas.44.senadores[4];"[""870"", ""Franco Montoro""]"
legislaturas.44.senadores[5];"[""1357"", ""Adalberto Sena""]"
legislaturas.44.senadores[6];"[""1415"", ""Antonio Balbino""]"
legislaturas.44.senadores[7];"[""1424"", ""Antonio Fernandes""]"
legislaturas.44.senadores[8];"[""1473"", ""Argemiro de Figueiredo""]"
legislaturas.44.senadores[9];"[""1479"", ""Arnon de Mello""]"
legislaturas.44.senadores[10];"[""1491"", ""Attílio Fontana""]"
legislaturas.44.senadores[11];"[""1496"", ""Augusto Franco""]"
legislaturas.44.senadores[12];"[""1502"", ""Aurélio Vianna""]"
legislaturas.44.senadores[13];"[""1507"", ""Benedito Valladares""]"
legislaturas.44.senadores[14];"[""1508"", ""Benedito Ferreira""]"
legislaturas.44.senadores[15];"[""1510"", ""Benjamin Farah""]"
legislaturas.44.senadores[16];"[""1527"", ""Nogueira da Gama""]"
legislaturas.44.senadores[17];"[""1536"", ""Carvalho Pinto""]"
legislaturas.44.senadores[18];"[""1548"", ""Carlos Lindenberg""]"
legislaturas.44.senadores[19];"[""1557"", ""Celso Ramos""]"
legislaturas.44.senadores[20];"[""1567"", ""Clodomir Millet""]"
legislaturas.44.senadores[21];"[""1569"", ""Daniel Krieger""]"
legislaturas.44.senadores[22];"[""1570"", ""Danton Jobim""]"
legislaturas.44.senadores[23];"[""1573"", ""Dinarte Mariz""]"
legislaturas.44.senadores[24];"[""1582"", ""Domício Gondim""]"
legislaturas.44.senadores[25];"[""1593"", ""Cattete Pinheiro""]"
legislaturas.44.senadores[26];"[""1596"", ""Emival Caiado""]"
legislaturas.44.senadores[27];"[""1602"", ""Amaral Peixoto""]"
legislaturas.44.senadores[28];"[""1614"", ""Eurico Rezende""]"
legislaturas.44.senadores[29];"[""1626"", ""Fausto Castelo Branco""]"
legislaturas.44.senadores[30];"[""1632"", ""Fernando Corrêa""]"
legislaturas.44.senadores[31];"[""1636"", ""Filinto Muller""]"
legislaturas.44.senadores[32];"[""1644"", ""Flávio Britto""]"
legislaturas.44.senadores[33];"[""1648"", ""Accioly Filho""]"
legislaturas.44.senadores[34];"[""1663"", ""Menezes Pimentel""]"
legislaturas.44.senadores[35];"[""1680"", ""Duarte Filho""]"
legislaturas.44.senadores[36];"[""1696"", ""Pessoa de Queiroz""]"
legislaturas.44.senadores[37];"[""1716"", ""Geraldo Mesquita""]"
legislaturas.44.senadores[38];"[""1724"", ""Guido Mondin""]"
legislaturas.44.senadores[39];"[""1726"", ""Gustavo Capanema""]"
legislaturas.44.senadores[40];"[""1729"", ""Heitor Dias""]"
legislaturas.44.senadores[41];"[""1731"", ""Helvídio Nunes""]"
legislaturas.44.senadores[42];"[""1753"", ""Italívio Coelho""]"
legislaturas.44.senadores[43];"[""1764"", ""Jarbas Passarinho""]"
legislaturas.44.senadores[44];"[""1773"", ""Jessé Freire""]"
legislaturas.44.senadores[45];"[""1785"", ""Vasconcelos Torres""]"
legislaturas.44.senadores[46];"[""1790"", ""João Cleofas""]"
legislaturas.44.senadores[47];"[""1798"", ""Mattos Leão""]"
legislaturas.44.senadores[48];"[""1799"", ""João Calmon""]"
legislaturas.44.senadores[49];"[""1826"", ""Renato Franco""]"
legislaturas.44.senadores[50];"[""1854"", ""Lobão da Silveira""]"
legislaturas.44.senadores[51];"[""1890"", ""José Lindoso""]"
legislaturas.44.senadores[52];"[""1895"", ""José Cândido""]"
legislaturas.44.senadores[53];"[""1911"", ""Magalhães Pinto""]"
legislaturas.44.senadores[54];"[""1917"", ""Ermírio de Moraes""]"
legislaturas.44.senadores[55];"[""1928"", ""José Guiomard""]"
legislaturas.44.senadores[56];"[""1973"", ""José Esteves""]"
legislaturas.44.senadores[57];"[""1990"", ""Waldemar Alcântara""]"
legislaturas.44.senadores[58];"[""1993"", ""Júlio Leite""]"
legislaturas.44.senadores[59];"[""2001"", ""Lino de Mattos""]"
legislaturas.44.senadores[60];"[""2009"", ""Leandro Maciel""]"
legislaturas.44.senadores[61];"[""2011"", ""Lenoir Vargas""]"
legislaturas.44.senadores[62];"[""2019"", ""Lourival Baptista""]"
legislaturas.44.senadores[63];"[""2038"", ""Luiz Cavalcante""]"
legislaturas.44.senadores[64];"[""2041"", ""Luiz de Barros""]"
legislaturas.44.senadores[65];"[""2057"", ""Manoel Villaça""]"
legislaturas.44.senadores[66];"[""2120"", ""Mem de Sá""]"
legislaturas.44.senadores[67];"[""2126"", ""Milton Cabral""]"
legislaturas.44.senadores[68];"[""2127"", ""Milton Trindade""]"
legislaturas.44.senadores[69];"[""2128"", ""Milton Campos""]"
legislaturas.44.senadores[70];"[""2137"", ""Nelson Carneiro""]"
legislaturas.44.senadores[71];"[""2145"", ""Ney Braga""]"
legislaturas.44.senadores[72];"[""2162"", ""Orlando Zancaner""]"
legislaturas.44.senadores[73];"[""2163"", ""Oscar Passos""]"
legislaturas.44.senadores[74];"[""2164"", ""Osires Teixeira""]"
legislaturas.44.senadores[75];"[""2178"", ""Paulo Torres""]"
legislaturas.44.senadores[76];"[""2180"", ""Paulo Guerra""]"
legislaturas.44.senadores[77];"[""2199"", ""Petrônio Portella""]"
legislaturas.44.senadores[78];"[""2203"", ""Saldanha Derzi""]"
legislaturas.44.senadores[79];"[""2210"", ""Raul Giuberti""]"
legislaturas.44.senadores[80];"[""2225"", ""Mello Braga""]"
legislaturas.44.senadores[81];"[""2228"", ""Ruy Carneiro""]"
legislaturas.44.senadores[82];"[""2229"", ""Ruy Santos""]"
legislaturas.44.senadores[83];"[""2231"", ""Sebastião Archer""]"
legislaturas.44.senadores[84];"[""2237"", ""Sigeffredo Pacheco""]"
legislaturas.44.senadores[85];"[""2246"", ""Tarso Dutra""]"
legislaturas.44.senadores[86];"[""2247"", ""Teotonio Vilela""]"
legislaturas.44.senadores[87];"[""2266"", ""Bezerra Neto""]"
legislaturas.44.senadores[88];"[""2269"", ""Victorino Freire""]"
legislaturas.44.senadores[89];"[""2272"", ""Virgílio Távora""]"
legislaturas.44.senadores[90];"[""2283"", ""Wilson Campos""]"
legislaturas.44.senadores[91];"[""2284"", ""Wilson Gonçalves""]"
legislaturas.44.senadores[92];"[""2949"", ""José Augusto""]"
legislaturas.44.senadores[93];"[""2964"", ""Leoni Mendonça""]"
legislaturas.44.senadores[94];"[""2994"", ""Octávio Cesário""]"
legislaturas.45.portal;91
legislaturas.45.api_uniao_dos_intervalos;167
legislaturas.45.em_ambos;91
legislaturas.45.so_api_intervalos[0];"[""33"", ""Humberto Lucena""]"
legislaturas.45.so_api_intervalos[1];"[""39"", ""Josaphat Marinho""]"
legislaturas.45.so_api_intervalos[2];"[""68"", ""Pedro Simon""]"
legislaturas.45.so_api_intervalos[3];"[""346"", ""Affonso Camargo""]"
legislaturas.45.so_api_intervalos[4];"[""946"", ""Alberto Silva""]"
legislaturas.45.so_api_intervalos[5];"[""1359"", ""Aderbal Jurema""]"
legislaturas.45.so_api_intervalos[6];"[""1388"", ""Almir Pinto""]"
legislaturas.45.so_api_intervalos[7];"[""1390"", ""Aloysio Chaves""]"
legislaturas.45.so_api_intervalos[8];"[""1415"", ""Antonio Balbino""]"
legislaturas.45.so_api_intervalos[9];"[""1449"", ""Lomanto Júnior""]"
legislaturas.45.so_api_intervalos[10];"[""1459"", ""Amaral Furlan""]"
legislaturas.45.so_api_intervalos[11];"[""1473"", ""Argemiro de Figueiredo""]"
legislaturas.45.so_api_intervalos[12];"[""1480"", ""Arnor Damiani""]"
legislaturas.45.so_api_intervalos[13];"[""1491"", ""Attílio Fontana""]"
legislaturas.45.so_api_intervalos[14];"[""1502"", ""Aurélio Vianna""]"
legislaturas.45.so_api_intervalos[15];"[""1507"", ""Benedito Valladares""]"
legislaturas.45.so_api_intervalos[16];"[""1514"", ""Bernardino Viana""]"
legislaturas.45.so_api_intervalos[17];"[""1527"", ""Nogueira da Gama""]"
legislaturas.45.so_api_intervalos[18];"[""1558"", ""César Cals""]"
legislaturas.45.so_api_intervalos[19];"[""1580"", ""Dirceu Arcoverde""]"
legislaturas.45.so_api_intervalos[20];"[""1596"", ""Emival Caiado""]"
legislaturas.45.so_api_intervalos[21];"[""1612"", ""Eunice Michiles""]"
legislaturas.45.so_api_intervalos[22];"[""1636"", ""Filinto Muller""]"
legislaturas.45.so_api_intervalos[23];"[""1663"", ""Menezes Pimentel""]"
legislaturas.45.so_api_intervalos[24];"[""1680"", ""Duarte Filho""]"
legislaturas.45.so_api_intervalos[25];"[""1696"", ""Pessoa de Queiroz""]"
legislaturas.45.so_api_intervalos[26];"[""1705"", ""Gabriel Hermes""]"
legislaturas.45.so_api_intervalos[27];"[""1711"", ""Gastão Müller""]"
legislaturas.45.so_api_intervalos[28];"[""1732"", ""Henrique Santillo""]"
legislaturas.45.so_api_intervalos[29];"[""1761"", ""Jaison Barreto""]"
legislaturas.45.so_api_intervalos[30];"[""1786"", ""João Bosco""]"
legislaturas.45.so_api_intervalos[31];"[""1854"", ""Lobão da Silveira""]"
legislaturas.45.so_api_intervalos[32];"[""1875"", ""Jorge Kalume""]"
legislaturas.45.so_api_intervalos[33];"[""1887"", ""Benedito Canellas""]"
legislaturas.45.so_api_intervalos[34];"[""1895"", ""José Cândido""]"
legislaturas.45.so_api_intervalos[35];"[""1914"", ""Martins Filho""]"
legislaturas.45.so_api_intervalos[36];"[""1917"", ""Ermírio de Moraes""]"
legislaturas.45.so_api_intervalos[37];"[""1945"", ""José Lins""]"
legislaturas.45.so_api_intervalos[38];"[""1949"", ""José Fragelli""]"
legislaturas.45.so_api_intervalos[39];"[""1966"", ""Passos Porto""]"
legislaturas.45.so_api_intervalos[40];"[""1974"", ""José Richa""]"
legislaturas.45.so_api_intervalos[41];"[""1990"", ""Waldemar Alcântara""]"
legislaturas.45.so_api_intervalos[42];"[""1993"", ""Júlio Leite""]"
legislaturas.45.so_api_intervalos[43];"[""1999"", ""Jutahy Magalhães""]"
legislaturas.45.so_api_intervalos[44];"[""2001"", ""Lino de Mattos""]"
legislaturas.45.so_api_intervalos[45];"[""2027"", ""Luiz Fernando Freire""]"
legislaturas.45.so_api_intervalos[46];"[""2057"", ""Manoel Villaça""]"
legislaturas.45.so_api_intervalos[47];"[""2120"", ""Mem de Sá""]"
legislaturas.45.so_api_intervalos[48];"[""2128"", ""Milton Campos""]"
legislaturas.45.so_api_intervalos[49];"[""2129"", ""Moacyr Dalla""]"
legislaturas.45.so_api_intervalos[50];"[""2130"", ""Moacyr Duarte""]"
legislaturas.45.so_api_intervalos[51];"[""2135"", ""Murilo Badaró""]"
legislaturas.45.so_api_intervalos[52];"[""2147"", ""Nilo Coelho""]"
legislaturas.45.so_api_intervalos[53];"[""2153"", ""Octávio Cardoso""]"
legislaturas.45.so_api_intervalos[54];"[""2163"", ""Oscar Passos""]"
legislaturas.45.so_api_intervalos[55];"[""2196"", ""Pedro Pedrossian""]"
legislaturas.45.so_api_intervalos[56];"[""2206"", ""Raimundo Parente""]"
legislaturas.45.so_api_intervalos[57];"[""2210"", ""Raul Giuberti""]"
legislaturas.45.so_api_intervalos[58];"[""2225"", ""Mello Braga""]"
legislaturas.45.so_api_intervalos[59];"[""2231"", ""Sebastião Archer""]"
legislaturas.45.so_api_intervalos[60];"[""2237"", ""Sigeffredo Pacheco""]"
legislaturas.45.so_api_intervalos[61];"[""2244"", ""Tancredo Neves""]"
legislaturas.45.so_api_intervalos[62];"[""2266"", ""Bezerra Neto""]"
legislaturas.45.so_api_intervalos[63];"[""2267"", ""Vicente Vuolo""]"
legislaturas.45.so_api_intervalos[64];"[""2269"", ""Victorino Freire""]"
legislaturas.45.so_api_intervalos[65];"[""2812"", ""Dulce Braga""]"
legislaturas.45.so_api_intervalos[66];"[""2813"", ""Maria Syrlei""]"
legislaturas.45.so_api_intervalos[67];"[""2814"", ""Laélia de Alcântara""]"
legislaturas.45.so_api_intervalos[68];"[""2836"", ""Álano Barcelos""]"
legislaturas.45.so_api_intervalos[69];"[""2838"", ""Alberto Lavinas""]"
legislaturas.45.so_api_intervalos[70];"[""2879"", ""Dejandir Dalpasquale""]"
legislaturas.45.so_api_intervalos[71];"[""2958"", ""José Caixeta""]"
legislaturas.45.so_api_intervalos[72];"[""2978"", ""Ferreira Filho""]"
legislaturas.45.so_api_intervalos[73];"[""2994"", ""Octávio Cesário""]"
legislaturas.45.so_api_intervalos[74];"[""2999"", ""Ozires Pontes""]"
legislaturas.45.so_api_intervalos[75];"[""3023"", ""Valdon Varjão""]"
legislaturas.45.senadores[0];"[""2"", ""Alexandre Costa""]"
legislaturas.45.senadores[1];"[""47"", ""José Sarney""]"
legislaturas.45.senadores[2];"[""326"", ""Antônio Carlos Konder Reis""]"
legislaturas.45.senadores[3];"[""870"", ""Franco Montoro""]"
legislaturas.45.senadores[4];"[""1026"", ""Roberto Saturnino""]"
legislaturas.45.senadores[5];"[""1244"", ""Mauro Benevides""]"
legislaturas.45.senadores[6];"[""1357"", ""Adalberto Sena""]"
legislaturas.45.senadores[7];"[""1367"", ""Agenor Maria""]"
legislaturas.45.senadores[8];"[""1392"", ""Altevir Leal""]"
legislaturas.45.senadores[9];"[""1424"", ""Antonio Fernandes""]"
legislaturas.45.senadores[10];"[""1456"", ""Mendes Canale""]"
legislaturas.45.senadores[11];"[""1479"", ""Arnon de Mello""]"
legislaturas.45.senadores[12];"[""1496"", ""Augusto Franco""]"
legislaturas.45.senadores[13];"[""1508"", ""Benedito Ferreira""]"
legislaturas.45.senadores[14];"[""1510"", ""Benjamin Farah""]"
legislaturas.45.senadores[15];"[""1536"", ""Carvalho Pinto""]"
legislaturas.45.senadores[16];"[""1548"", ""Carlos Lindenberg""]"
legislaturas.45.senadores[17];"[""1557"", ""Celso Ramos""]"
legislaturas.45.senadores[18];"[""1567"", ""Clodomir Millet""]"
legislaturas.45.senadores[19];"[""1569"", ""Daniel Krieger""]"
legislaturas.45.senadores[20];"[""1570"", ""Danton Jobim""]"
legislaturas.45.senadores[21];"[""1573"", ""Dinarte Mariz""]"
legislaturas.45.senadores[22];"[""1578"", ""Dirceu Cardoso""]"
legislaturas.45.senadores[23];"[""1582"", ""Domício Gondim""]"
legislaturas.45.senadores[24];"[""1593"", ""Cattete Pinheiro""]"
legislaturas.45.senadores[25];"[""1602"", ""Amaral Peixoto""]"
legislaturas.45.senadores[26];"[""1614"", ""Eurico Rezende""]"
legislaturas.45.senadores[27];"[""1619"", ""Evandro Carreira""]"
legislaturas.45.senadores[28];"[""1621"", ""Evelásio Vieira""]"
legislaturas.45.senadores[29];"[""1626"", ""Fausto Castelo Branco""]"
legislaturas.45.senadores[30];"[""1632"", ""Fernando Corrêa""]"
legislaturas.45.senadores[31];"[""1644"", ""Flávio Britto""]"
legislaturas.45.senadores[32];"[""1648"", ""Accioly Filho""]"
legislaturas.45.senadores[33];"[""1689"", ""Leite Chaves""]"
legislaturas.45.senadores[34];"[""1716"", ""Geraldo Mesquita""]"
legislaturas.45.senadores[35];"[""1724"", ""Guido Mondin""]"
legislaturas.45.senadores[36];"[""1726"", ""Gustavo Capanema""]"
legislaturas.45.senadores[37];"[""1729"", ""Heitor Dias""]"
legislaturas.45.senadores[38];"[""1731"", ""Helvídio Nunes""]"
legislaturas.45.senadores[39];"[""1735"", ""Henrique de La Rocque""]"
legislaturas.45.senadores[40];"[""1745"", ""Hugo Ramos""]"
legislaturas.45.senadores[41];"[""1753"", ""Italívio Coelho""]"
legislaturas.45.senadores[42];"[""1754"", ""Itamar Franco""]"
legislaturas.45.senadores[43];"[""1757"", ""Cunha Lima""]"
legislaturas.45.senadores[44];"[""1764"", ""Jarbas Passarinho""]"
legislaturas.45.senadores[45];"[""1773"", ""Jessé Freire""]"
legislaturas.45.senadores[46];"[""1785"", ""Vasconcelos Torres""]"
legislaturas.45.senadores[47];"[""1790"", ""João Cleofas""]"
legislaturas.45.senadores[48];"[""1798"", ""Mattos Leão""]"
legislaturas.45.senadores[49];"[""1799"", ""João Calmon""]"
legislaturas.45.senadores[50];"[""1801"", ""Braga Júnior""]"
legislaturas.45.senadores[51];"[""1806"", ""Gilvan Rocha""]"
legislaturas.45.senadores[52];"[""1826"", ""Renato Franco""]"
legislaturas.45.senadores[53];"[""1890"", ""José Lindoso""]"
legislaturas.45.senadores[54];"[""1911"", ""Magalhães Pinto""]"
legislaturas.45.senadores[55];"[""1928"", ""José Guiomard""]"
legislaturas.45.senadores[56];"[""1973"", ""José Esteves""]"
legislaturas.45.senadores[57];"[""2008"", ""Lázaro Barbosa""]"
legislaturas.45.senadores[58];"[""2009"", ""Leandro Maciel""]"
legislaturas.45.senadores[59];"[""2011"", ""Lenoir Vargas""]"
legislaturas.45.senadores[60];"[""2019"", ""Lourival Baptista""]"
legislaturas.45.senadores[61];"[""2038"", ""Luiz Cavalcante""]"
legislaturas.45.senadores[62];"[""2041"", ""Luiz de Barros""]"
legislaturas.45.senadores[63];"[""2048"", ""Luiz Viana""]"
legislaturas.45.senadores[64];"[""2105"", ""Marcos Freire""]"
legislaturas.45.senadores[65];"[""2126"", ""Milton Cabral""]"
legislaturas.45.senadores[66];"[""2127"", ""Milton Trindade""]"
legislaturas.45.senadores[67];"[""2134"", ""Murilo Paraíso""]"
legislaturas.45.senadores[68];"[""2137"", ""Nelson Carneiro""]"
legislaturas.45.senadores[69];"[""2145"", ""Ney Braga""]"
legislaturas.45.senadores[70];"[""2161"", ""Orestes Quércia""]"
legislaturas.45.senadores[71];"[""2162"", ""Orlando Zancaner""]"
legislaturas.45.senadores[72];"[""2164"", ""Osires Teixeira""]"
legislaturas.45.senadores[73];"[""2166"", ""Otair Becker""]"
legislaturas.45.senadores[74];"[""2174"", ""Paulo Brossard""]"
legislaturas.45.senadores[75];"[""2178"", ""Paulo Torres""]"
legislaturas.45.senadores[76];"[""2180"", ""Paulo Guerra""]"
legislaturas.45.senadores[77];"[""2199"", ""Petrônio Portella""]"
legislaturas.45.senadores[78];"[""2203"", ""Saldanha Derzi""]"
legislaturas.45.senadores[79];"[""2228"", ""Ruy Carneiro""]"
legislaturas.45.senadores[80];"[""2229"", ""Ruy Santos""]"
legislaturas.45.senadores[81];"[""2246"", ""Tarso Dutra""]"
legislaturas.45.senadores[82];"[""2247"", ""Teotonio Vilela""]"
legislaturas.45.senadores[83];"[""2272"", ""Virgílio Távora""]"
legislaturas.45.senadores[84];"[""2283"", ""Wilson Campos""]"
legislaturas.45.senadores[85];"[""2284"", ""Wilson Gonçalves""]"
legislaturas.45.senadores[86];"[""2902"", ""Ernando Uchôa""]"
legislaturas.45.senadores[87];"[""2914"", ""Vilela de Magalhães""]"
legislaturas.45.senadores[88];"[""2949"", ""José Augusto""]"
legislaturas.45.senadores[89];"[""2964"", ""Leoni Mendonça""]"
legislaturas.45.senadores[90];"[""2998"", ""Otto Lehmann""]"
legislaturas.46.portal;95
legislaturas.46.api_uniao_dos_intervalos;139
legislaturas.46.em_ambos;95
legislaturas.46.so_api_intervalos[0];"[""89"", ""Albano Franco""]"
legislaturas.46.so_api_intervalos[1];"[""326"", ""Antônio Carlos Konder Reis""]"
legislaturas.46.so_api_intervalos[2];"[""1424"", ""Antonio Fernandes""]"
legislaturas.46.so_api_intervalos[3];"[""1496"", ""Augusto Franco""]"
legislaturas.46.so_api_intervalos[4];"[""1536"", ""Carvalho Pinto""]"
legislaturas.46.so_api_intervalos[5];"[""1548"", ""Carlos Lindenberg""]"
legislaturas.46.so_api_intervalos[6];"[""1557"", ""Celso Ramos""]"
legislaturas.46.so_api_intervalos[7];"[""1567"", ""Clodomir Millet""]"
legislaturas.46.so_api_intervalos[8];"[""1569"", ""Daniel Krieger""]"
legislaturas.46.so_api_intervalos[9];"[""1570"", ""Danton Jobim""]"
legislaturas.46.so_api_intervalos[10];"[""1582"", ""Domício Gondim""]"
legislaturas.46.so_api_intervalos[11];"[""1593"", ""Cattete Pinheiro""]"
legislaturas.46.so_api_intervalos[12];"[""1614"", ""Eurico Rezende""]"
legislaturas.46.so_api_intervalos[13];"[""1626"", ""Fausto Castelo Branco""]"
legislaturas.46.so_api_intervalos[14];"[""1632"", ""Fernando Corrêa""]"
legislaturas.46.so_api_intervalos[15];"[""1644"", ""Flávio Britto""]"
legislaturas.46.so_api_intervalos[16];"[""1648"", ""Accioly Filho""]"
legislaturas.46.so_api_intervalos[17];"[""1716"", ""Geraldo Mesquita""]"
legislaturas.46.so_api_intervalos[18];"[""1724"", ""Guido Mondin""]"
legislaturas.46.so_api_intervalos[19];"[""1726"", ""Gustavo Capanema""]"
legislaturas.46.so_api_intervalos[20];"[""1729"", ""Heitor Dias""]"
legislaturas.46.so_api_intervalos[21];"[""1753"", ""Italívio Coelho""]"
legislaturas.46.so_api_intervalos[22];"[""1785"", ""Vasconcelos Torres""]"
legislaturas.46.so_api_intervalos[23];"[""1790"", ""João Cleofas""]"
legislaturas.46.so_api_intervalos[24];"[""1798"", ""Mattos Leão""]"
legislaturas.46.so_api_intervalos[25];"[""1890"", ""José Lindoso""]"
legislaturas.46.so_api_intervalos[26];"[""1911"", ""Magalhães Pinto""]"
legislaturas.46.so_api_intervalos[27];"[""1973"", ""José Esteves""]"
legislaturas.46.so_api_intervalos[28];"[""2009"", ""Leandro Maciel""]"
legislaturas.46.so_api_intervalos[29];"[""2041"", ""Luiz de Barros""]"
legislaturas.46.so_api_intervalos[30];"[""2127"", ""Milton Trindade""]"
legislaturas.46.so_api_intervalos[31];"[""2145"", ""Ney Braga""]"
legislaturas.46.so_api_intervalos[32];"[""2162"", ""Orlando Zancaner""]"
legislaturas.46.so_api_intervalos[33];"[""2178"", ""Paulo Torres""]"
legislaturas.46.so_api_intervalos[34];"[""2180"", ""Paulo Guerra""]"
legislaturas.46.so_api_intervalos[35];"[""2228"", ""Ruy Carneiro""]"
legislaturas.46.so_api_intervalos[36];"[""2229"", ""Ruy Santos""]"
legislaturas.46.so_api_intervalos[37];"[""2272"", ""Virgílio Távora""]"
legislaturas.46.so_api_intervalos[38];"[""2283"", ""Wilson Campos""]"
legislaturas.46.so_api_intervalos[39];"[""2284"", ""Wilson Gonçalves""]"
legislaturas.46.so_api_intervalos[40];"[""2902"", ""Ernando Uchôa""]"
legislaturas.46.so_api_intervalos[41];"[""2914"", ""Vilela de Magalhães""]"
legislaturas.46.so_api_intervalos[42];"[""2949"", ""José Augusto""]"
legislaturas.46.so_api_intervalos[43];"[""2964"", ""Leoni Mendonça""]"
legislaturas.46.senadores[0];"[""2"", ""Alexandre Costa""]"
legislaturas.46.senadores[1];"[""33"", ""Humberto Lucena""]"
legislaturas.46.senadores[2];"[""47"", ""José Sarney""]"
legislaturas.46.senadores[3];"[""68"", ""Pedro Simon""]"
legislaturas.46.senadores[4];"[""346"", ""Affonso Camargo""]"
legislaturas.46.senadores[5];"[""870"", ""Franco Montoro""]"
legislaturas.46.senadores[6];"[""946"", ""Alberto Silva""]"
legislaturas.46.senadores[7];"[""1026"", ""Roberto Saturnino""]"
legislaturas.46.senadores[8];"[""1244"", ""Mauro Benevides""]"
legislaturas.46.senadores[9];"[""1357"", ""Adalberto Sena""]"
legislaturas.46.senadores[10];"[""1359"", ""Aderbal Jurema""]"
legislaturas.46.senadores[11];"[""1367"", ""Agenor Maria""]"
legislaturas.46.senadores[12];"[""1388"", ""Almir Pinto""]"
legislaturas.46.senadores[13];"[""1390"", ""Aloysio Chaves""]"
legislaturas.46.senadores[14];"[""1392"", ""Altevir Leal""]"
legislaturas.46.senadores[15];"[""1449"", ""Lomanto Júnior""]"
legislaturas.46.senadores[16];"[""1456"", ""Mendes Canale""]"
legislaturas.46.senadores[17];"[""1459"", ""Amaral Furlan""]"
legislaturas.46.senadores[18];"[""1479"", ""Arnon de Mello""]"
legislaturas.46.senadores[19];"[""1480"", ""Arnor Damiani""]"
legislaturas.46.senadores[20];"[""1508"", ""Benedito Ferreira""]"
legislaturas.46.senadores[21];"[""1510"", ""Benjamin Farah""]"
legislaturas.46.senadores[22];"[""1514"", ""Bernardino Viana""]"
legislaturas.46.senadores[23];"[""1558"", ""César Cals""]"
legislaturas.46.senadores[24];"[""1573"", ""Dinarte Mariz""]"
legislaturas.46.senadores[25];"[""1578"", ""Dirceu Cardoso""]"
legislaturas.46.senadores[26];"[""1580"", ""Dirceu Arcoverde""]"
legislaturas.46.senadores[27];"[""1602"", ""Amaral Peixoto""]"
legislaturas.46.senadores[28];"[""1612"", ""Eunice Michiles""]"
legislaturas.46.senadores[29];"[""1619"", ""Evandro Carreira""]"
legislaturas.46.senadores[30];"[""1621"", ""Evelásio Vieira""]"
legislaturas.46.senadores[31];"[""1689"", ""Leite Chaves""]"
legislaturas.46.senadores[32];"[""1705"", ""Gabriel Hermes""]"
legislaturas.46.senadores[33];"[""1711"", ""Gastão Müller""]"
legislaturas.46.senadores[34];"[""1731"", ""Helvídio Nunes""]"
legislaturas.46.senadores[35];"[""1732"", ""Henrique Santillo""]"
legislaturas.46.senadores[36];"[""1735"", ""Henrique de La Rocque""]"
legislaturas.46.senadores[37];"[""1745"", ""Hugo Ramos""]"
legislaturas.46.senadores[38];"[""1754"", ""Itamar Franco""]"
legislaturas.46.senadores[39];"[""1757"", ""Cunha Lima""]"
legislaturas.46.senadores[40];"[""1761"", ""Jaison Barreto""]"
legislaturas.46.senadores[41];"[""1764"", ""Jarbas Passarinho""]"
legislaturas.46.senadores[42];"[""1773"", ""Jessé Freire""]"
legislaturas.46.senadores[43];"[""1786"", ""João Bosco""]"
legislaturas.46.senadores[44];"[""1799"", ""João Calmon""]"
legislaturas.46.senadores[45];"[""1801"", ""Braga Júnior""]"
legislaturas.46.senadores[46];"[""1806"", ""Gilvan Rocha""]"
legislaturas.46.senadores[47];"[""1826"", ""Renato Franco""]"
legislaturas.46.senadores[48];"[""1875"", ""Jorge Kalume""]"
legislaturas.46.senadores[49];"[""1887"", ""Benedito Canellas""]"
legislaturas.46.senadores[50];"[""1914"", ""Martins Filho""]"
legislaturas.46.senadores[51];"[""1928"", ""José Guiomard""]"
legislaturas.46.senadores[52];"[""1945"", ""José Lins""]"
legislaturas.46.senadores[53];"[""1949"", ""José Fragelli""]"
legislaturas.46.senadores[54];"[""1966"", ""Passos Porto""]"
legislaturas.46.senadores[55];"[""1974"", ""José Richa""]"
legislaturas.46.senadores[56];"[""1999"", ""Jutahy Magalhães""]"
legislaturas.46.senadores[57];"[""2008"", ""Lázaro Barbosa""]"
legislaturas.46.senadores[58];"[""2011"", ""Lenoir Vargas""]"
legislaturas.46.senadores[59];"[""2019"", ""Lourival Baptista""]"
legislaturas.46.senadores[60];"[""2027"", ""Luiz Fernando Freire""]"
legislaturas.46.senadores[61];"[""2038"", ""Luiz Cavalcante""]"
legislaturas.46.senadores[62];"[""2048"", ""Luiz Viana""]"
legislaturas.46.senadores[63];"[""2105"", ""Marcos Freire""]"
legislaturas.46.senadores[64];"[""2126"", ""Milton Cabral""]"
legislaturas.46.senadores[65];"[""2129"", ""Moacyr Dalla""]"
legislaturas.46.senadores[66];"[""2130"", ""Moacyr Duarte""]"
legislaturas.46.senadores[67];"[""2134"", ""Murilo Paraíso""]"
legislaturas.46.senadores[68];"[""2135"", ""Murilo Badaró""]"
legislaturas.46.senadores[69];"[""2137"", ""Nelson Carneiro""]"
legislaturas.46.senadores[70];"[""2147"", ""Nilo Coelho""]"
legislaturas.46.senadores[71];"[""2153"", ""Octávio Cardoso""]"
legislaturas.46.senadores[72];"[""2161"", ""Orestes Quércia""]"
legislaturas.46.senadores[73];"[""2164"", ""Osires Teixeira""]"
legislaturas.46.senadores[74];"[""2166"", ""Otair Becker""]"
legislaturas.46.senadores[75];"[""2174"", ""Paulo Brossard""]"
legislaturas.46.senadores[76];"[""2196"", ""Pedro Pedrossian""]"
legislaturas.46.senadores[77];"[""2199"", ""Petrônio Portella""]"
legislaturas.46.senadores[78];"[""2203"", ""Saldanha Derzi""]"
legislaturas.46.senadores[79];"[""2206"", ""Raimundo Parente""]"
legislaturas.46.senadores[80];"[""2244"", ""Tancredo Neves""]"
legislaturas.46.senadores[81];"[""2246"", ""Tarso Dutra""]"
legislaturas.46.senadores[82];"[""2247"", ""Teotonio Vilela""]"
legislaturas.46.senadores[83];"[""2267"", ""Vicente Vuolo""]"
legislaturas.46.senadores[84];"[""2812"", ""Dulce Braga""]"
legislaturas.46.senadores[85];"[""2813"", ""Maria Syrlei""]"
legislaturas.46.senadores[86];"[""2814"", ""Laélia de Alcântara""]"
legislaturas.46.senadores[87];"[""2836"", ""Álano Barcelos""]"
legislaturas.46.senadores[88];"[""2838"", ""Alberto Lavinas""]"
legislaturas.46.senadores[89];"[""2879"", ""Dejandir Dalpasquale""]"
legislaturas.46.senadores[90];"[""2958"", ""José Caixeta""]"
legislaturas.46.senadores[91];"[""2978"", ""Ferreira Filho""]"
legislaturas.46.senadores[92];"[""2998"", ""Otto Lehmann""]"
legislaturas.46.senadores[93];"[""2999"", ""Ozires Pontes""]"
legislaturas.46.senadores[94];"[""3023"", ""Valdon Varjão""]"
legislaturas.47.portal;100
legislaturas.47.api_uniao_dos_intervalos;145
legislaturas.47.em_ambos;57
legislaturas.47.so_portal[0];"[""31"", ""Guilherme Palmeira""]"
legislaturas.47.so_portal[1];"[""45"", ""José Ignácio Ferreira""]"
legislaturas.47.so_portal[2];"[""64"", ""Odacir Soares""]"
legislaturas.47.so_portal[3];"[""86"", ""Marco Maciel""]"
legislaturas.47.so_portal[4];"[""185"", ""Bello Parga""]"
legislaturas.47.so_portal[5];"[""668"", ""João Castelo""]"
legislaturas.47.so_portal[6];"[""710"", ""Marcondes Gadelha""]"
legislaturas.47.so_portal[7];"[""945"", ""Alvaro Dias""]"
legislaturas.47.so_portal[8];"[""948"", ""Jorge Bornhausen""]"
legislaturas.47.so_portal[9];"[""1371"", ""Alcides Paio""]"
legislaturas.47.so_portal[10];"[""1538"", ""Carlos Alberto""]"
legislaturas.47.so_portal[11];"[""1539"", ""Carlos Chiarelli""]"
legislaturas.47.so_portal[12];"[""1545"", ""Carlos Lyra""]"
legislaturas.47.so_portal[13];"[""1561"", ""Cid Sampaio""]"
legislaturas.47.so_portal[14];"[""1563"", ""Claudionor Roriz""]"
legislaturas.47.so_portal[15];"[""1598"", ""Enéas Faria""]"
legislaturas.47.so_portal[16];"[""1730"", ""Hélio Gueiros""]"
legislaturas.47.so_portal[17];"[""1755"", ""Ivan Bonato""]"
legislaturas.47.so_portal[18];"[""1762"", ""Jamil Haddad""]"
legislaturas.47.so_portal[19];"[""1778"", ""Américo de Souza""]"
legislaturas.47.so_portal[20];"[""1787"", ""João Lobo""]"
legislaturas.47.so_portal[21];"[""1989"", ""José Urbano""]"
legislaturas.47.so_portal[22];"[""2102"", ""Marcelo Miranda""]"
legislaturas.47.so_portal[23];"[""2112"", ""Mário Maia""]"
legislaturas.47.so_portal[24];"[""2118"", ""Mauro Borges""]"
legislaturas.47.so_portal[25];"[""2149"", ""Nivaldo Machado""]"
legislaturas.47.so_portal[26];"[""2216"", ""Galvão Modesto""]"
legislaturas.47.so_portal[27];"[""2219"", ""Roberto Campos""]"
legislaturas.47.so_portal[28];"[""2222"", ""Roberto Wypych""]"
legislaturas.47.so_portal[29];"[""2236"", ""Severo Gomes""]"
legislaturas.47.so_portal[30];"[""2272"", ""Virgílio Távora""]"
legislaturas.47.so_portal[31];"[""2815"", ""Íris Célia""]"
legislaturas.47.so_portal[32];"[""2840"", ""Alcides Saldanha""]"
legislaturas.47.so_portal[33];"[""2846"", ""Amir Gaudêncio""]"
legislaturas.47.so_portal[34];"[""2881"", ""Derval de Paiva""]"
legislaturas.47.so_portal[35];"[""2932"", ""Heráclito Rollemberg""]"
legislaturas.47.so_portal[36];"[""2987"", ""Maurício Leite""]"
legislaturas.47.so_portal[37];"[""2992"", ""Morvan Acayaba""]"
legislaturas.47.so_portal[38];"[""3015"", ""Alaor Coutinho""]"
legislaturas.47.so_portal[39];"[""3172"", ""João Lúcio""]"
legislaturas.47.so_portal[40];"[""3212"", ""Alcides Pinto""]"
legislaturas.47.so_portal[41];"[""3234"", ""Dias Macedo""]"
legislaturas.47.so_portal[42];"[""3252"", ""Rubens Costa""]"
legislaturas.47.so_api_intervalos[0];"[""11"", ""Carlos Patrocínio""]"
legislaturas.47.so_api_intervalos[1];"[""16"", ""Edison Lobão""]"
legislaturas.47.so_api_intervalos[2];"[""28"", ""Gerson Camata""]"
legislaturas.47.so_api_intervalos[3];"[""32"", ""Hugo Napoleão""]"
legislaturas.47.so_api_intervalos[4];"[""40"", ""José Agripino""]"
legislaturas.47.so_api_intervalos[5];"[""44"", ""José Fogaça""]"
legislaturas.47.so_api_intervalos[6];"[""62"", ""Nabor Júnior""]"
legislaturas.47.so_api_intervalos[7];"[""78"", ""Teotonio Vilela Filho""]"
legislaturas.47.so_api_intervalos[8];"[""222"", ""Aluízio Bezerra""]"
legislaturas.47.so_api_intervalos[9];"[""799"", ""Lavoisier Maia""]"
legislaturas.47.so_api_intervalos[10];"[""870"", ""Franco Montoro""]"
legislaturas.47.so_api_intervalos[11];"[""1244"", ""Mauro Benevides""]"
legislaturas.47.so_api_intervalos[12];"[""1357"", ""Adalberto Sena""]"
legislaturas.47.so_api_intervalos[13];"[""1362"", ""Affonso Arinos""]"
legislaturas.47.so_api_intervalos[14];"[""1367"", ""Agenor Maria""]"
legislaturas.47.so_api_intervalos[15];"[""1387"", ""Almir Gabriel""]"
legislaturas.47.so_api_intervalos[16];"[""1413"", ""Antônio Farias""]"
legislaturas.47.so_api_intervalos[17];"[""1451"", ""Antonio Luiz Maya""]"
legislaturas.47.so_api_intervalos[18];"[""1456"", ""Mendes Canale""]"
legislaturas.47.so_api_intervalos[19];"[""1503"", ""Aureo Mello""]"
legislaturas.47.so_api_intervalos[20];"[""1510"", ""Benjamin Farah""]"
legislaturas.47.so_api_intervalos[21];"[""1514"", ""Bernardino Viana""]"
legislaturas.47.so_api_intervalos[22];"[""1537"", ""Carlos De' Carli""]"
legislaturas.47.so_api_intervalos[23];"[""1552"", ""Magno Bacelar""]"
legislaturas.47.so_api_intervalos[24];"[""1562"", ""Cid Sabóia de Carvalho""]"
legislaturas.47.so_api_intervalos[25];"[""1572"", ""Dario Pereira""]"
legislaturas.47.so_api_intervalos[26];"[""1578"", ""Dirceu Cardoso""]"
legislaturas.47.so_api_intervalos[27];"[""1579"", ""Dirceu Carneiro""]"
legislaturas.47.so_api_intervalos[28];"[""1580"", ""Dirceu Arcoverde""]"
legislaturas.47.so_api_intervalos[29];"[""1581"", ""Divaldo Suruagy""]"
legislaturas.47.so_api_intervalos[30];"[""1619"", ""Evandro Carreira""]"
legislaturas.47.so_api_intervalos[31];"[""1621"", ""Evelásio Vieira""]"
legislaturas.47.so_api_intervalos[32];"[""1657"", ""Chagas Rodrigues""]"
legislaturas.47.so_api_intervalos[33];"[""1687"", ""Francisco Rollemberg""]"
legislaturas.47.so_api_intervalos[34];"[""1689"", ""Leite Chaves""]"
legislaturas.47.so_api_intervalos[35];"[""1735"", ""Henrique de La Rocque""]"
legislaturas.47.so_api_intervalos[36];"[""1745"", ""Hugo Ramos""]"
legislaturas.47.so_api_intervalos[37];"[""1746"", ""Hydekel Freitas""]"
legislaturas.47.so_api_intervalos[38];"[""1748"", ""Iram Saraiva""]"
legislaturas.47.so_api_intervalos[39];"[""1749"", ""Irapuan Costa Júnior""]"
legislaturas.47.so_api_intervalos[40];"[""1757"", ""Cunha Lima""]"
legislaturas.47.so_api_intervalos[41];"[""1764"", ""Jarbas Passarinho""]"
legislaturas.47.so_api_intervalos[42];"[""1773"", ""Jessé Freire""]"
legislaturas.47.so_api_intervalos[43];"[""1781"", ""Meira Filho""]"
legislaturas.47.so_api_intervalos[44];"[""1786"", ""João Bosco""]"
legislaturas.47.so_api_intervalos[45];"[""1801"", ""Braga Júnior""]"
legislaturas.47.so_api_intervalos[46];"[""1806"", ""Gilvan Rocha""]"
legislaturas.47.so_api_intervalos[47];"[""1826"", ""Renato Franco""]"
legislaturas.47.so_api_intervalos[48];"[""1864"", ""Ruy Bacelar""]"
legislaturas.47.so_api_intervalos[49];"[""1952"", ""Márcio Lacerda""]"
legislaturas.47.so_api_intervalos[50];"[""1967"", ""Paulo Bisol""]"
legislaturas.47.so_api_intervalos[51];"[""1978"", ""Ronaldo Aragão""]"
legislaturas.47.so_api_intervalos[52];"[""2017"", ""Louremberg Nunes""]"
legislaturas.47.so_api_intervalos[53];"[""2027"", ""Luiz Fernando Freire""]"
legislaturas.47.so_api_intervalos[54];"[""2105"", ""Marcos Freire""]"
legislaturas.47.so_api_intervalos[55];"[""2108"", ""Mário Covas""]"
legislaturas.47.so_api_intervalos[56];"[""2117"", ""Maurício Corrêa""]"
legislaturas.47.so_api_intervalos[57];"[""2131"", ""Moisés Abrão""]"
legislaturas.47.so_api_intervalos[58];"[""2134"", ""Murilo Paraíso""]"
legislaturas.47.so_api_intervalos[59];"[""2139"", ""Nelson Wedekin""]"
legislaturas.47.so_api_intervalos[60];"[""2144"", ""Ney Maranhão""]"
legislaturas.47.so_api_intervalos[61];"[""2155"", ""Olavo Pires""]"
legislaturas.47.so_api_intervalos[62];"[""2161"", ""Orestes Quércia""]"
legislaturas.47.so_api_intervalos[63];"[""2164"", ""Osires Teixeira""]"
legislaturas.47.so_api_intervalos[64];"[""2166"", ""Otair Becker""]"
legislaturas.47.so_api_intervalos[65];"[""2174"", ""Paulo Brossard""]"
legislaturas.47.so_api_intervalos[66];"[""2190"", ""Pedro Teixeira""]"
legislaturas.47.so_api_intervalos[67];"[""2194"", ""Mansueto de Lavor""]"
legislaturas.47.so_api_intervalos[68];"[""2196"", ""Pedro Pedrossian""]"
legislaturas.47.so_api_intervalos[69];"[""2199"", ""Petrônio Portella""]"
legislaturas.47.so_api_intervalos[70];"[""2207"", ""Raimundo Lira""]"
legislaturas.47.so_api_intervalos[71];"[""2221"", ""Pompeu de Sousa""]"
legislaturas.47.so_api_intervalos[72];"[""2224"", ""Ronan Tito""]"
legislaturas.47.so_api_intervalos[73];"[""2244"", ""Tancredo Neves""]"
legislaturas.47.so_api_intervalos[74];"[""2247"", ""Teotonio Vilela""]"
legislaturas.47.so_api_intervalos[75];"[""2267"", ""Vicente Vuolo""]"
legislaturas.47.so_api_intervalos[76];"[""2282"", ""Wilson Martins""]"
legislaturas.47.so_api_intervalos[77];"[""2812"", ""Dulce Braga""]"
legislaturas.47.so_api_intervalos[78];"[""2813"", ""Maria Syrlei""]"
legislaturas.47.so_api_intervalos[79];"[""2814"", ""Laélia de Alcântara""]"
legislaturas.47.so_api_intervalos[80];"[""2836"", ""Álano Barcelos""]"
legislaturas.47.so_api_intervalos[81];"[""2879"", ""Dejandir Dalpasquale""]"
legislaturas.47.so_api_intervalos[82];"[""2937"", ""Jacques Silva""]"
legislaturas.47.so_api_intervalos[83];"[""2978"", ""Ferreira Filho""]"
legislaturas.47.so_api_intervalos[84];"[""2998"", ""Otto Lehmann""]"
legislaturas.47.so_api_intervalos[85];"[""2999"", ""Ozires Pontes""]"
legislaturas.47.so_api_intervalos[86];"[""3023"", ""Valdon Varjão""]"
legislaturas.47.so_api_intervalos[87];"[""3272"", ""Joaquim Beato""]"
legislaturas.47.senadores[0];"[""2"", ""Alexandre Costa""]"
legislaturas.47.senadores[1];"[""31"", ""Guilherme Palmeira""]"
legislaturas.47.senadores[2];"[""33"", ""Humberto Lucena""]"
legislaturas.47.senadores[3];"[""45"", ""José Ignácio Ferreira""]"
legislaturas.47.senadores[4];"[""47"", ""José Sarney""]"
legislaturas.47.senadores[5];"[""64"", ""Odacir Soares""]"
legislaturas.47.senadores[6];"[""68"", ""Pedro Simon""]"
legislaturas.47.senadores[7];"[""86"", ""Marco Maciel""]"
legislaturas.47.senadores[8];"[""89"", ""Albano Franco""]"
legislaturas.47.senadores[9];"[""185"", ""Bello Parga""]"
legislaturas.47.senadores[10];"[""346"", ""Affonso Camargo""]"
legislaturas.47.senadores[11];"[""668"", ""João Castelo""]"
legislaturas.47.senadores[12];"[""710"", ""Marcondes Gadelha""]"
legislaturas.47.senadores[13];"[""945"", ""Alvaro Dias""]"
legislaturas.47.senadores[14];"[""946"", ""Alberto Silva""]"
legislaturas.47.senadores[15];"[""948"", ""Jorge Bornhausen""]"
legislaturas.47.senadores[16];"[""1026"", ""Roberto Saturnino""]"
legislaturas.47.senadores[17];"[""1359"", ""Aderbal Jurema""]"
legislaturas.47.senadores[18];"[""1371"", ""Alcides Paio""]"
legislaturas.47.senadores[19];"[""1383"", ""Alfredo Campos""]"
legislaturas.47.senadores[20];"[""1388"", ""Almir Pinto""]"
legislaturas.47.senadores[21];"[""1390"", ""Aloysio Chaves""]"
legislaturas.47.senadores[22];"[""1392"", ""Altevir Leal""]"
legislaturas.47.senadores[23];"[""1449"", ""Lomanto Júnior""]"
legislaturas.47.senadores[24];"[""1459"", ""Amaral Furlan""]"
legislaturas.47.senadores[25];"[""1479"", ""Arnon de Mello""]"
legislaturas.47.senadores[26];"[""1480"", ""Arnor Damiani""]"
legislaturas.47.senadores[27];"[""1508"", ""Benedito Ferreira""]"
legislaturas.47.senadores[28];"[""1538"", ""Carlos Alberto""]"
legislaturas.47.senadores[29];"[""1539"", ""Carlos Chiarelli""]"
legislaturas.47.senadores[30];"[""1545"", ""Carlos Lyra""]"
legislaturas.47.senadores[31];"[""1558"", ""César Cals""]"
legislaturas.47.senadores[32];"[""1561"", ""Cid Sampaio""]"
legislaturas.47.senadores[33];"[""1563"", ""Claudionor Roriz""]"
legislaturas.47.senadores[34];"[""1573"", ""Dinarte Mariz""]"
legislaturas.47.senadores[35];"[""1598"", ""Enéas Faria""]"
legislaturas.47.senadores[36];"[""1602"", ""Amaral Peixoto""]"
legislaturas.47.senadores[37];"[""1612"", ""Eunice Michiles""]"
legislaturas.47.senadores[38];"[""1623"", ""Fábio Lucena""]"
legislaturas.47.senadores[39];"[""1634"", ""Fernando Henrique Cardoso""]"
legislaturas.47.senadores[40];"[""1705"", ""Gabriel Hermes""]"
legislaturas.47.senadores[41];"[""1711"", ""Gastão Müller""]"
legislaturas.47.senadores[42];"[""1730"", ""Hélio Gueiros""]"
legislaturas.47.senadores[43];"[""1731"", ""Helvídio Nunes""]"
legislaturas.47.senadores[44];"[""1732"", ""Henrique Santillo""]"
legislaturas.47.senadores[45];"[""1754"", ""Itamar Franco""]"
legislaturas.47.senadores[46];"[""1755"", ""Ivan Bonato""]"
legislaturas.47.senadores[47];"[""1761"", ""Jaison Barreto""]"
legislaturas.47.senadores[48];"[""1762"", ""Jamil Haddad""]"
legislaturas.47.senadores[49];"[""1778"", ""Américo de Souza""]"
legislaturas.47.senadores[50];"[""1787"", ""João Lobo""]"
legislaturas.47.senadores[51];"[""1799"", ""João Calmon""]"
legislaturas.47.senadores[52];"[""1875"", ""Jorge Kalume""]"
legislaturas.47.senadores[53];"[""1887"", ""Benedito Canellas""]"
legislaturas.47.senadores[54];"[""1914"", ""Martins Filho""]"
legislaturas.47.senadores[55];"[""1928"", ""José Guiomard""]"
legislaturas.47.senadores[56];"[""1945"", ""José Lins""]"
legislaturas.47.senadores[57];"[""1949"", ""José Fragelli""]"
legislaturas.47.senadores[58];"[""1966"", ""Passos Porto""]"
legislaturas.47.senadores[59];"[""1974"", ""José Richa""]"
legislaturas.47.senadores[60];"[""1989"", ""José Urbano""]"
legislaturas.47.senadores[61];"[""1999"", ""Jutahy Magalhães""]"
legislaturas.47.senadores[62];"[""2008"", ""Lázaro Barbosa""]"
legislaturas.47.senadores[63];"[""2011"", ""Lenoir Vargas""]"
legislaturas.47.senadores[64];"[""2019"", ""Lourival Baptista""]"
legislaturas.47.senadores[65];"[""2038"", ""Luiz Cavalcante""]"
legislaturas.47.senadores[66];"[""2048"", ""Luiz Viana""]"
legislaturas.47.senadores[67];"[""2102"", ""Marcelo Miranda""]"
legislaturas.47.senadores[68];"[""2112"", ""Mário Maia""]"
legislaturas.47.senadores[69];"[""2118"", ""Mauro Borges""]"
legislaturas.47.senadores[70];"[""2126"", ""Milton Cabral""]"
legislaturas.47.senadores[71];"[""2129"", ""Moacyr Dalla""]"
legislaturas.47.senadores[72];"[""2130"", ""Moacyr Duarte""]"
legislaturas.47.senadores[73];"[""2135"", ""Murilo Badaró""]"
legislaturas.47.senadores[74];"[""2137"", ""Nelson Carneiro""]"
legislaturas.47.senadores[75];"[""2147"", ""Nilo Coelho""]"
legislaturas.47.senadores[76];"[""2149"", ""Nivaldo Machado""]"
legislaturas.47.senadores[77];"[""2153"", ""Octávio Cardoso""]"
legislaturas.47.senadores[78];"[""2203"", ""Saldanha Derzi""]"
legislaturas.47.senadores[79];"[""2206"", ""Raimundo Parente""]"
legislaturas.47.senadores[80];"[""2216"", ""Galvão Modesto""]"
legislaturas.47.senadores[81];"[""2219"", ""Roberto Campos""]"
legislaturas.47.senadores[82];"[""2222"", ""Roberto Wypych""]"
legislaturas.47.senadores[83];"[""2236"", ""Severo Gomes""]"
legislaturas.47.senadores[84];"[""2246"", ""Tarso Dutra""]"
legislaturas.47.senadores[85];"[""2272"", ""Virgílio Távora""]"
legislaturas.47.senadores[86];"[""2815"", ""Íris Célia""]"
legislaturas.47.senadores[87];"[""2838"", ""Alberto Lavinas""]"
legislaturas.47.senadores[88];"[""2840"", ""Alcides Saldanha""]"
legislaturas.47.senadores[89];"[""2846"", ""Amir Gaudêncio""]"
legislaturas.47.senadores[90];"[""2881"", ""Derval de Paiva""]"
legislaturas.47.senadores[91];"[""2932"", ""Heráclito Rollemberg""]"
legislaturas.47.senadores[92];"[""2958"", ""José Caixeta""]"
legislaturas.47.senadores[93];"[""2987"", ""Maurício Leite""]"
legislaturas.47.senadores[94];"[""2992"", ""Morvan Acayaba""]"
legislaturas.47.senadores[95];"[""3015"", ""Alaor Coutinho""]"
legislaturas.47.senadores[96];"[""3172"", ""João Lúcio""]"
legislaturas.47.senadores[97];"[""3212"", ""Alcides Pinto""]"
legislaturas.47.senadores[98];"[""3234"", ""Dias Macedo""]"
legislaturas.47.senadores[99];"[""3252"", ""Rubens Costa""]"
legislaturas.48.portal;107
legislaturas.48.api_uniao_dos_intervalos;179
legislaturas.48.em_ambos;60
legislaturas.48.so_portal[0];"[""45"", ""José Ignácio Ferreira""]"
legislaturas.48.so_portal[1];"[""107"", ""Leopoldo Peres""]"
legislaturas.48.so_portal[2];"[""668"", ""João Castelo""]"
legislaturas.48.so_portal[3];"[""710"", ""Marcondes Gadelha""]"
legislaturas.48.so_portal[4];"[""729"", ""Luiz Piauhylino""]"
legislaturas.48.so_portal[5];"[""945"", ""Alvaro Dias""]"
legislaturas.48.so_portal[6];"[""948"", ""Jorge Bornhausen""]"
legislaturas.48.so_portal[7];"[""1025"", ""Amir Lando""]"
legislaturas.48.so_portal[8];"[""1371"", ""Alcides Paio""]"
legislaturas.48.so_portal[9];"[""1398"", ""Álvaro Pacheco""]"
legislaturas.48.so_portal[10];"[""1411"", ""Antônio Alves""]"
legislaturas.48.so_portal[11];"[""1456"", ""Mendes Canale""]"
legislaturas.48.so_portal[12];"[""1538"", ""Carlos Alberto""]"
legislaturas.48.so_portal[13];"[""1539"", ""Carlos Chiarelli""]"
legislaturas.48.so_portal[14];"[""1545"", ""Carlos Lyra""]"
legislaturas.48.so_portal[15];"[""1598"", ""Enéas Faria""]"
legislaturas.48.so_portal[16];"[""1689"", ""Leite Chaves""]"
legislaturas.48.so_portal[17];"[""1754"", ""Itamar Franco""]"
legislaturas.48.so_portal[18];"[""1755"", ""Ivan Bonato""]"
legislaturas.48.so_portal[19];"[""1762"", ""Jamil Haddad""]"
legislaturas.48.so_portal[20];"[""1787"", ""João Lobo""]"
legislaturas.48.so_portal[21];"[""1800"", ""João Menezes""]"
legislaturas.48.so_portal[22];"[""1876"", ""Afonso Sancho""]"
legislaturas.48.so_portal[23];"[""2048"", ""Luiz Viana""]"
legislaturas.48.so_portal[24];"[""2102"", ""Marcelo Miranda""]"
legislaturas.48.so_portal[25];"[""2112"", ""Mário Maia""]"
legislaturas.48.so_portal[26];"[""2118"", ""Mauro Borges""]"
legislaturas.48.so_portal[27];"[""2149"", ""Nivaldo Machado""]"
legislaturas.48.so_portal[28];"[""2169"", ""Oziel Carneiro""]"
legislaturas.48.so_portal[29];"[""2219"", ""Roberto Campos""]"
legislaturas.48.so_portal[30];"[""2236"", ""Severo Gomes""]"
legislaturas.48.so_portal[31];"[""2272"", ""Virgílio Távora""]"
legislaturas.48.so_portal[32];"[""2816"", ""Alacoque Bezerra""]"
legislaturas.48.so_portal[33];"[""2837"", ""Alberto Hoffmann""]"
legislaturas.48.so_portal[34];"[""2886"", ""Matta Machado""]"
legislaturas.48.so_portal[35];"[""2935"", ""Hugo Gontijo""]"
legislaturas.48.so_portal[36];"[""2941"", ""João Lyra""]"
legislaturas.48.so_portal[37];"[""2944"", ""João Nascimento""]"
legislaturas.48.so_portal[38];"[""2977"", ""Luiz Viana Neto""]"
legislaturas.48.so_portal[39];"[""2982"", ""Márcio Berezoski""]"
legislaturas.48.so_portal[40];"[""2983"", ""Marcos Mendonça""]"
legislaturas.48.so_portal[41];"[""2987"", ""Maurício Leite""]"
legislaturas.48.so_portal[42];"[""2988"", ""Gonzaga Jaime""]"
legislaturas.48.so_portal[43];"[""3016"", ""Rubens Vilar""]"
legislaturas.48.so_portal[44];"[""3019"", ""Sílvio Name""]"
legislaturas.48.so_portal[45];"[""3212"", ""Alcides Pinto""]"
legislaturas.48.so_portal[46];"[""3635"", ""Gomes Carvalho""]"
legislaturas.48.so_api_intervalos[0];"[""8"", ""Beni Veras""]"
legislaturas.48.so_api_intervalos[1];"[""14"", ""Coutinho Jorge""]"
legislaturas.48.so_api_intervalos[2];"[""15"", ""Darcy Ribeiro""]"
legislaturas.48.so_api_intervalos[3];"[""17"", ""Eduardo Suplicy""]"
legislaturas.48.so_api_intervalos[4];"[""18"", ""Elcio Alvares""]"
legislaturas.48.so_api_intervalos[5];"[""20"", ""Epitácio Cafeteira""]"
legislaturas.48.so_api_intervalos[6];"[""22"", ""Esperidião Amin""]"
legislaturas.48.so_api_intervalos[7];"[""24"", ""Flaviano Melo""]"
legislaturas.48.so_api_intervalos[8];"[""37"", ""Joel de Hollanda""]"
legislaturas.48.so_api_intervalos[9];"[""39"", ""Josaphat Marinho""]"
legislaturas.48.so_api_intervalos[10];"[""41"", ""José Alves""]"
legislaturas.48.so_api_intervalos[11];"[""47"", ""José Sarney""]"
legislaturas.48.so_api_intervalos[12];"[""48"", ""João França""]"
legislaturas.48.so_api_intervalos[13];"[""49"", ""João Rocha""]"
legislaturas.48.so_api_intervalos[14];"[""50"", ""Júlio Campos""]"
legislaturas.48.so_api_intervalos[15];"[""51"", ""Junia Marise""]"
legislaturas.48.so_api_intervalos[16];"[""54"", ""Levy Dias""]"
legislaturas.48.so_api_intervalos[17];"[""55"", ""Lucídio Portella""]"
legislaturas.48.so_api_intervalos[18];"[""56"", ""Luís Alberto de Oliveira""]"
legislaturas.48.so_api_intervalos[19];"[""60"", ""Marluce Pinto""]"
legislaturas.48.so_api_intervalos[20];"[""65"", ""Onofre Quinan""]"
legislaturas.48.so_api_intervalos[21];"[""68"", ""Pedro Simon""]"
legislaturas.48.so_api_intervalos[22];"[""79"", ""Valmir Campelo""]"
legislaturas.48.so_api_intervalos[23];"[""82"", ""Amazonino Mendes""]"
legislaturas.48.so_api_intervalos[24];"[""84"", ""Antonio Mariz""]"
legislaturas.48.so_api_intervalos[25];"[""85"", ""José Eduardo""]"
legislaturas.48.so_api_intervalos[26];"[""87"", ""Garibaldi Alves Filho""]"
legislaturas.48.so_api_intervalos[27];"[""88"", ""César Dias""]"
legislaturas.48.so_api_intervalos[28];"[""94"", ""Telmo Vieira""]"
legislaturas.48.so_api_intervalos[29];"[""95"", ""Airton Chaves Rocha""]"
legislaturas.48.so_api_intervalos[30];"[""98"", ""Alcides Falcão""]"
legislaturas.48.so_api_intervalos[31];"[""99"", ""Dalmácio Lúcio""]"
legislaturas.48.so_api_intervalos[32];"[""102"", ""Paulo Guerra""]"
legislaturas.48.so_api_intervalos[33];"[""103"", ""Marcos Rocha de Andrade""]"
legislaturas.48.so_api_intervalos[34];"[""106"", ""João Oliveira Itapary""]"
legislaturas.48.so_api_intervalos[35];"[""108"", ""Raimundo Vieira da Silva Lisboa""]"
legislaturas.48.so_api_intervalos[36];"[""112"", ""David Ruas""]"
legislaturas.48.so_api_intervalos[37];"[""114"", ""Zanete Cardinal""]"
legislaturas.48.so_api_intervalos[38];"[""115"", ""Antonio Kato""]"
legislaturas.48.so_api_intervalos[39];"[""123"", ""Aires Marques""]"
legislaturas.48.so_api_intervalos[40];"[""124"", ""Albino Mendes""]"
legislaturas.48.so_api_intervalos[41];"[""125"", ""Francisco Benjamim""]"
legislaturas.48.so_api_intervalos[42];"[""126"", ""Archimedes Pedreira Franco""]"
legislaturas.48.so_api_intervalos[43];"[""129"", ""Roberto Faria de Medeiros""]"
legislaturas.48.so_api_intervalos[44];"[""131"", ""Afrânio Augusto Figueiredo""]"
legislaturas.48.so_api_intervalos[45];"[""136"", ""Juvêncio Dias""]"
legislaturas.48.so_api_intervalos[46];"[""137"", ""Donato Cardoso""]"
legislaturas.48.so_api_intervalos[47];"[""139"", ""Reginaldo Duarte""]"
legislaturas.48.so_api_intervalos[48];"[""141"", ""Juarez Leitão""]"
legislaturas.48.so_api_intervalos[49];"[""145"", ""Péricles Vilhena""]"
legislaturas.48.so_api_intervalos[50];"[""146"", ""Leonel Paiva""]"
legislaturas.48.so_api_intervalos[51];"[""149"", ""Heitor Reis""]"
legislaturas.48.so_api_intervalos[52];"[""152"", ""Jorge Mathias Júnior""]"
legislaturas.48.so_api_intervalos[53];"[""157"", ""Artur Valente""]"
legislaturas.48.so_api_intervalos[54];"[""161"", ""Jonice Tristão""]"
legislaturas.48.so_api_intervalos[55];"[""164"", ""Aquiles Nogueira""]"
legislaturas.48.so_api_intervalos[56];"[""165"", ""Jackson Nogueira""]"
legislaturas.48.so_api_intervalos[57];"[""167"", ""Doutel de Andrade""]"
legislaturas.48.so_api_intervalos[58];"[""168"", ""Abdias Nascimento""]"
legislaturas.48.so_api_intervalos[59];"[""172"", ""Nathanias Ribeiro V. Shosten""]"
legislaturas.48.so_api_intervalos[60];"[""173"", ""Lúcio Messan""]"
legislaturas.48.so_api_intervalos[61];"[""180"", ""Leonidas Rangel Xausa""]"
legislaturas.48.so_api_intervalos[62];"[""181"", ""José Saad""]"
legislaturas.48.so_api_intervalos[63];"[""182"", ""Luiza Maria da Silveira Marques""]"
legislaturas.48.so_api_intervalos[64];"[""183"", ""José Batista Neto""]"
legislaturas.48.so_api_intervalos[65];"[""187"", ""Victor Sadek Filho""]"
legislaturas.48.so_api_intervalos[66];"[""188"", ""Berenice Luz da Silva""]"
legislaturas.48.so_api_intervalos[67];"[""192"", ""Claudomiro Lima Pinheiro""]"
legislaturas.48.so_api_intervalos[68];"[""194"", ""Hélio Campos""]"
legislaturas.48.so_api_intervalos[69];"[""197"", ""Dilso Cechin""]"
legislaturas.48.so_api_intervalos[70];"[""198"", ""Sandra Guidi""]"
legislaturas.48.so_api_intervalos[71];"[""202"", ""João Felício""]"
legislaturas.48.so_api_intervalos[72];"[""203"", ""Dulce Pereira Cardoso""]"
legislaturas.48.so_api_intervalos[73];"[""205"", ""Eraldo Machado de Lemos""]"
legislaturas.48.so_api_intervalos[74];"[""208"", ""Benedito Aparecido da Silva""]"
legislaturas.48.so_api_intervalos[75];"[""946"", ""Alberto Silva""]"
legislaturas.48.so_api_intervalos[76];"[""1359"", ""Aderbal Jurema""]"
legislaturas.48.so_api_intervalos[77];"[""1388"", ""Almir Pinto""]"
legislaturas.48.so_api_intervalos[78];"[""1390"", ""Aloysio Chaves""]"
legislaturas.48.so_api_intervalos[79];"[""1449"", ""Lomanto Júnior""]"
legislaturas.48.so_api_intervalos[80];"[""1459"", ""Amaral Furlan""]"
legislaturas.48.so_api_intervalos[81];"[""1479"", ""Arnon de Mello""]"
legislaturas.48.so_api_intervalos[82];"[""1480"", ""Arnor Damiani""]"
legislaturas.48.so_api_intervalos[83];"[""1508"", ""Benedito Ferreira""]"
legislaturas.48.so_api_intervalos[84];"[""1552"", ""Magno Bacelar""]"
legislaturas.48.so_api_intervalos[85];"[""1558"", ""César Cals""]"
legislaturas.48.so_api_intervalos[86];"[""1572"", ""Dario Pereira""]"
legislaturas.48.so_api_intervalos[87];"[""1573"", ""Dinarte Mariz""]"
legislaturas.48.so_api_intervalos[88];"[""1602"", ""Amaral Peixoto""]"
legislaturas.48.so_api_intervalos[89];"[""1612"", ""Eunice Michiles""]"
legislaturas.48.so_api_intervalos[90];"[""1705"", ""Gabriel Hermes""]"
legislaturas.48.so_api_intervalos[91];"[""1711"", ""Gastão Müller""]"
legislaturas.48.so_api_intervalos[92];"[""1731"", ""Helvídio Nunes""]"
legislaturas.48.so_api_intervalos[93];"[""1732"", ""Henrique Santillo""]"
legislaturas.48.so_api_intervalos[94];"[""1737"", ""Henrique Almeida""]"
legislaturas.48.so_api_intervalos[95];"[""1761"", ""Jaison Barreto""]"
legislaturas.48.so_api_intervalos[96];"[""1869"", ""Jonas Pinheiro""]"
legislaturas.48.so_api_intervalos[97];"[""1875"", ""Jorge Kalume""]"
legislaturas.48.so_api_intervalos[98];"[""1887"", ""Benedito Canellas""]"
legislaturas.48.so_api_intervalos[99];"[""1914"", ""Martins Filho""]"
legislaturas.48.so_api_intervalos[100];"[""1928"", ""José Guiomard""]"
legislaturas.48.so_api_intervalos[101];"[""1945"", ""José Lins""]"
legislaturas.48.so_api_intervalos[102];"[""1949"", ""José Fragelli""]"
legislaturas.48.so_api_intervalos[103];"[""1966"", ""Passos Porto""]"
legislaturas.48.so_api_intervalos[104];"[""2011"", ""Lenoir Vargas""]"
legislaturas.48.so_api_intervalos[105];"[""2038"", ""Luiz Cavalcante""]"
legislaturas.48.so_api_intervalos[106];"[""2126"", ""Milton Cabral""]"
legislaturas.48.so_api_intervalos[107];"[""2129"", ""Moacyr Dalla""]"
legislaturas.48.so_api_intervalos[108];"[""2130"", ""Moacyr Duarte""]"
legislaturas.48.so_api_intervalos[109];"[""2135"", ""Murilo Badaró""]"
legislaturas.48.so_api_intervalos[110];"[""2147"", ""Nilo Coelho""]"
legislaturas.48.so_api_intervalos[111];"[""2153"", ""Octávio Cardoso""]"
legislaturas.48.so_api_intervalos[112];"[""2190"", ""Pedro Teixeira""]"
legislaturas.48.so_api_intervalos[113];"[""2206"", ""Raimundo Parente""]"
legislaturas.48.so_api_intervalos[114];"[""2246"", ""Tarso Dutra""]"
legislaturas.48.so_api_intervalos[115];"[""2838"", ""Alberto Lavinas""]"
legislaturas.48.so_api_intervalos[116];"[""2937"", ""Jacques Silva""]"
legislaturas.48.so_api_intervalos[117];"[""2958"", ""José Caixeta""]"
legislaturas.48.so_api_intervalos[118];"[""3272"", ""Joaquim Beato""]"
legislaturas.48.senadores[0];"[""2"", ""Alexandre Costa""]"
legislaturas.48.senadores[1];"[""11"", ""Carlos Patrocínio""]"
legislaturas.48.senadores[2];"[""16"", ""Edison Lobão""]"
legislaturas.48.senadores[3];"[""28"", ""Gerson Camata""]"
legislaturas.48.senadores[4];"[""29"", ""Gilberto Miranda""]"
legislaturas.48.senadores[5];"[""31"", ""Guilherme Palmeira""]"
legislaturas.48.senadores[6];"[""32"", ""Hugo Napoleão""]"
legislaturas.48.senadores[7];"[""33"", ""Humberto Lucena""]"
legislaturas.48.senadores[8];"[""40"", ""José Agripino""]"
legislaturas.48.senadores[9];"[""44"", ""José Fogaça""]"
legislaturas.48.senadores[10];"[""45"", ""José Ignácio Ferreira""]"
legislaturas.48.senadores[11];"[""62"", ""Nabor Júnior""]"
legislaturas.48.senadores[12];"[""64"", ""Odacir Soares""]"
legislaturas.48.senadores[13];"[""78"", ""Teotonio Vilela Filho""]"
legislaturas.48.senadores[14];"[""86"", ""Marco Maciel""]"
legislaturas.48.senadores[15];"[""89"", ""Albano Franco""]"
legislaturas.48.senadores[16];"[""107"", ""Leopoldo Peres""]"
legislaturas.48.senadores[17];"[""222"", ""Aluízio Bezerra""]"
legislaturas.48.senadores[18];"[""346"", ""Affonso Camargo""]"
legislaturas.48.senadores[19];"[""668"", ""João Castelo""]"
legislaturas.48.senadores[20];"[""710"", ""Marcondes Gadelha""]"
legislaturas.48.senadores[21];"[""729"", ""Luiz Piauhylino""]"
legislaturas.48.senadores[22];"[""799"", ""Lavoisier Maia""]"
legislaturas.48.senadores[23];"[""945"", ""Alvaro Dias""]"
legislaturas.48.senadores[24];"[""948"", ""Jorge Bornhausen""]"
legislaturas.48.senadores[25];"[""1025"", ""Amir Lando""]"
legislaturas.48.senadores[26];"[""1244"", ""Mauro Benevides""]"
legislaturas.48.senadores[27];"[""1362"", ""Affonso Arinos""]"
legislaturas.48.senadores[28];"[""1371"", ""Alcides Paio""]"
legislaturas.48.senadores[29];"[""1383"", ""Alfredo Campos""]"
legislaturas.48.senadores[30];"[""1387"", ""Almir Gabriel""]"
legislaturas.48.senadores[31];"[""1398"", ""Álvaro Pacheco""]"
legislaturas.48.senadores[32];"[""1411"", ""Antônio Alves""]"
legislaturas.48.senadores[33];"[""1413"", ""Antônio Farias""]"
legislaturas.48.senadores[34];"[""1451"", ""Antonio Luiz Maya""]"
legislaturas.48.senadores[35];"[""1456"", ""Mendes Canale""]"
legislaturas.48.senadores[36];"[""1503"", ""Aureo Mello""]"
legislaturas.48.senadores[37];"[""1537"", ""Carlos De' Carli""]"
legislaturas.48.senadores[38];"[""1538"", ""Carlos Alberto""]"
legislaturas.48.senadores[39];"[""1539"", ""Carlos Chiarelli""]"
legislaturas.48.senadores[40];"[""1545"", ""Carlos Lyra""]"
legislaturas.48.senadores[41];"[""1562"", ""Cid Sabóia de Carvalho""]"
legislaturas.48.senadores[42];"[""1579"", ""Dirceu Carneiro""]"
legislaturas.48.senadores[43];"[""1581"", ""Divaldo Suruagy""]"
legislaturas.48.senadores[44];"[""1598"", ""Enéas Faria""]"
legislaturas.48.senadores[45];"[""1623"", ""Fábio Lucena""]"
legislaturas.48.senadores[46];"[""1634"", ""Fernando Henrique Cardoso""]"
legislaturas.48.senadores[47];"[""1657"", ""Chagas Rodrigues""]"
legislaturas.48.senadores[48];"[""1687"", ""Francisco Rollemberg""]"
legislaturas.48.senadores[49];"[""1689"", ""Leite Chaves""]"
legislaturas.48.senadores[50];"[""1746"", ""Hydekel Freitas""]"
legislaturas.48.senadores[51];"[""1748"", ""Iram Saraiva""]"
legislaturas.48.senadores[52];"[""1749"", ""Irapuan Costa Júnior""]"
legislaturas.48.senadores[53];"[""1754"", ""Itamar Franco""]"
legislaturas.48.senadores[54];"[""1755"", ""Ivan Bonato""]"
legislaturas.48.senadores[55];"[""1762"", ""Jamil Haddad""]"
legislaturas.48.senadores[56];"[""1764"", ""Jarbas Passarinho""]"
legislaturas.48.senadores[57];"[""1781"", ""Meira Filho""]"
legislaturas.48.senadores[58];"[""1787"", ""João Lobo""]"
legislaturas.48.senadores[59];"[""1799"", ""João Calmon""]"
legislaturas.48.senadores[60];"[""1800"", ""João Menezes""]"
legislaturas.48.senadores[61];"[""1864"", ""Ruy Bacelar""]"
legislaturas.48.senadores[62];"[""1876"", ""Afonso Sancho""]"
legislaturas.48.senadores[63];"[""1952"", ""Márcio Lacerda""]"
legislaturas.48.senadores[64];"[""1967"", ""Paulo Bisol""]"
legislaturas.48.senadores[65];"[""1974"", ""José Richa""]"
legislaturas.48.senadores[66];"[""1978"", ""Ronaldo Aragão""]"
legislaturas.48.senadores[67];"[""1999"", ""Jutahy Magalhães""]"
legislaturas.48.senadores[68];"[""2017"", ""Louremberg Nunes""]"
legislaturas.48.senadores[69];"[""2019"", ""Lourival Baptista""]"
legislaturas.48.senadores[70];"[""2048"", ""Luiz Viana""]"
legislaturas.48.senadores[71];"[""2102"", ""Marcelo Miranda""]"
legislaturas.48.senadores[72];"[""2108"", ""Mário Covas""]"
legislaturas.48.senadores[73];"[""2112"", ""Mário Maia""]"
legislaturas.48.senadores[74];"[""2117"", ""Maurício Corrêa""]"
legislaturas.48.senadores[75];"[""2118"", ""Mauro Borges""]"
legislaturas.48.senadores[76];"[""2131"", ""Moisés Abrão""]"
legislaturas.48.senadores[77];"[""2137"", ""Nelson Carneiro""]"
legislaturas.48.senadores[78];"[""2139"", ""Nelson Wedekin""]"
legislaturas.48.senadores[79];"[""2144"", ""Ney Maranhão""]"
legislaturas.48.senadores[80];"[""2149"", ""Nivaldo Machado""]"
legislaturas.48.senadores[81];"[""2155"", ""Olavo Pires""]"
legislaturas.48.senadores[82];"[""2169"", ""Oziel Carneiro""]"
legislaturas.48.senadores[83];"[""2194"", ""Mansueto de Lavor""]"
legislaturas.48.senadores[84];"[""2203"", ""Saldanha Derzi""]"
legislaturas.48.senadores[85];"[""2207"", ""Raimundo Lira""]"
legislaturas.48.senadores[86];"[""2219"", ""Roberto Campos""]"
legislaturas.48.senadores[87];"[""2221"", ""Pompeu de Sousa""]"
legislaturas.48.senadores[88];"[""2224"", ""Ronan Tito""]"
legislaturas.48.senadores[89];"[""2236"", ""Severo Gomes""]"
legislaturas.48.senadores[90];"[""2272"", ""Virgílio Távora""]"
legislaturas.48.senadores[91];"[""2282"", ""Wilson Martins""]"
legislaturas.48.senadores[92];"[""2816"", ""Alacoque Bezerra""]"
legislaturas.48.senadores[93];"[""2837"", ""Alberto Hoffmann""]"
legislaturas.48.senadores[94];"[""2886"", ""Matta Machado""]"
legislaturas.48.senadores[95];"[""2935"", ""Hugo Gontijo""]"
legislaturas.48.senadores[96];"[""2941"", ""João Lyra""]"
legislaturas.48.senadores[97];"[""2944"", ""João Nascimento""]"
legislaturas.48.senadores[98];"[""2977"", ""Luiz Viana Neto""]"
legislaturas.48.senadores[99];"[""2982"", ""Márcio Berezoski""]"
legislaturas.48.senadores[100];"[""2983"", ""Marcos Mendonça""]"
legislaturas.48.senadores[101];"[""2987"", ""Maurício Leite""]"
legislaturas.48.senadores[102];"[""2988"", ""Gonzaga Jaime""]"
legislaturas.48.senadores[103];"[""3016"", ""Rubens Vilar""]"
legislaturas.48.senadores[104];"[""3019"", ""Sílvio Name""]"
legislaturas.48.senadores[105];"[""3212"", ""Alcides Pinto""]"
legislaturas.48.senadores[106];"[""3635"", ""Gomes Carvalho""]"
legislaturas.49.portal;121
legislaturas.49.api_uniao_dos_intervalos;268
legislaturas.49.em_ambos;109
legislaturas.49.so_portal[0];"[""23"", ""Fernando Bezerra""]"
legislaturas.49.so_portal[1];"[""63"", ""Ney Suassuna""]"
legislaturas.49.so_portal[2];"[""948"", ""Jorge Bornhausen""]"
legislaturas.49.so_portal[3];"[""1398"", ""Álvaro Pacheco""]"
legislaturas.49.so_portal[4];"[""1411"", ""Antônio Alves""]"
legislaturas.49.so_portal[5];"[""1542"", ""Carlos de Carli""]"
legislaturas.49.so_portal[6];"[""1598"", ""Enéas Faria""]"
legislaturas.49.so_portal[7];"[""1618"", ""Eva Blay""]"
legislaturas.49.so_portal[8];"[""1689"", ""Leite Chaves""]"
legislaturas.49.so_portal[9];"[""2169"", ""Oziel Carneiro""]"
legislaturas.49.so_portal[10];"[""3233"", ""Airton Oliveira""]"
legislaturas.49.so_portal[11];"[""4112"", ""José Pedro""]"
legislaturas.49.so_api_intervalos[0];"[""1"", ""Ademir Andrade""]"
legislaturas.49.so_api_intervalos[1];"[""3"", ""Antonio Carlos Valadares""]"
legislaturas.49.so_api_intervalos[2];"[""4"", ""Antonio Carlos Magalhães""]"
legislaturas.49.so_api_intervalos[3];"[""5"", ""Arlindo Porto""]"
legislaturas.49.so_api_intervalos[4];"[""6"", ""Artur da Tavola""]"
legislaturas.49.so_api_intervalos[5];"[""7"", ""Benedita da Silva""]"
legislaturas.49.so_api_intervalos[6];"[""9"", ""Bernardo Cabral""]"
legislaturas.49.so_api_intervalos[7];"[""10"", ""Carlos Bezerra""]"
legislaturas.49.so_api_intervalos[8];"[""12"", ""Carlos Wilson""]"
legislaturas.49.so_api_intervalos[9];"[""13"", ""Casildo Maldaner""]"
legislaturas.49.so_api_intervalos[10];"[""19"", ""Emília Fernandes""]"
legislaturas.49.so_api_intervalos[11];"[""21"", ""Ernandes Amorim""]"
legislaturas.49.so_api_intervalos[12];"[""25"", ""Francelino Pereira""]"
legislaturas.49.so_api_intervalos[13];"[""26"", ""Freitas Neto""]"
legislaturas.49.so_api_intervalos[14];"[""27"", ""Geraldo Melo""]"
legislaturas.49.so_api_intervalos[15];"[""30"", ""Gilvam Borges""]"
legislaturas.49.so_api_intervalos[16];"[""34"", ""Iris Rezende""]"
legislaturas.49.so_api_intervalos[17];"[""35"", ""Jader Barbalho""]"
legislaturas.49.so_api_intervalos[18];"[""36"", ""Jefferson Peres""]"
legislaturas.49.so_api_intervalos[19];"[""38"", ""Jonas Pinheiro""]"
legislaturas.49.so_api_intervalos[20];"[""42"", ""José Bianco""]"
legislaturas.49.so_api_intervalos[21];"[""43"", ""José Eduardo Dutra""]"
legislaturas.49.so_api_intervalos[22];"[""45"", ""José Ignácio Ferreira""]"
legislaturas.49.so_api_intervalos[23];"[""46"", ""José Roberto Arruda""]"
legislaturas.49.so_api_intervalos[24];"[""52"", ""Lauro Campos""]"
legislaturas.49.so_api_intervalos[25];"[""53"", ""Leomar Quintanilha""]"
legislaturas.49.so_api_intervalos[26];"[""57"", ""Lúcio Alcântara""]"
legislaturas.49.so_api_intervalos[27];"[""58"", ""Lúdio Coelho""]"
legislaturas.49.so_api_intervalos[28];"[""59"", ""Marina Silva""]"
legislaturas.49.so_api_intervalos[29];"[""61"", ""Mauro Miranda""]"
legislaturas.49.so_api_intervalos[30];"[""66"", ""Osmar Dias""]"
legislaturas.49.so_api_intervalos[31];"[""67"", ""Pedro Piva""]"
legislaturas.49.so_api_intervalos[32];"[""69"", ""Ramez Tebet""]"
legislaturas.49.so_api_intervalos[33];"[""70"", ""Renan Calheiros""]"
legislaturas.49.so_api_intervalos[34];"[""71"", ""Roberto Freire""]"
legislaturas.49.so_api_intervalos[35];"[""72"", ""Roberto Requião""]"
legislaturas.49.so_api_intervalos[36];"[""73"", ""Romero Jucá""]"
legislaturas.49.so_api_intervalos[37];"[""74"", ""Romeu Tuma""]"
legislaturas.49.so_api_intervalos[38];"[""75"", ""Ronaldo Cunha Lima""]"
legislaturas.49.so_api_intervalos[39];"[""76"", ""Sebastião Bala Rocha""]"
legislaturas.49.so_api_intervalos[40];"[""77"", ""Sérgio Machado""]"
legislaturas.49.so_api_intervalos[41];"[""80"", ""Vilson Kleinübing""]"
legislaturas.49.so_api_intervalos[42];"[""81"", ""Waldeck Ornelas""]"
legislaturas.49.so_api_intervalos[43];"[""90"", ""José Serra""]"
legislaturas.49.so_api_intervalos[44];"[""91"", ""Júlio Eduardo""]"
legislaturas.49.so_api_intervalos[45];"[""92"", ""Armando Dantas do Nascimento""]"
legislaturas.49.so_api_intervalos[46];"[""93"", ""Raimundo Lopes de Mélo""]"
legislaturas.49.so_api_intervalos[47];"[""95"", ""Airton Chaves Rocha""]"
legislaturas.49.so_api_intervalos[48];"[""96"", ""Djalma Falcão""]"
legislaturas.49.so_api_intervalos[49];"[""97"", ""Geraldo Lessa""]"
legislaturas.49.so_api_intervalos[50];"[""99"", ""Dalmácio Lúcio""]"
legislaturas.49.so_api_intervalos[51];"[""100"", ""Roseni das Graças Silva Soares""]"
legislaturas.49.so_api_intervalos[52];"[""101"", ""Maria Benigna Jucá""]"
legislaturas.49.so_api_intervalos[53];"[""103"", ""Marcos Rocha de Andrade""]"
legislaturas.49.so_api_intervalos[54];"[""104"", ""José de Sousa Teixeira""]"
legislaturas.49.so_api_intervalos[55];"[""105"", ""Marcos Guerra""]"
legislaturas.49.so_api_intervalos[56];"[""106"", ""João Oliveira Itapary""]"
legislaturas.49.so_api_intervalos[57];"[""107"", ""Leopoldo Peres""]"
legislaturas.49.so_api_intervalos[58];"[""108"", ""Raimundo Vieira da Silva Lisboa""]"
legislaturas.49.so_api_intervalos[59];"[""109"", ""Edson Gomes da Silva""]"
legislaturas.49.so_api_intervalos[60];"[""110"", ""Eloi Almeida""]"
legislaturas.49.so_api_intervalos[61];"[""112"", ""David Ruas""]"
legislaturas.49.so_api_intervalos[62];"[""113"", ""Vicente da Riva""]"
legislaturas.49.so_api_intervalos[63];"[""115"", ""Antonio Kato""]"
legislaturas.49.so_api_intervalos[64];"[""116"", ""Jorge Haddad""]"
legislaturas.49.so_api_intervalos[65];"[""117"", ""Sandro Fabi""]"
legislaturas.49.so_api_intervalos[66];"[""118"", ""Antonio Carlos Júnior""]"
legislaturas.49.so_api_intervalos[67];"[""119"", ""Pedro Paulo""]"
legislaturas.49.so_api_intervalos[68];"[""120"", ""Djalma Bessa""]"
legislaturas.49.so_api_intervalos[69];"[""121"", ""Pedro Ubirajara""]"
legislaturas.49.so_api_intervalos[70];"[""122"", ""Gabriel Nunes""]"
legislaturas.49.so_api_intervalos[71];"[""123"", ""Aires Marques""]"
legislaturas.49.so_api_intervalos[72];"[""124"", ""Albino Mendes""]"
legislaturas.49.so_api_intervalos[73];"[""126"", ""Archimedes Pedreira Franco""]"
legislaturas.49.so_api_intervalos[74];"[""127"", ""Luiz Girão""]"
legislaturas.49.so_api_intervalos[75];"[""128"", ""Regina Assumpção""]"
legislaturas.49.so_api_intervalos[76];"[""129"", ""Roberto Faria de Medeiros""]"
legislaturas.49.so_api_intervalos[77];"[""131"", ""Afrânio Augusto Figueiredo""]"
legislaturas.49.so_api_intervalos[78];"[""132"", ""João Augusto O. Figueiredo""]"
legislaturas.49.so_api_intervalos[79];"[""133"", ""José Lino da Silveira Filho""]"
legislaturas.49.so_api_intervalos[80];"[""134"", ""Orlando Dordallo Júnior""]"
legislaturas.49.so_api_intervalos[81];"[""135"", ""Laércio Barbalho""]"
legislaturas.49.so_api_intervalos[82];"[""137"", ""Donato Cardoso""]"
legislaturas.49.so_api_intervalos[83];"[""138"", ""Esmerino Arruda""]"
legislaturas.49.so_api_intervalos[84];"[""140"", ""Wellington Roberto""]"
legislaturas.49.so_api_intervalos[85];"[""141"", ""Juarez Leitão""]"
legislaturas.49.so_api_intervalos[86];"[""142"", ""Renato Cunha Lima""]"
legislaturas.49.so_api_intervalos[87];"[""143"", ""Silva Júnior""]"
legislaturas.49.so_api_intervalos[88];"[""144"", ""Ulisses Riedel""]"
legislaturas.49.so_api_intervalos[89];"[""145"", ""Péricles Vilhena""]"
legislaturas.49.so_api_intervalos[90];"[""147"", ""Wagner Bustolo Pacheco""]"
legislaturas.49.so_api_intervalos[91];"[""148"", ""Pedro Segundo Seleme""]"
legislaturas.49.so_api_intervalos[92];"[""149"", ""Heitor Reis""]"
legislaturas.49.so_api_intervalos[93];"[""150"", ""Nivaldo Krüger""]"
legislaturas.49.so_api_intervalos[94];"[""151"", ""Luiz Pastore""]"
legislaturas.49.so_api_intervalos[95];"[""152"", ""Jorge Mathias Júnior""]"
legislaturas.49.so_api_intervalos[96];"[""153"", ""José Luiz de Souza""]"
legislaturas.49.so_api_intervalos[97];"[""154"", ""Clodoaldo Torres""]"
legislaturas.49.so_api_intervalos[98];"[""155"", ""Waldemar Borges Rodrigues""]"
legislaturas.49.so_api_intervalos[99];"[""156"", ""Ricardo Santos""]"
legislaturas.49.so_api_intervalos[100];"[""157"", ""Artur Valente""]"
legislaturas.49.so_api_intervalos[101];"[""158"", ""Luzia Toledo""]"
legislaturas.49.so_api_intervalos[102];"[""159"", ""Elói Portela""]"
legislaturas.49.so_api_intervalos[103];"[""160"", ""Manoel Lira Parente""]"
legislaturas.49.so_api_intervalos[104];"[""162"", ""Benício Sampaio""]"
legislaturas.49.so_api_intervalos[105];"[""163"", ""Antônio Rufino""]"
legislaturas.49.so_api_intervalos[106];"[""164"", ""Aquiles Nogueira""]"
legislaturas.49.so_api_intervalos[107];"[""165"", ""Jackson Nogueira""]"
legislaturas.49.so_api_intervalos[108];"[""166"", ""Nilo Teixeira Campos""]"
legislaturas.49.so_api_intervalos[109];"[""167"", ""Doutel de Andrade""]"
legislaturas.49.so_api_intervalos[110];"[""169"", ""Manoel Torres de Araújo""]"
legislaturas.49.so_api_intervalos[111];"[""170"", ""Aroldo Azevedo""]"
legislaturas.49.so_api_intervalos[112];"[""171"", ""Janilson Ferreira""]"
legislaturas.49.so_api_intervalos[113];"[""172"", ""Nathanias Ribeiro V. Shosten""]"
legislaturas.49.so_api_intervalos[114];"[""173"", ""Lúcio Messan""]"
legislaturas.49.so_api_intervalos[115];"[""174"", ""Luiz Tirello""]"
legislaturas.49.so_api_intervalos[116];"[""175"", ""Otoniel Machado""]"
legislaturas.49.so_api_intervalos[117];"[""176"", ""Edir Domeneghini""]"
legislaturas.49.so_api_intervalos[118];"[""178"", ""Guerino Pizone""]"
legislaturas.49.so_api_intervalos[119];"[""179"", ""Flávio Bernardo Jeckel""]"
legislaturas.49.so_api_intervalos[120];"[""180"", ""Leonidas Rangel Xausa""]"
legislaturas.49.so_api_intervalos[121];"[""182"", ""Luiza Maria da Silveira Marques""]"
legislaturas.49.so_api_intervalos[122];"[""183"", ""José Batista Neto""]"
legislaturas.49.so_api_intervalos[123];"[""184"", ""Fernando Matusalém""]"
legislaturas.49.so_api_intervalos[124];"[""186"", ""Moreira Mendes""]"
legislaturas.49.so_api_intervalos[125];"[""187"", ""Victor Sadek Filho""]"
legislaturas.49.so_api_intervalos[126];"[""188"", ""Berenice Luz da Silva""]"
legislaturas.49.so_api_intervalos[127];"[""191"", ""Cilene Lago Salomão""]"
legislaturas.49.so_api_intervalos[128];"[""192"", ""Claudomiro Lima Pinheiro""]"
legislaturas.49.so_api_intervalos[129];"[""193"", ""Henrique Loyola""]"
legislaturas.49.so_api_intervalos[130];"[""195"", ""Estefânia Rubine Marchetti""]"
legislaturas.49.so_api_intervalos[131];"[""196"", ""Geraldo Althoff""]"
legislaturas.49.so_api_intervalos[132];"[""197"", ""Dilso Cechin""]"
legislaturas.49.so_api_intervalos[133];"[""199"", ""Lincoln da Cunha Pereira""]"
legislaturas.49.so_api_intervalos[134];"[""200"", ""Márcio Antônio Bueno""]"
legislaturas.49.so_api_intervalos[135];"[""201"", ""Miguel Reale Júnior""]"
legislaturas.49.so_api_intervalos[136];"[""202"", ""João Felício""]"
legislaturas.49.so_api_intervalos[137];"[""203"", ""Dulce Pereira Cardoso""]"
legislaturas.49.so_api_intervalos[138];"[""204"", ""Valdiolanda Teófilo""]"
legislaturas.49.so_api_intervalos[139];"[""205"", ""Eraldo Machado de Lemos""]"
legislaturas.49.so_api_intervalos[140];"[""206"", ""Totó Cavalcante""]"
legislaturas.49.so_api_intervalos[141];"[""208"", ""Benedito Aparecido da Silva""]"
legislaturas.49.so_api_intervalos[142];"[""209"", ""Albino Boaventura""]"
legislaturas.49.so_api_intervalos[143];"[""216"", ""José Bonifácio""]"
legislaturas.49.so_api_intervalos[144];"[""221"", ""Francisco Escórcio""]"
legislaturas.49.so_api_intervalos[145];"[""540"", ""Geraldo Cândido""]"
legislaturas.49.so_api_intervalos[146];"[""1451"", ""Antonio Luiz Maya""]"
legislaturas.49.so_api_intervalos[147];"[""2411"", ""Lindberg Cury""]"
legislaturas.49.so_api_intervalos[148];"[""2412"", ""Ilton Mendes""]"
legislaturas.49.so_api_intervalos[149];"[""2430"", ""Hélio Correia""]"
legislaturas.49.so_api_intervalos[150];"[""2632"", ""Fernando Ribeiro""]"
legislaturas.49.so_api_intervalos[151];"[""3072"", ""Chico Sartori""]"
legislaturas.49.so_api_intervalos[152];"[""3073"", ""Bráulio Coelho""]"
legislaturas.49.so_api_intervalos[153];"[""3132"", ""Adir Gentil""]"
legislaturas.49.so_api_intervalos[154];"[""3492"", ""Meira Lins""]"
legislaturas.49.so_api_intervalos[155];"[""3597"", ""Wirlande da Luz""]"
legislaturas.49.so_api_intervalos[156];"[""4522"", ""Geovani Borges""]"
legislaturas.49.so_api_intervalos[157];"[""4794"", ""Alfredo Antonio Goulart Sade""]"
legislaturas.49.so_api_intervalos[158];"[""5074"", ""Sander Fraxe Salomao""]"
legislaturas.49.senadores[0];"[""2"", ""Alexandre Costa""]"
legislaturas.49.senadores[1];"[""8"", ""Beni Veras""]"
legislaturas.49.senadores[2];"[""11"", ""Carlos Patrocínio""]"
legislaturas.49.senadores[3];"[""14"", ""Coutinho Jorge""]"
legislaturas.49.senadores[4];"[""15"", ""Darcy Ribeiro""]"
legislaturas.49.senadores[5];"[""16"", ""Edison Lobão""]"
legislaturas.49.senadores[6];"[""17"", ""Eduardo Suplicy""]"
legislaturas.49.senadores[7];"[""18"", ""Elcio Alvares""]"
legislaturas.49.senadores[8];"[""20"", ""Epitácio Cafeteira""]"
legislaturas.49.senadores[9];"[""22"", ""Esperidião Amin""]"
legislaturas.49.senadores[10];"[""23"", ""Fernando Bezerra""]"
legislaturas.49.senadores[11];"[""24"", ""Flaviano Melo""]"
legislaturas.49.senadores[12];"[""28"", ""Gerson Camata""]"
legislaturas.49.senadores[13];"[""29"", ""Gilberto Miranda""]"
legislaturas.49.senadores[14];"[""31"", ""Guilherme Palmeira""]"
legislaturas.49.senadores[15];"[""32"", ""Hugo Napoleão""]"
legislaturas.49.senadores[16];"[""33"", ""Humberto Lucena""]"
legislaturas.49.senadores[17];"[""37"", ""Joel de Hollanda""]"
legislaturas.49.senadores[18];"[""39"", ""Josaphat Marinho""]"
legislaturas.49.senadores[19];"[""40"", ""José Agripino""]"
legislaturas.49.senadores[20];"[""41"", ""José Alves""]"
legislaturas.49.senadores[21];"[""44"", ""José Fogaça""]"
legislaturas.49.senadores[22];"[""47"", ""José Sarney""]"
legislaturas.49.senadores[23];"[""48"", ""João França""]"
legislaturas.49.senadores[24];"[""49"", ""João Rocha""]"
legislaturas.49.senadores[25];"[""50"", ""Júlio Campos""]"
legislaturas.49.senadores[26];"[""51"", ""Junia Marise""]"
legislaturas.49.senadores[27];"[""54"", ""Levy Dias""]"
legislaturas.49.senadores[28];"[""55"", ""Lucídio Portella""]"
legislaturas.49.senadores[29];"[""56"", ""Luís Alberto de Oliveira""]"
legislaturas.49.senadores[30];"[""60"", ""Marluce Pinto""]"
legislaturas.49.senadores[31];"[""62"", ""Nabor Júnior""]"
legislaturas.49.senadores[32];"[""63"", ""Ney Suassuna""]"
legislaturas.49.senadores[33];"[""64"", ""Odacir Soares""]"
legislaturas.49.senadores[34];"[""65"", ""Onofre Quinan""]"
legislaturas.49.senadores[35];"[""68"", ""Pedro Simon""]"
legislaturas.49.senadores[36];"[""78"", ""Teotonio Vilela Filho""]"
legislaturas.49.senadores[37];"[""79"", ""Valmir Campelo""]"
legislaturas.49.senadores[38];"[""82"", ""Amazonino Mendes""]"
legislaturas.49.senadores[39];"[""84"", ""Antonio Mariz""]"
legislaturas.49.senadores[40];"[""85"", ""José Eduardo""]"
legislaturas.49.senadores[41];"[""86"", ""Marco Maciel""]"
legislaturas.49.senadores[42];"[""87"", ""Garibaldi Alves Filho""]"
legislaturas.49.senadores[43];"[""88"", ""César Dias""]"
legislaturas.49.senadores[44];"[""89"", ""Albano Franco""]"
legislaturas.49.senadores[45];"[""94"", ""Telmo Vieira""]"
legislaturas.49.senadores[46];"[""98"", ""Alcides Falcão""]"
legislaturas.49.senadores[47];"[""102"", ""Paulo Guerra""]"
legislaturas.49.senadores[48];"[""114"", ""Zanete Cardinal""]"
legislaturas.49.senadores[49];"[""125"", ""Francisco Benjamim""]"
legislaturas.49.senadores[50];"[""136"", ""Juvêncio Dias""]"
legislaturas.49.senadores[51];"[""139"", ""Reginaldo Duarte""]"
legislaturas.49.senadores[52];"[""146"", ""Leonel Paiva""]"
legislaturas.49.senadores[53];"[""161"", ""Jonice Tristão""]"
legislaturas.49.senadores[54];"[""168"", ""Abdias Nascimento""]"
legislaturas.49.senadores[55];"[""181"", ""José Saad""]"
legislaturas.49.senadores[56];"[""185"", ""Bello Parga""]"
legislaturas.49.senadores[57];"[""194"", ""Hélio Campos""]"
legislaturas.49.senadores[58];"[""198"", ""Sandra Guidi""]"
legislaturas.49.senadores[59];"[""222"", ""Aluízio Bezerra""]"
legislaturas.49.senadores[60];"[""346"", ""Affonso Camargo""]"
legislaturas.49.senadores[61];"[""799"", ""Lavoisier Maia""]"
legislaturas.49.senadores[62];"[""948"", ""Jorge Bornhausen""]"
legislaturas.49.senadores[63];"[""1025"", ""Amir Lando""]"
legislaturas.49.senadores[64];"[""1244"", ""Mauro Benevides""]"
legislaturas.49.senadores[65];"[""1362"", ""Affonso Arinos""]"
legislaturas.49.senadores[66];"[""1383"", ""Alfredo Campos""]"
legislaturas.49.senadores[67];"[""1387"", ""Almir Gabriel""]"
legislaturas.49.senadores[68];"[""1398"", ""Álvaro Pacheco""]"
legislaturas.49.senadores[69];"[""1411"", ""Antônio Alves""]"
legislaturas.49.senadores[70];"[""1413"", ""Antônio Farias""]"
legislaturas.49.senadores[71];"[""1503"", ""Aureo Mello""]"
legislaturas.49.senadores[72];"[""1537"", ""Carlos De' Carli""]"
legislaturas.49.senadores[73];"[""1542"", ""Carlos de Carli""]"
legislaturas.49.senadores[74];"[""1552"", ""Magno Bacelar""]"
legislaturas.49.senadores[75];"[""1562"", ""Cid Sabóia de Carvalho""]"
legislaturas.49.senadores[76];"[""1572"", ""Dario Pereira""]"
legislaturas.49.senadores[77];"[""1579"", ""Dirceu Carneiro""]"
legislaturas.49.senadores[78];"[""1581"", ""Divaldo Suruagy""]"
legislaturas.49.senadores[79];"[""1598"", ""Enéas Faria""]"
legislaturas.49.senadores[80];"[""1618"", ""Eva Blay""]"
legislaturas.49.senadores[81];"[""1623"", ""Fábio Lucena""]"
legislaturas.49.senadores[82];"[""1634"", ""Fernando Henrique Cardoso""]"
legislaturas.49.senadores[83];"[""1657"", ""Chagas Rodrigues""]"
legislaturas.49.senadores[84];"[""1687"", ""Francisco Rollemberg""]"
legislaturas.49.senadores[85];"[""1689"", ""Leite Chaves""]"
legislaturas.49.senadores[86];"[""1737"", ""Henrique Almeida""]"
legislaturas.49.senadores[87];"[""1746"", ""Hydekel Freitas""]"
legislaturas.49.senadores[88];"[""1748"", ""Iram Saraiva""]"
legislaturas.49.senadores[89];"[""1749"", ""Irapuan Costa Júnior""]"
legislaturas.49.senadores[90];"[""1764"", ""Jarbas Passarinho""]"
legislaturas.49.senadores[91];"[""1781"", ""Meira Filho""]"
legislaturas.49.senadores[92];"[""1799"", ""João Calmon""]"
legislaturas.49.senadores[93];"[""1864"", ""Ruy Bacelar""]"
legislaturas.49.senadores[94];"[""1869"", ""Jonas Pinheiro""]"
legislaturas.49.senadores[95];"[""1952"", ""Márcio Lacerda""]"
legislaturas.49.senadores[96];"[""1967"", ""Paulo Bisol""]"
legislaturas.49.senadores[97];"[""1974"", ""José Richa""]"
legislaturas.49.senadores[98];"[""1978"", ""Ronaldo Aragão""]"
legislaturas.49.senadores[99];"[""1999"", ""Jutahy Magalhães""]"
legislaturas.49.senadores[100];"[""2017"", ""Louremberg Nunes""]"
legislaturas.49.senadores[101];"[""2019"", ""Lourival Baptista""]"
legislaturas.49.senadores[102];"[""2108"", ""Mário Covas""]"
legislaturas.49.senadores[103];"[""2117"", ""Maurício Corrêa""]"
legislaturas.49.senadores[104];"[""2131"", ""Moisés Abrão""]"
legislaturas.49.senadores[105];"[""2137"", ""Nelson Carneiro""]"
legislaturas.49.senadores[106];"[""2139"", ""Nelson Wedekin""]"
legislaturas.49.senadores[107];"[""2144"", ""Ney Maranhão""]"
legislaturas.49.senadores[108];"[""2155"", ""Olavo Pires""]"
legislaturas.49.senadores[109];"[""2169"", ""Oziel Carneiro""]"
legislaturas.49.senadores[110];"[""2190"", ""Pedro Teixeira""]"
legislaturas.49.senadores[111];"[""2194"", ""Mansueto de Lavor""]"
legislaturas.49.senadores[112];"[""2203"", ""Saldanha Derzi""]"
legislaturas.49.senadores[113];"[""2207"", ""Raimundo Lira""]"
legislaturas.49.senadores[114];"[""2221"", ""Pompeu de Sousa""]"
legislaturas.49.senadores[115];"[""2224"", ""Ronan Tito""]"
legislaturas.49.senadores[116];"[""2282"", ""Wilson Martins""]"
legislaturas.49.senadores[117];"[""2937"", ""Jacques Silva""]"
legislaturas.49.senadores[118];"[""3233"", ""Airton Oliveira""]"
legislaturas.49.senadores[119];"[""3272"", ""Joaquim Beato""]"
legislaturas.49.senadores[120];"[""4112"", ""José Pedro""]"
legislaturas.50.portal;118
legislaturas.50.api_uniao_dos_intervalos;330
legislaturas.50.em_ambos;118
legislaturas.50.so_api_intervalos[0];"[""88"", ""César Dias""]"
legislaturas.50.so_api_intervalos[1];"[""91"", ""Júlio Eduardo""]"
legislaturas.50.so_api_intervalos[2];"[""92"", ""Armando Dantas do Nascimento""]"
legislaturas.50.so_api_intervalos[3];"[""93"", ""Raimundo Lopes de Mélo""]"
legislaturas.50.so_api_intervalos[4];"[""94"", ""Telmo Vieira""]"
legislaturas.50.so_api_intervalos[5];"[""95"", ""Airton Chaves Rocha""]"
legislaturas.50.so_api_intervalos[6];"[""97"", ""Geraldo Lessa""]"
legislaturas.50.so_api_intervalos[7];"[""99"", ""Dalmácio Lúcio""]"
legislaturas.50.so_api_intervalos[8];"[""100"", ""Roseni das Graças Silva Soares""]"
legislaturas.50.so_api_intervalos[9];"[""101"", ""Maria Benigna Jucá""]"
legislaturas.50.so_api_intervalos[10];"[""103"", ""Marcos Rocha de Andrade""]"
legislaturas.50.so_api_intervalos[11];"[""104"", ""José de Sousa Teixeira""]"
legislaturas.50.so_api_intervalos[12];"[""105"", ""Marcos Guerra""]"
legislaturas.50.so_api_intervalos[13];"[""106"", ""João Oliveira Itapary""]"
legislaturas.50.so_api_intervalos[14];"[""107"", ""Leopoldo Peres""]"
legislaturas.50.so_api_intervalos[15];"[""108"", ""Raimundo Vieira da Silva Lisboa""]"
legislaturas.50.so_api_intervalos[16];"[""109"", ""Edson Gomes da Silva""]"
legislaturas.50.so_api_intervalos[17];"[""110"", ""Eloi Almeida""]"
legislaturas.50.so_api_intervalos[18];"[""112"", ""David Ruas""]"
legislaturas.50.so_api_intervalos[19];"[""113"", ""Vicente da Riva""]"
legislaturas.50.so_api_intervalos[20];"[""115"", ""Antonio Kato""]"
legislaturas.50.so_api_intervalos[21];"[""116"", ""Jorge Haddad""]"
legislaturas.50.so_api_intervalos[22];"[""117"", ""Sandro Fabi""]"
legislaturas.50.so_api_intervalos[23];"[""118"", ""Antonio Carlos Júnior""]"
legislaturas.50.so_api_intervalos[24];"[""119"", ""Pedro Paulo""]"
legislaturas.50.so_api_intervalos[25];"[""121"", ""Pedro Ubirajara""]"
legislaturas.50.so_api_intervalos[26];"[""122"", ""Gabriel Nunes""]"
legislaturas.50.so_api_intervalos[27];"[""123"", ""Aires Marques""]"
legislaturas.50.so_api_intervalos[28];"[""124"", ""Albino Mendes""]"
legislaturas.50.so_api_intervalos[29];"[""126"", ""Archimedes Pedreira Franco""]"
legislaturas.50.so_api_intervalos[30];"[""127"", ""Luiz Girão""]"
legislaturas.50.so_api_intervalos[31];"[""129"", ""Roberto Faria de Medeiros""]"
legislaturas.50.so_api_intervalos[32];"[""131"", ""Afrânio Augusto Figueiredo""]"
legislaturas.50.so_api_intervalos[33];"[""132"", ""João Augusto O. Figueiredo""]"
legislaturas.50.so_api_intervalos[34];"[""133"", ""José Lino da Silveira Filho""]"
legislaturas.50.so_api_intervalos[35];"[""134"", ""Orlando Dordallo Júnior""]"
legislaturas.50.so_api_intervalos[36];"[""135"", ""Laércio Barbalho""]"
legislaturas.50.so_api_intervalos[37];"[""137"", ""Donato Cardoso""]"
legislaturas.50.so_api_intervalos[38];"[""138"", ""Esmerino Arruda""]"
legislaturas.50.so_api_intervalos[39];"[""141"", ""Juarez Leitão""]"
legislaturas.50.so_api_intervalos[40];"[""142"", ""Renato Cunha Lima""]"
legislaturas.50.so_api_intervalos[41];"[""144"", ""Ulisses Riedel""]"
legislaturas.50.so_api_intervalos[42];"[""145"", ""Péricles Vilhena""]"
legislaturas.50.so_api_intervalos[43];"[""147"", ""Wagner Bustolo Pacheco""]"
legislaturas.50.so_api_intervalos[44];"[""148"", ""Pedro Segundo Seleme""]"
legislaturas.50.so_api_intervalos[45];"[""149"", ""Heitor Reis""]"
legislaturas.50.so_api_intervalos[46];"[""150"", ""Nivaldo Krüger""]"
legislaturas.50.so_api_intervalos[47];"[""151"", ""Luiz Pastore""]"
legislaturas.50.so_api_intervalos[48];"[""152"", ""Jorge Mathias Júnior""]"
legislaturas.50.so_api_intervalos[49];"[""153"", ""José Luiz de Souza""]"
legislaturas.50.so_api_intervalos[50];"[""154"", ""Clodoaldo Torres""]"
legislaturas.50.so_api_intervalos[51];"[""155"", ""Waldemar Borges Rodrigues""]"
legislaturas.50.so_api_intervalos[52];"[""157"", ""Artur Valente""]"
legislaturas.50.so_api_intervalos[53];"[""160"", ""Manoel Lira Parente""]"
legislaturas.50.so_api_intervalos[54];"[""162"", ""Benício Sampaio""]"
legislaturas.50.so_api_intervalos[55];"[""163"", ""Antônio Rufino""]"
legislaturas.50.so_api_intervalos[56];"[""164"", ""Aquiles Nogueira""]"
legislaturas.50.so_api_intervalos[57];"[""165"", ""Jackson Nogueira""]"
legislaturas.50.so_api_intervalos[58];"[""166"", ""Nilo Teixeira Campos""]"
legislaturas.50.so_api_intervalos[59];"[""167"", ""Doutel de Andrade""]"
legislaturas.50.so_api_intervalos[60];"[""169"", ""Manoel Torres de Araújo""]"
legislaturas.50.so_api_intervalos[61];"[""170"", ""Aroldo Azevedo""]"
legislaturas.50.so_api_intervalos[62];"[""171"", ""Janilson Ferreira""]"
legislaturas.50.so_api_intervalos[63];"[""172"", ""Nathanias Ribeiro V. Shosten""]"
legislaturas.50.so_api_intervalos[64];"[""173"", ""Lúcio Messan""]"
legislaturas.50.so_api_intervalos[65];"[""174"", ""Luiz Tirello""]"
legislaturas.50.so_api_intervalos[66];"[""176"", ""Edir Domeneghini""]"
legislaturas.50.so_api_intervalos[67];"[""178"", ""Guerino Pizone""]"
legislaturas.50.so_api_intervalos[68];"[""179"", ""Flávio Bernardo Jeckel""]"
legislaturas.50.so_api_intervalos[69];"[""180"", ""Leonidas Rangel Xausa""]"
legislaturas.50.so_api_intervalos[70];"[""182"", ""Luiza Maria da Silveira Marques""]"
legislaturas.50.so_api_intervalos[71];"[""183"", ""José Batista Neto""]"
legislaturas.50.so_api_intervalos[72];"[""184"", ""Fernando Matusalém""]"
legislaturas.50.so_api_intervalos[73];"[""187"", ""Victor Sadek Filho""]"
legislaturas.50.so_api_intervalos[74];"[""188"", ""Berenice Luz da Silva""]"
legislaturas.50.so_api_intervalos[75];"[""191"", ""Cilene Lago Salomão""]"
legislaturas.50.so_api_intervalos[76];"[""192"", ""Claudomiro Lima Pinheiro""]"
legislaturas.50.so_api_intervalos[77];"[""195"", ""Estefânia Rubine Marchetti""]"
legislaturas.50.so_api_intervalos[78];"[""197"", ""Dilso Cechin""]"
legislaturas.50.so_api_intervalos[79];"[""199"", ""Lincoln da Cunha Pereira""]"
legislaturas.50.so_api_intervalos[80];"[""200"", ""Márcio Antônio Bueno""]"
legislaturas.50.so_api_intervalos[81];"[""201"", ""Miguel Reale Júnior""]"
legislaturas.50.so_api_intervalos[82];"[""202"", ""João Felício""]"
legislaturas.50.so_api_intervalos[83];"[""203"", ""Dulce Pereira Cardoso""]"
legislaturas.50.so_api_intervalos[84];"[""204"", ""Valdiolanda Teófilo""]"
legislaturas.50.so_api_intervalos[85];"[""205"", ""Eraldo Machado de Lemos""]"
legislaturas.50.so_api_intervalos[86];"[""208"", ""Benedito Aparecido da Silva""]"
legislaturas.50.so_api_intervalos[87];"[""222"", ""Aluízio Bezerra""]"
legislaturas.50.so_api_intervalos[88];"[""302"", ""Maguito Vilela""]"
legislaturas.50.so_api_intervalos[89];"[""346"", ""Affonso Camargo""]"
legislaturas.50.so_api_intervalos[90];"[""799"", ""Lavoisier Maia""]"
legislaturas.50.so_api_intervalos[91];"[""922"", ""José Jorge""]"
legislaturas.50.so_api_intervalos[92];"[""923"", ""Heloísa Helena""]"
legislaturas.50.so_api_intervalos[93];"[""924"", ""Paulo Souto""]"
legislaturas.50.so_api_intervalos[94];"[""942"", ""Paulo Hartung""]"
legislaturas.50.so_api_intervalos[95];"[""943"", ""Luiz Estevão""]"
legislaturas.50.so_api_intervalos[96];"[""944"", ""Gilberto Mestrinho""]"
legislaturas.50.so_api_intervalos[97];"[""945"", ""Alvaro Dias""]"
legislaturas.50.so_api_intervalos[98];"[""946"", ""Alberto Silva""]"
legislaturas.50.so_api_intervalos[99];"[""947"", ""Luiz Otavio""]"
legislaturas.50.so_api_intervalos[100];"[""948"", ""Jorge Bornhausen""]"
legislaturas.50.so_api_intervalos[101];"[""949"", ""Juvêncio da Fonseca""]"
legislaturas.50.so_api_intervalos[102];"[""950"", ""João Alberto Souza""]"
legislaturas.50.so_api_intervalos[103];"[""951"", ""José Alencar""]"
legislaturas.50.so_api_intervalos[104];"[""952"", ""Mozarildo Cavalcanti""]"
legislaturas.50.so_api_intervalos[105];"[""982"", ""Tião Viana""]"
legislaturas.50.so_api_intervalos[106];"[""1002"", ""Antero Paes de Barros""]"
legislaturas.50.so_api_intervalos[107];"[""1022"", ""Luiz Pontes""]"
legislaturas.50.so_api_intervalos[108];"[""1023"", ""Maria do Carmo Alves""]"
legislaturas.50.so_api_intervalos[109];"[""1024"", ""Eduardo Siqueira Campos""]"
legislaturas.50.so_api_intervalos[110];"[""1025"", ""Amir Lando""]"
legislaturas.50.so_api_intervalos[111];"[""1026"", ""Roberto Saturnino""]"
legislaturas.50.so_api_intervalos[112];"[""1042"", ""Íris de Araújo""]"
legislaturas.50.so_api_intervalos[113];"[""1043"", ""Luiz Soares""]"
legislaturas.50.so_api_intervalos[114];"[""1044"", ""Carlos Lupi""]"
legislaturas.50.so_api_intervalos[115];"[""1045"", ""Robinson Viana""]"
legislaturas.50.so_api_intervalos[116];"[""1046"", ""Maria de Fátima""]"
legislaturas.50.so_api_intervalos[117];"[""1047"", ""Thelma Siqueira Campos""]"
legislaturas.50.so_api_intervalos[118];"[""1048"", ""Angelo Celeste""]"
legislaturas.50.so_api_intervalos[119];"[""1049"", ""Renildo Santana""]"
legislaturas.50.so_api_intervalos[120];"[""1050"", ""Valmir Amaral""]"
legislaturas.50.so_api_intervalos[121];"[""1051"", ""João Batista Motta""]"
legislaturas.50.so_api_intervalos[122];"[""1052"", ""Adir Nichio""]"
legislaturas.50.so_api_intervalos[123];"[""1053"", ""Agnelo Alves""]"
legislaturas.50.so_api_intervalos[124];"[""1054"", ""Benedito Damasceno""]"
legislaturas.50.so_api_intervalos[125];"[""1055"", ""Evaristo de Luca""]"
legislaturas.50.so_api_intervalos[126];"[""1083"", ""Olivir Gabardo""]"
legislaturas.50.so_api_intervalos[127];"[""1084"", ""Marcos Tavares""]"
legislaturas.50.so_api_intervalos[128];"[""1085"", ""Rodolpho Tourinho""]"
legislaturas.50.so_api_intervalos[129];"[""1086"", ""Ribamar Fiquene""]"
legislaturas.50.so_api_intervalos[130];"[""1087"", ""Hermes Zanetti""]"
legislaturas.50.so_api_intervalos[131];"[""1088"", ""Eliana Cunha""]"
legislaturas.50.so_api_intervalos[132];"[""1089"", ""João Thomé Mestrinho""]"
legislaturas.50.so_api_intervalos[133];"[""1090"", ""Nova da Costa""]"
legislaturas.50.so_api_intervalos[134];"[""1091"", ""Aelton Freitas""]"
legislaturas.50.so_api_intervalos[135];"[""1092"", ""Sebastião Riêra""]"
legislaturas.50.so_api_intervalos[136];"[""1093"", ""José Lélis""]"
legislaturas.50.so_api_intervalos[137];"[""1094"", ""Mário Calixto""]"
legislaturas.50.so_api_intervalos[138];"[""1095"", ""Paulo Elifas""]"
legislaturas.50.so_api_intervalos[139];"[""1096"", ""Vasco Furlan""]"
legislaturas.50.so_api_intervalos[140];"[""1097"", ""Ari Stadler""]"
legislaturas.50.so_api_intervalos[141];"[""1098"", ""Vicentinho""]"
legislaturas.50.so_api_intervalos[142];"[""1099"", ""Walter Natalino""]"
legislaturas.50.so_api_intervalos[143];"[""1100"", ""Celis Santin""]"
legislaturas.50.so_api_intervalos[144];"[""1101"", ""Froylan Santos""]"
legislaturas.50.so_api_intervalos[145];"[""1143"", ""Severino Lúcio""]"
legislaturas.50.so_api_intervalos[146];"[""1146"", ""Maria Ivone""]"
legislaturas.50.so_api_intervalos[147];"[""1163"", ""Antônio Leite""]"
legislaturas.50.so_api_intervalos[148];"[""1244"", ""Mauro Benevides""]"
legislaturas.50.so_api_intervalos[149];"[""1330"", ""Tasso Rosado""]"
legislaturas.50.so_api_intervalos[150];"[""1362"", ""Affonso Arinos""]"
legislaturas.50.so_api_intervalos[151];"[""1383"", ""Alfredo Campos""]"
legislaturas.50.so_api_intervalos[152];"[""1387"", ""Almir Gabriel""]"
legislaturas.50.so_api_intervalos[153];"[""1413"", ""Antônio Farias""]"
legislaturas.50.so_api_intervalos[154];"[""1451"", ""Antonio Luiz Maya""]"
legislaturas.50.so_api_intervalos[155];"[""1503"", ""Aureo Mello""]"
legislaturas.50.so_api_intervalos[156];"[""1537"", ""Carlos De' Carli""]"
legislaturas.50.so_api_intervalos[157];"[""1552"", ""Magno Bacelar""]"
legislaturas.50.so_api_intervalos[158];"[""1562"", ""Cid Sabóia de Carvalho""]"
legislaturas.50.so_api_intervalos[159];"[""1572"", ""Dario Pereira""]"
legislaturas.50.so_api_intervalos[160];"[""1579"", ""Dirceu Carneiro""]"
legislaturas.50.so_api_intervalos[161];"[""1581"", ""Divaldo Suruagy""]"
legislaturas.50.so_api_intervalos[162];"[""1623"", ""Fábio Lucena""]"
legislaturas.50.so_api_intervalos[163];"[""1634"", ""Fernando Henrique Cardoso""]"
legislaturas.50.so_api_intervalos[164];"[""1657"", ""Chagas Rodrigues""]"
legislaturas.50.so_api_intervalos[165];"[""1687"", ""Francisco Rollemberg""]"
legislaturas.50.so_api_intervalos[166];"[""1737"", ""Henrique Almeida""]"
legislaturas.50.so_api_intervalos[167];"[""1746"", ""Hydekel Freitas""]"
legislaturas.50.so_api_intervalos[168];"[""1748"", ""Iram Saraiva""]"
legislaturas.50.so_api_intervalos[169];"[""1749"", ""Irapuan Costa Júnior""]"
legislaturas.50.so_api_intervalos[170];"[""1764"", ""Jarbas Passarinho""]"
legislaturas.50.so_api_intervalos[171];"[""1781"", ""Meira Filho""]"
legislaturas.50.so_api_intervalos[172];"[""1799"", ""João Calmon""]"
legislaturas.50.so_api_intervalos[173];"[""1864"", ""Ruy Bacelar""]"
legislaturas.50.so_api_intervalos[174];"[""1869"", ""Jonas Pinheiro""]"
legislaturas.50.so_api_intervalos[175];"[""1952"", ""Márcio Lacerda""]"
legislaturas.50.so_api_intervalos[176];"[""1967"", ""Paulo Bisol""]"
legislaturas.50.so_api_intervalos[177];"[""1974"", ""José Richa""]"
legislaturas.50.so_api_intervalos[178];"[""1978"", ""Ronaldo Aragão""]"
legislaturas.50.so_api_intervalos[179];"[""1999"", ""Jutahy Magalhães""]"
legislaturas.50.so_api_intervalos[180];"[""2017"", ""Louremberg Nunes""]"
legislaturas.50.so_api_intervalos[181];"[""2019"", ""Lourival Baptista""]"
legislaturas.50.so_api_intervalos[182];"[""2108"", ""Mário Covas""]"
legislaturas.50.so_api_intervalos[183];"[""2117"", ""Maurício Corrêa""]"
legislaturas.50.so_api_intervalos[184];"[""2131"", ""Moisés Abrão""]"
legislaturas.50.so_api_intervalos[185];"[""2137"", ""Nelson Carneiro""]"
legislaturas.50.so_api_intervalos[186];"[""2139"", ""Nelson Wedekin""]"
legislaturas.50.so_api_intervalos[187];"[""2144"", ""Ney Maranhão""]"
legislaturas.50.so_api_intervalos[188];"[""2155"", ""Olavo Pires""]"
legislaturas.50.so_api_intervalos[189];"[""2190"", ""Pedro Teixeira""]"
legislaturas.50.so_api_intervalos[190];"[""2194"", ""Mansueto de Lavor""]"
legislaturas.50.so_api_intervalos[191];"[""2203"", ""Saldanha Derzi""]"
legislaturas.50.so_api_intervalos[192];"[""2207"", ""Raimundo Lira""]"
legislaturas.50.so_api_intervalos[193];"[""2221"", ""Pompeu de Sousa""]"
legislaturas.50.so_api_intervalos[194];"[""2224"", ""Ronan Tito""]"
legislaturas.50.so_api_intervalos[195];"[""2282"", ""Wilson Martins""]"
legislaturas.50.so_api_intervalos[196];"[""2332"", ""José Coelho""]"
legislaturas.50.so_api_intervalos[197];"[""2411"", ""Lindberg Cury""]"
legislaturas.50.so_api_intervalos[198];"[""2412"", ""Ilton Mendes""]"
legislaturas.50.so_api_intervalos[199];"[""2430"", ""Hélio Correia""]"
legislaturas.50.so_api_intervalos[200];"[""2632"", ""Fernando Ribeiro""]"
legislaturas.50.so_api_intervalos[201];"[""2937"", ""Jacques Silva""]"
legislaturas.50.so_api_intervalos[202];"[""3072"", ""Chico Sartori""]"
legislaturas.50.so_api_intervalos[203];"[""3073"", ""Bráulio Coelho""]"
legislaturas.50.so_api_intervalos[204];"[""3092"", ""Valdomiro Távora""]"
legislaturas.50.so_api_intervalos[205];"[""3132"", ""Adir Gentil""]"
legislaturas.50.so_api_intervalos[206];"[""3272"", ""Joaquim Beato""]"
legislaturas.50.so_api_intervalos[207];"[""3492"", ""Meira Lins""]"
legislaturas.50.so_api_intervalos[208];"[""3597"", ""Wirlande da Luz""]"
legislaturas.50.so_api_intervalos[209];"[""4522"", ""Geovani Borges""]"
legislaturas.50.so_api_intervalos[210];"[""4794"", ""Alfredo Antonio Goulart Sade""]"
legislaturas.50.so_api_intervalos[211];"[""5074"", ""Sander Fraxe Salomao""]"
legislaturas.50.senadores[0];"[""1"", ""Ademir Andrade""]"
legislaturas.50.senadores[1];"[""2"", ""Alexandre Costa""]"
legislaturas.50.senadores[2];"[""3"", ""Antonio Carlos Valadares""]"
legislaturas.50.senadores[3];"[""4"", ""Antonio Carlos Magalhães""]"
legislaturas.50.senadores[4];"[""5"", ""Arlindo Porto""]"
legislaturas.50.senadores[5];"[""6"", ""Artur da Tavola""]"
legislaturas.50.senadores[6];"[""7"", ""Benedita da Silva""]"
legislaturas.50.senadores[7];"[""8"", ""Beni Veras""]"
legislaturas.50.senadores[8];"[""9"", ""Bernardo Cabral""]"
legislaturas.50.senadores[9];"[""10"", ""Carlos Bezerra""]"
legislaturas.50.senadores[10];"[""11"", ""Carlos Patrocínio""]"
legislaturas.50.senadores[11];"[""12"", ""Carlos Wilson""]"
legislaturas.50.senadores[12];"[""13"", ""Casildo Maldaner""]"
legislaturas.50.senadores[13];"[""14"", ""Coutinho Jorge""]"
legislaturas.50.senadores[14];"[""15"", ""Darcy Ribeiro""]"
legislaturas.50.senadores[15];"[""16"", ""Edison Lobão""]"
legislaturas.50.senadores[16];"[""17"", ""Eduardo Suplicy""]"
legislaturas.50.senadores[17];"[""18"", ""Elcio Alvares""]"
legislaturas.50.senadores[18];"[""19"", ""Emília Fernandes""]"
legislaturas.50.senadores[19];"[""20"", ""Epitácio Cafeteira""]"
legislaturas.50.senadores[20];"[""21"", ""Ernandes Amorim""]"
legislaturas.50.senadores[21];"[""22"", ""Esperidião Amin""]"
legislaturas.50.senadores[22];"[""23"", ""Fernando Bezerra""]"
legislaturas.50.senadores[23];"[""24"", ""Flaviano Melo""]"
legislaturas.50.senadores[24];"[""25"", ""Francelino Pereira""]"
legislaturas.50.senadores[25];"[""26"", ""Freitas Neto""]"
legislaturas.50.senadores[26];"[""27"", ""Geraldo Melo""]"
legislaturas.50.senadores[27];"[""28"", ""Gerson Camata""]"
legislaturas.50.senadores[28];"[""29"", ""Gilberto Miranda""]"
legislaturas.50.senadores[29];"[""30"", ""Gilvam Borges""]"
legislaturas.50.senadores[30];"[""31"", ""Guilherme Palmeira""]"
legislaturas.50.senadores[31];"[""32"", ""Hugo Napoleão""]"
legislaturas.50.senadores[32];"[""33"", ""Humberto Lucena""]"
legislaturas.50.senadores[33];"[""34"", ""Iris Rezende""]"
legislaturas.50.senadores[34];"[""35"", ""Jader Barbalho""]"
legislaturas.50.senadores[35];"[""36"", ""Jefferson Peres""]"
legislaturas.50.senadores[36];"[""37"", ""Joel de Hollanda""]"
legislaturas.50.senadores[37];"[""38"", ""Jonas Pinheiro""]"
legislaturas.50.senadores[38];"[""39"", ""Josaphat Marinho""]"
legislaturas.50.senadores[39];"[""40"", ""José Agripino""]"
legislaturas.50.senadores[40];"[""41"", ""José Alves""]"
legislaturas.50.senadores[41];"[""42"", ""José Bianco""]"
legislaturas.50.senadores[42];"[""43"", ""José Eduardo Dutra""]"
legislaturas.50.senadores[43];"[""44"", ""José Fogaça""]"
legislaturas.50.senadores[44];"[""45"", ""José Ignácio Ferreira""]"
legislaturas.50.senadores[45];"[""46"", ""José Roberto Arruda""]"
legislaturas.50.senadores[46];"[""47"", ""José Sarney""]"
legislaturas.50.senadores[47];"[""48"", ""João França""]"
legislaturas.50.senadores[48];"[""49"", ""João Rocha""]"
legislaturas.50.senadores[49];"[""50"", ""Júlio Campos""]"
legislaturas.50.senadores[50];"[""51"", ""Junia Marise""]"
legislaturas.50.senadores[51];"[""52"", ""Lauro Campos""]"
legislaturas.50.senadores[52];"[""53"", ""Leomar Quintanilha""]"
legislaturas.50.senadores[53];"[""54"", ""Levy Dias""]"
legislaturas.50.senadores[54];"[""55"", ""Lucídio Portella""]"
legislaturas.50.senadores[55];"[""56"", ""Luís Alberto de Oliveira""]"
legislaturas.50.senadores[56];"[""57"", ""Lúcio Alcântara""]"
legislaturas.50.senadores[57];"[""58"", ""Lúdio Coelho""]"
legislaturas.50.senadores[58];"[""59"", ""Marina Silva""]"
legislaturas.50.senadores[59];"[""60"", ""Marluce Pinto""]"
legislaturas.50.senadores[60];"[""61"", ""Mauro Miranda""]"
legislaturas.50.senadores[61];"[""62"", ""Nabor Júnior""]"
legislaturas.50.senadores[62];"[""63"", ""Ney Suassuna""]"
legislaturas.50.senadores[63];"[""64"", ""Odacir Soares""]"
legislaturas.50.senadores[64];"[""65"", ""Onofre Quinan""]"
legislaturas.50.senadores[65];"[""66"", ""Osmar Dias""]"
legislaturas.50.senadores[66];"[""67"", ""Pedro Piva""]"
legislaturas.50.senadores[67];"[""68"", ""Pedro Simon""]"
legislaturas.50.senadores[68];"[""69"", ""Ramez Tebet""]"
legislaturas.50.senadores[69];"[""70"", ""Renan Calheiros""]"
legislaturas.50.senadores[70];"[""71"", ""Roberto Freire""]"
legislaturas.50.senadores[71];"[""72"", ""Roberto Requião""]"
legislaturas.50.senadores[72];"[""73"", ""Romero Jucá""]"
legislaturas.50.senadores[73];"[""74"", ""Romeu Tuma""]"
legislaturas.50.senadores[74];"[""75"", ""Ronaldo Cunha Lima""]"
legislaturas.50.senadores[75];"[""76"", ""Sebastião Bala Rocha""]"
legislaturas.50.senadores[76];"[""77"", ""Sérgio Machado""]"
legislaturas.50.senadores[77];"[""78"", ""Teotonio Vilela Filho""]"
legislaturas.50.senadores[78];"[""79"", ""Valmir Campelo""]"
legislaturas.50.senadores[79];"[""80"", ""Vilson Kleinübing""]"
legislaturas.50.senadores[80];"[""81"", ""Waldeck Ornelas""]"
legislaturas.50.senadores[81];"[""82"", ""Amazonino Mendes""]"
legislaturas.50.senadores[82];"[""84"", ""Antonio Mariz""]"
legislaturas.50.senadores[83];"[""85"", ""José Eduardo""]"
legislaturas.50.senadores[84];"[""86"", ""Marco Maciel""]"
legislaturas.50.senadores[85];"[""87"", ""Garibaldi Alves Filho""]"
legislaturas.50.senadores[86];"[""89"", ""Albano Franco""]"
legislaturas.50.senadores[87];"[""90"", ""José Serra""]"
legislaturas.50.senadores[88];"[""96"", ""Djalma Falcão""]"
legislaturas.50.senadores[89];"[""98"", ""Alcides Falcão""]"
legislaturas.50.senadores[90];"[""102"", ""Paulo Guerra""]"
legislaturas.50.senadores[91];"[""114"", ""Zanete Cardinal""]"
legislaturas.50.senadores[92];"[""120"", ""Djalma Bessa""]"
legislaturas.50.senadores[93];"[""125"", ""Francisco Benjamim""]"
legislaturas.50.senadores[94];"[""128"", ""Regina Assumpção""]"
legislaturas.50.senadores[95];"[""136"", ""Juvêncio Dias""]"
legislaturas.50.senadores[96];"[""139"", ""Reginaldo Duarte""]"
legislaturas.50.senadores[97];"[""140"", ""Wellington Roberto""]"
legislaturas.50.senadores[98];"[""143"", ""Silva Júnior""]"
legislaturas.50.senadores[99];"[""146"", ""Leonel Paiva""]"
legislaturas.50.senadores[100];"[""156"", ""Ricardo Santos""]"
legislaturas.50.senadores[101];"[""158"", ""Luzia Toledo""]"
legislaturas.50.senadores[102];"[""159"", ""Elói Portela""]"
legislaturas.50.senadores[103];"[""161"", ""Jonice Tristão""]"
legislaturas.50.senadores[104];"[""168"", ""Abdias Nascimento""]"
legislaturas.50.senadores[105];"[""175"", ""Otoniel Machado""]"
legislaturas.50.senadores[106];"[""181"", ""José Saad""]"
legislaturas.50.senadores[107];"[""185"", ""Bello Parga""]"
legislaturas.50.senadores[108];"[""186"", ""Moreira Mendes""]"
legislaturas.50.senadores[109];"[""193"", ""Henrique Loyola""]"
legislaturas.50.senadores[110];"[""194"", ""Hélio Campos""]"
legislaturas.50.senadores[111];"[""196"", ""Geraldo Althoff""]"
legislaturas.50.senadores[112];"[""198"", ""Sandra Guidi""]"
legislaturas.50.senadores[113];"[""206"", ""Totó Cavalcante""]"
legislaturas.50.senadores[114];"[""209"", ""Albino Boaventura""]"
legislaturas.50.senadores[115];"[""216"", ""José Bonifácio""]"
legislaturas.50.senadores[116];"[""221"", ""Francisco Escórcio""]"
legislaturas.50.senadores[117];"[""540"", ""Geraldo Cândido""]"
legislaturas.51.portal;131
legislaturas.51.api_uniao_dos_intervalos;420
legislaturas.51.em_ambos;130
legislaturas.51.so_portal[0];"[""111"", ""Blairo Maggi""]"
legislaturas.51.so_api_intervalos[0];"[""8"", ""Beni Veras""]"
legislaturas.51.so_api_intervalos[1];"[""14"", ""Coutinho Jorge""]"
legislaturas.51.so_api_intervalos[2];"[""15"", ""Darcy Ribeiro""]"
legislaturas.51.so_api_intervalos[3];"[""18"", ""Elcio Alvares""]"
legislaturas.51.so_api_intervalos[4];"[""20"", ""Epitácio Cafeteira""]"
legislaturas.51.so_api_intervalos[5];"[""22"", ""Esperidião Amin""]"
legislaturas.51.so_api_intervalos[6];"[""24"", ""Flaviano Melo""]"
legislaturas.51.so_api_intervalos[7];"[""29"", ""Gilberto Miranda""]"
legislaturas.51.so_api_intervalos[8];"[""31"", ""Guilherme Palmeira""]"
legislaturas.51.so_api_intervalos[9];"[""37"", ""Joel de Hollanda""]"
legislaturas.51.so_api_intervalos[10];"[""39"", ""Josaphat Marinho""]"
legislaturas.51.so_api_intervalos[11];"[""41"", ""José Alves""]"
legislaturas.51.so_api_intervalos[12];"[""48"", ""João França""]"
legislaturas.51.so_api_intervalos[13];"[""49"", ""João Rocha""]"
legislaturas.51.so_api_intervalos[14];"[""50"", ""Júlio Campos""]"
legislaturas.51.so_api_intervalos[15];"[""51"", ""Junia Marise""]"
legislaturas.51.so_api_intervalos[16];"[""54"", ""Levy Dias""]"
legislaturas.51.so_api_intervalos[17];"[""55"", ""Lucídio Portella""]"
legislaturas.51.so_api_intervalos[18];"[""56"", ""Luís Alberto de Oliveira""]"
legislaturas.51.so_api_intervalos[19];"[""64"", ""Odacir Soares""]"
legislaturas.51.so_api_intervalos[20];"[""65"", ""Onofre Quinan""]"
legislaturas.51.so_api_intervalos[21];"[""79"", ""Valmir Campelo""]"
legislaturas.51.so_api_intervalos[22];"[""82"", ""Amazonino Mendes""]"
legislaturas.51.so_api_intervalos[23];"[""84"", ""Antonio Mariz""]"
legislaturas.51.so_api_intervalos[24];"[""85"", ""José Eduardo""]"
legislaturas.51.so_api_intervalos[25];"[""86"", ""Marco Maciel""]"
legislaturas.51.so_api_intervalos[26];"[""87"", ""Garibaldi Alves Filho""]"
legislaturas.51.so_api_intervalos[27];"[""88"", ""César Dias""]"
legislaturas.51.so_api_intervalos[28];"[""89"", ""Albano Franco""]"
legislaturas.51.so_api_intervalos[29];"[""92"", ""Armando Dantas do Nascimento""]"
legislaturas.51.so_api_intervalos[30];"[""93"", ""Raimundo Lopes de Mélo""]"
legislaturas.51.so_api_intervalos[31];"[""94"", ""Telmo Vieira""]"
legislaturas.51.so_api_intervalos[32];"[""95"", ""Airton Chaves Rocha""]"
legislaturas.51.so_api_intervalos[33];"[""98"", ""Alcides Falcão""]"
legislaturas.51.so_api_intervalos[34];"[""99"", ""Dalmácio Lúcio""]"
legislaturas.51.so_api_intervalos[35];"[""100"", ""Roseni das Graças Silva Soares""]"
legislaturas.51.so_api_intervalos[36];"[""102"", ""Paulo Guerra""]"
legislaturas.51.so_api_intervalos[37];"[""103"", ""Marcos Rocha de Andrade""]"
legislaturas.51.so_api_intervalos[38];"[""104"", ""José de Sousa Teixeira""]"
legislaturas.51.so_api_intervalos[39];"[""105"", ""Marcos Guerra""]"
legislaturas.51.so_api_intervalos[40];"[""106"", ""João Oliveira Itapary""]"
legislaturas.51.so_api_intervalos[41];"[""107"", ""Leopoldo Peres""]"
legislaturas.51.so_api_intervalos[42];"[""108"", ""Raimundo Vieira da Silva Lisboa""]"
legislaturas.51.so_api_intervalos[43];"[""109"", ""Edson Gomes da Silva""]"
legislaturas.51.so_api_intervalos[44];"[""110"", ""Eloi Almeida""]"
legislaturas.51.so_api_intervalos[45];"[""112"", ""David Ruas""]"
legislaturas.51.so_api_intervalos[46];"[""113"", ""Vicente da Riva""]"
legislaturas.51.so_api_intervalos[47];"[""114"", ""Zanete Cardinal""]"
legislaturas.51.so_api_intervalos[48];"[""115"", ""Antonio Kato""]"
legislaturas.51.so_api_intervalos[49];"[""116"", ""Jorge Haddad""]"
legislaturas.51.so_api_intervalos[50];"[""117"", ""Sandro Fabi""]"
legislaturas.51.so_api_intervalos[51];"[""119"", ""Pedro Paulo""]"
legislaturas.51.so_api_intervalos[52];"[""122"", ""Gabriel Nunes""]"
legislaturas.51.so_api_intervalos[53];"[""123"", ""Aires Marques""]"
legislaturas.51.so_api_intervalos[54];"[""124"", ""Albino Mendes""]"
legislaturas.51.so_api_intervalos[55];"[""125"", ""Francisco Benjamim""]"
legislaturas.51.so_api_intervalos[56];"[""126"", ""Archimedes Pedreira Franco""]"
legislaturas.51.so_api_intervalos[57];"[""128"", ""Regina Assumpção""]"
legislaturas.51.so_api_intervalos[58];"[""129"", ""Roberto Faria de Medeiros""]"
legislaturas.51.so_api_intervalos[59];"[""131"", ""Afrânio Augusto Figueiredo""]"
legislaturas.51.so_api_intervalos[60];"[""132"", ""João Augusto O. Figueiredo""]"
legislaturas.51.so_api_intervalos[61];"[""133"", ""José Lino da Silveira Filho""]"
legislaturas.51.so_api_intervalos[62];"[""134"", ""Orlando Dordallo Júnior""]"
legislaturas.51.so_api_intervalos[63];"[""135"", ""Laércio Barbalho""]"
legislaturas.51.so_api_intervalos[64];"[""136"", ""Juvêncio Dias""]"
legislaturas.51.so_api_intervalos[65];"[""137"", ""Donato Cardoso""]"
legislaturas.51.so_api_intervalos[66];"[""138"", ""Esmerino Arruda""]"
legislaturas.51.so_api_intervalos[67];"[""141"", ""Juarez Leitão""]"
legislaturas.51.so_api_intervalos[68];"[""142"", ""Renato Cunha Lima""]"
legislaturas.51.so_api_intervalos[69];"[""145"", ""Péricles Vilhena""]"
legislaturas.51.so_api_intervalos[70];"[""146"", ""Leonel Paiva""]"
legislaturas.51.so_api_intervalos[71];"[""147"", ""Wagner Bustolo Pacheco""]"
legislaturas.51.so_api_intervalos[72];"[""148"", ""Pedro Segundo Seleme""]"
legislaturas.51.so_api_intervalos[73];"[""149"", ""Heitor Reis""]"
legislaturas.51.so_api_intervalos[74];"[""152"", ""Jorge Mathias Júnior""]"
legislaturas.51.so_api_intervalos[75];"[""153"", ""José Luiz de Souza""]"
legislaturas.51.so_api_intervalos[76];"[""155"", ""Waldemar Borges Rodrigues""]"
legislaturas.51.so_api_intervalos[77];"[""157"", ""Artur Valente""]"
legislaturas.51.so_api_intervalos[78];"[""159"", ""Elói Portela""]"
legislaturas.51.so_api_intervalos[79];"[""160"", ""Manoel Lira Parente""]"
legislaturas.51.so_api_intervalos[80];"[""161"", ""Jonice Tristão""]"
legislaturas.51.so_api_intervalos[81];"[""163"", ""Antônio Rufino""]"
legislaturas.51.so_api_intervalos[82];"[""164"", ""Aquiles Nogueira""]"
legislaturas.51.so_api_intervalos[83];"[""165"", ""Jackson Nogueira""]"
legislaturas.51.so_api_intervalos[84];"[""167"", ""Doutel de Andrade""]"
legislaturas.51.so_api_intervalos[85];"[""168"", ""Abdias Nascimento""]"
legislaturas.51.so_api_intervalos[86];"[""169"", ""Manoel Torres de Araújo""]"
legislaturas.51.so_api_intervalos[87];"[""170"", ""Aroldo Azevedo""]"
legislaturas.51.so_api_intervalos[88];"[""171"", ""Janilson Ferreira""]"
legislaturas.51.so_api_intervalos[89];"[""172"", ""Nathanias Ribeiro V. Shosten""]"
legislaturas.51.so_api_intervalos[90];"[""173"", ""Lúcio Messan""]"
legislaturas.51.so_api_intervalos[91];"[""174"", ""Luiz Tirello""]"
legislaturas.51.so_api_intervalos[92];"[""175"", ""Otoniel Machado""]"
legislaturas.51.so_api_intervalos[93];"[""178"", ""Guerino Pizone""]"
legislaturas.51.so_api_intervalos[94];"[""179"", ""Flávio Bernardo Jeckel""]"
legislaturas.51.so_api_intervalos[95];"[""180"", ""Leonidas Rangel Xausa""]"
legislaturas.51.so_api_intervalos[96];"[""181"", ""José Saad""]"
legislaturas.51.so_api_intervalos[97];"[""182"", ""Luiza Maria da Silveira Marques""]"
legislaturas.51.so_api_intervalos[98];"[""183"", ""José Batista Neto""]"
legislaturas.51.so_api_intervalos[99];"[""187"", ""Victor Sadek Filho""]"
legislaturas.51.so_api_intervalos[100];"[""188"", ""Berenice Luz da Silva""]"
legislaturas.51.so_api_intervalos[101];"[""191"", ""Cilene Lago Salomão""]"
legislaturas.51.so_api_intervalos[102];"[""192"", ""Claudomiro Lima Pinheiro""]"
legislaturas.51.so_api_intervalos[103];"[""194"", ""Hélio Campos""]"
legislaturas.51.so_api_intervalos[104];"[""195"", ""Estefânia Rubine Marchetti""]"
legislaturas.51.so_api_intervalos[105];"[""197"", ""Dilso Cechin""]"
legislaturas.51.so_api_intervalos[106];"[""198"", ""Sandra Guidi""]"
legislaturas.51.so_api_intervalos[107];"[""199"", ""Lincoln da Cunha Pereira""]"
legislaturas.51.so_api_intervalos[108];"[""200"", ""Márcio Antônio Bueno""]"
legislaturas.51.so_api_intervalos[109];"[""201"", ""Miguel Reale Júnior""]"
legislaturas.51.so_api_intervalos[110];"[""202"", ""João Felício""]"
legislaturas.51.so_api_intervalos[111];"[""203"", ""Dulce Pereira Cardoso""]"
legislaturas.51.so_api_intervalos[112];"[""205"", ""Eraldo Machado de Lemos""]"
legislaturas.51.so_api_intervalos[113];"[""206"", ""Totó Cavalcante""]"
legislaturas.51.so_api_intervalos[114];"[""208"", ""Benedito Aparecido da Silva""]"
legislaturas.51.so_api_intervalos[115];"[""216"", ""José Bonifácio""]"
legislaturas.51.so_api_intervalos[116];"[""345"", ""Flávio Arns""]"
legislaturas.51.so_api_intervalos[117];"[""551"", ""Arthur Virgílio""]"
legislaturas.51.so_api_intervalos[118];"[""611"", ""Chiquinho Feitosa""]"
legislaturas.51.so_api_intervalos[119];"[""631"", ""Magno Malta""]"
legislaturas.51.so_api_intervalos[120];"[""643"", ""Lúcia Vânia""]"
legislaturas.51.so_api_intervalos[121];"[""670"", ""Mauro Fecury""]"
legislaturas.51.so_api_intervalos[122];"[""707"", ""Efraim Morais""]"
legislaturas.51.so_api_intervalos[123];"[""735"", ""Sergio Guerra""]"
legislaturas.51.so_api_intervalos[124];"[""740"", ""Heráclito Fortes""]"
legislaturas.51.so_api_intervalos[125];"[""825"", ""Paulo Paim""]"
legislaturas.51.so_api_intervalos[126];"[""845"", ""Aloizio Mercadante""]"
legislaturas.51.so_api_intervalos[127];"[""916"", ""João Ribeiro""]"
legislaturas.51.so_api_intervalos[128];"[""1042"", ""Íris de Araújo""]"
legislaturas.51.so_api_intervalos[129];"[""1043"", ""Luiz Soares""]"
legislaturas.51.so_api_intervalos[130];"[""1044"", ""Carlos Lupi""]"
legislaturas.51.so_api_intervalos[131];"[""1046"", ""Maria de Fátima""]"
legislaturas.51.so_api_intervalos[132];"[""1048"", ""Angelo Celeste""]"
legislaturas.51.so_api_intervalos[133];"[""1049"", ""Renildo Santana""]"
legislaturas.51.so_api_intervalos[134];"[""1052"", ""Adir Nichio""]"
legislaturas.51.so_api_intervalos[135];"[""1054"", ""Benedito Damasceno""]"
legislaturas.51.so_api_intervalos[136];"[""1055"", ""Evaristo de Luca""]"
legislaturas.51.so_api_intervalos[137];"[""1084"", ""Marcos Tavares""]"
legislaturas.51.so_api_intervalos[138];"[""1087"", ""Hermes Zanetti""]"
legislaturas.51.so_api_intervalos[139];"[""1088"", ""Eliana Cunha""]"
legislaturas.51.so_api_intervalos[140];"[""1089"", ""João Thomé Mestrinho""]"
legislaturas.51.so_api_intervalos[141];"[""1092"", ""Sebastião Riêra""]"
legislaturas.51.so_api_intervalos[142];"[""1093"", ""José Lélis""]"
legislaturas.51.so_api_intervalos[143];"[""1094"", ""Mário Calixto""]"
legislaturas.51.so_api_intervalos[144];"[""1095"", ""Paulo Elifas""]"
legislaturas.51.so_api_intervalos[145];"[""1098"", ""Vicentinho""]"
legislaturas.51.so_api_intervalos[146];"[""1099"", ""Walter Natalino""]"
legislaturas.51.so_api_intervalos[147];"[""1100"", ""Celis Santin""]"
legislaturas.51.so_api_intervalos[148];"[""1101"", ""Froylan Santos""]"
legislaturas.51.so_api_intervalos[149];"[""1143"", ""Severino Lúcio""]"
legislaturas.51.so_api_intervalos[150];"[""1146"", ""Maria Ivone""]"
legislaturas.51.so_api_intervalos[151];"[""1163"", ""Antônio Leite""]"
legislaturas.51.so_api_intervalos[152];"[""1169"", ""Paulo Octávio""]"
legislaturas.51.so_api_intervalos[153];"[""1179"", ""Hélio Costa""]"
legislaturas.51.so_api_intervalos[154];"[""1451"", ""Antonio Luiz Maya""]"
legislaturas.51.so_api_intervalos[155];"[""1737"", ""Henrique Almeida""]"
legislaturas.51.so_api_intervalos[156];"[""1869"", ""Jonas Pinheiro""]"
legislaturas.51.so_api_intervalos[157];"[""2412"", ""Ilton Mendes""]"
legislaturas.51.so_api_intervalos[158];"[""2430"", ""Hélio Correia""]"
legislaturas.51.so_api_intervalos[159];"[""3073"", ""Bráulio Coelho""]"
legislaturas.51.so_api_intervalos[160];"[""3092"", ""Valdomiro Távora""]"
legislaturas.51.so_api_intervalos[161];"[""3359"", ""Roseana Sarney""]"
legislaturas.51.so_api_intervalos[162];"[""3360"", ""Delcídio do Amaral""]"
legislaturas.51.so_api_intervalos[163];"[""3361"", ""José Maranhão""]"
legislaturas.51.so_api_intervalos[164];"[""3362"", ""Serys Slhessarenko""]"
legislaturas.51.so_api_intervalos[165];"[""3363"", ""Ana Júlia Carepa""]"
legislaturas.51.so_api_intervalos[166];"[""3364"", ""Mão Santa""]"
legislaturas.51.so_api_intervalos[167];"[""3365"", ""Sérgio Cabral""]"
legislaturas.51.so_api_intervalos[168];"[""3366"", ""Marcelo Crivella""]"
legislaturas.51.so_api_intervalos[169];"[""3371"", ""Fátima Cleide""]"
legislaturas.51.so_api_intervalos[170];"[""3372"", ""Valdir Raupp""]"
legislaturas.51.so_api_intervalos[171];"[""3373"", ""Ideli Salvatti""]"
legislaturas.51.so_api_intervalos[172];"[""3374"", ""Leonel Pavan""]"
legislaturas.51.so_api_intervalos[173];"[""3375"", ""Sérgio Zambiasi""]"
legislaturas.51.so_api_intervalos[174];"[""3392"", ""Geraldo Mesquita Júnior""]"
legislaturas.51.so_api_intervalos[175];"[""3393"", ""Papaléo Paes""]"
legislaturas.51.so_api_intervalos[176];"[""3394"", ""João Capiberibe""]"
legislaturas.51.so_api_intervalos[177];"[""3395"", ""César Borges""]"
legislaturas.51.so_api_intervalos[178];"[""3396"", ""Tasso Jereissati""]"
legislaturas.51.so_api_intervalos[179];"[""3397"", ""Patrícia Saboya""]"
legislaturas.51.so_api_intervalos[180];"[""3398"", ""Cristovam Buarque""]"
legislaturas.51.so_api_intervalos[181];"[""3399"", ""Demóstenes Torres""]"
legislaturas.51.so_api_intervalos[182];"[""3400"", ""Eduardo Azeredo""]"
legislaturas.51.so_api_intervalos[183];"[""3412"", ""Duciomar Costa""]"
legislaturas.51.so_api_intervalos[184];"[""3432"", ""Augusto Botelho""]"
legislaturas.51.so_api_intervalos[185];"[""3433"", ""Almeida Lima""]"
legislaturas.51.so_api_intervalos[186];"[""3532"", ""Sibá Machado""]"
legislaturas.51.so_api_intervalos[187];"[""3533"", ""Antonio Ferreira""]"
legislaturas.51.so_api_intervalos[188];"[""3534"", ""Natal de Souza Chaves""]"
legislaturas.51.so_api_intervalos[189];"[""3535"", ""Francisco Evandro Rosas da Costa""]"
legislaturas.51.so_api_intervalos[190];"[""3552"", ""Eurípedes Camargo""]"
legislaturas.51.so_api_intervalos[191];"[""3572"", ""Hélio Corrêa""]"
legislaturas.51.so_api_intervalos[192];"[""3573"", ""Ailton Araújo""]"
legislaturas.51.so_api_intervalos[193];"[""3574"", ""Francisco Pereira""]"
legislaturas.51.so_api_intervalos[194];"[""3575"", ""Nilis Castberg""]"
legislaturas.51.so_api_intervalos[195];"[""3578"", ""Ildon Marques""]"
legislaturas.51.so_api_intervalos[196];"[""3579"", ""Lobão Filho""]"
legislaturas.51.so_api_intervalos[197];"[""3580"", ""Remi Ribeiro""]"
legislaturas.51.so_api_intervalos[198];"[""3581"", ""Luiz Guaritá""]"
legislaturas.51.so_api_intervalos[199];"[""3582"", ""Luiz Márcio""]"
legislaturas.51.so_api_intervalos[200];"[""3583"", ""Wellington Salgado""]"
legislaturas.51.so_api_intervalos[201];"[""3584"", ""Carlos Eduardo""]"
legislaturas.51.so_api_intervalos[202];"[""3585"", ""Gustavo Krause""]"
legislaturas.51.so_api_intervalos[203];"[""3586"", ""Marcus Antonio""]"
legislaturas.51.so_api_intervalos[204];"[""3587"", ""Roberto Chaves""]"
legislaturas.51.so_api_intervalos[205];"[""3588"", ""João Batista""]"
legislaturas.51.so_api_intervalos[206];"[""3589"", ""Jesus Elias""]"
legislaturas.51.so_api_intervalos[207];"[""3590"", ""José de Andrade""]"
legislaturas.51.so_api_intervalos[208];"[""3591"", ""Adalgisa Carvalho""]"
legislaturas.51.so_api_intervalos[209];"[""3592"", ""Severo Maria""]"
legislaturas.51.so_api_intervalos[210];"[""3593"", ""João Faustino""]"
legislaturas.51.so_api_intervalos[211];"[""3594"", ""Carlos Alberto""]"
legislaturas.51.so_api_intervalos[212];"[""3595"", ""José Bezerra""]"
legislaturas.51.so_api_intervalos[213];"[""3596"", ""Edivan Secundo""]"
legislaturas.51.so_api_intervalos[214];"[""3597"", ""Wirlande da Luz""]"
legislaturas.51.so_api_intervalos[215];"[""3598"", ""Delacir de Melo""]"
legislaturas.51.so_api_intervalos[216];"[""3599"", ""Neides Batista""]"
legislaturas.51.so_api_intervalos[217];"[""3600"", ""Ernesto Martins""]"
legislaturas.51.so_api_intervalos[218];"[""3601"", ""Cláudio Antonio""]"
legislaturas.51.so_api_intervalos[219];"[""3603"", ""José Pinto""]"
legislaturas.51.so_api_intervalos[220];"[""3604"", ""Élber Batalha""]"
legislaturas.51.so_api_intervalos[221];"[""3605"", ""Paulo Carvalho""]"
legislaturas.51.so_api_intervalos[222];"[""3606"", ""Max José""]"
legislaturas.51.so_api_intervalos[223];"[""3607"", ""Nivaldo Fernando""]"
legislaturas.51.so_api_intervalos[224];"[""3608"", ""José Ramalho""]"
legislaturas.51.so_api_intervalos[225];"[""3609"", ""Odete da Cruz""]"
legislaturas.51.so_api_intervalos[226];"[""3613"", ""José Wanderley""]"
legislaturas.51.so_api_intervalos[227];"[""3615"", ""Frank Luiz""]"
legislaturas.51.so_api_intervalos[228];"[""3616"", ""Erasmo Lino de Jesus Alfaia""]"
legislaturas.51.so_api_intervalos[229];"[""3617"", ""Sebastião Cristovan""]"
legislaturas.51.so_api_intervalos[230];"[""3618"", ""Uilton José""]"
legislaturas.51.so_api_intervalos[231];"[""3619"", ""Flávio Torres""]"
legislaturas.51.so_api_intervalos[232];"[""3620"", ""Assis Almeida""]"
legislaturas.51.so_api_intervalos[233];"[""3621"", ""Moisés Marques""]"
legislaturas.51.so_api_intervalos[234];"[""3622"", ""Adelmir Santana""]"
legislaturas.51.so_api_intervalos[235];"[""3623"", ""Sandra Melon de Paula""]"
legislaturas.51.so_api_intervalos[236];"[""3624"", ""José Eduardo""]"
legislaturas.51.so_api_intervalos[237];"[""3625"", ""Antonio Faleiros""]"
legislaturas.51.so_api_intervalos[238];"[""3626"", ""Gilberto Goellner""]"
legislaturas.51.so_api_intervalos[239];"[""3627"", ""Wanderley A.""]"
legislaturas.51.so_api_intervalos[240];"[""3628"", ""Orency Francisco""]"
legislaturas.51.so_api_intervalos[241];"[""3629"", ""Valter Pereira""]"
legislaturas.51.so_api_intervalos[242];"[""3630"", ""Eduardo Otávio Teixeira Marcondes""]"
legislaturas.51.so_api_intervalos[243];"[""3631"", ""Roberto Cavalcanti""]"
legislaturas.51.so_api_intervalos[244];"[""3632"", ""Fernando Catão""]"
legislaturas.51.so_api_intervalos[245];"[""3633"", ""Marta Ramalho""]"
legislaturas.51.so_api_intervalos[246];"[""3635"", ""Gomes Carvalho""]"
legislaturas.51.so_api_intervalos[247];"[""3636"", ""Jorge Luiz""]"
legislaturas.51.so_api_intervalos[248];"[""3637"", ""Danimar Cristina""]"
legislaturas.51.so_api_intervalos[249];"[""3638"", ""Márcio Tadeu Vieira Pessatti""]"
legislaturas.51.so_api_intervalos[250];"[""3639"", ""Regis Fichtner""]"
legislaturas.51.so_api_intervalos[251];"[""3640"", ""Eraldo Macedo""]"
legislaturas.51.so_api_intervalos[252];"[""3641"", ""Jairo Augusto""]"
legislaturas.51.so_api_intervalos[253];"[""3642"", ""Belini Meurer""]"
legislaturas.51.so_api_intervalos[254];"[""3643"", ""Luiz Carlos""]"
legislaturas.51.so_api_intervalos[255];"[""3644"", ""Neuto de Conto""]"
legislaturas.51.so_api_intervalos[256];"[""3645"", ""Selma Elias""]"
legislaturas.51.so_api_intervalos[257];"[""3646"", ""Sadi Cassol""]"
legislaturas.51.so_api_intervalos[258];"[""3647"", ""Luiz Tolentino""]"
legislaturas.51.so_api_intervalos[259];"[""3648"", ""Nezinho Alencar""]"
legislaturas.51.so_api_intervalos[260];"[""3649"", ""José Giácomo""]"
legislaturas.51.so_api_intervalos[261];"[""3650"", ""João Vaccari""]"
legislaturas.51.so_api_intervalos[262];"[""3651"", ""Alfredo Cotait Neto""]"
legislaturas.51.so_api_intervalos[263];"[""3652"", ""João Tenório""]"
legislaturas.51.so_api_intervalos[264];"[""4516"", ""Antonio João""]"
legislaturas.51.so_api_intervalos[265];"[""4522"", ""Geovani Borges""]"
legislaturas.51.so_api_intervalos[266];"[""4547"", ""José Nery""]"
legislaturas.51.so_api_intervalos[267];"[""4549"", ""Paulo Duque""]"
legislaturas.51.so_api_intervalos[268];"[""4792"", ""Jefferson Praia""]"
legislaturas.51.so_api_intervalos[269];"[""4794"", ""Alfredo Antonio Goulart Sade""]"
legislaturas.51.so_api_intervalos[270];"[""4843"", ""José Oliveira Costa""]"
legislaturas.51.so_api_intervalos[271];"[""4845"", ""Valquíria Alves Brandão César""]"
legislaturas.51.so_api_intervalos[272];"[""4847"", ""Salomão Alcolumbre Júnior""]"
legislaturas.51.so_api_intervalos[273];"[""4851"", ""Ana Virgínia Rego Gama""]"
legislaturas.51.so_api_intervalos[274];"[""4863"", ""Francisco das Chagas Alcantara""]"
legislaturas.51.so_api_intervalos[275];"[""4865"", ""Abdala Karin Nabut""]"
legislaturas.51.so_api_intervalos[276];"[""4875"", ""Marlúcio Pereira da Silva""]"
legislaturas.51.so_api_intervalos[277];"[""4885"", ""Jorge Yanai""]"
legislaturas.51.so_api_intervalos[278];"[""4889"", ""Ordalino Martins da Cunha""]"
legislaturas.51.so_api_intervalos[279];"[""4899"", ""Michel Dib Tachy""]"
legislaturas.51.so_api_intervalos[280];"[""4905"", ""Everaldo Siqueira Moreira""]"
legislaturas.51.so_api_intervalos[281];"[""4907"", ""Antonio Porcino Sobrinho""]"
legislaturas.51.so_api_intervalos[282];"[""4931"", ""Natal Wellington Rodrigues Furucho""]"
legislaturas.51.so_api_intervalos[283];"[""4939"", ""Humberto Sorio Júnior""]"
legislaturas.51.so_api_intervalos[284];"[""4947"", ""José Raimundo Pires""]"
legislaturas.51.so_api_intervalos[285];"[""4949"", ""Tomás Correia""]"
legislaturas.51.so_api_intervalos[286];"[""4951"", ""Manoel Angelo Chagas""]"
legislaturas.51.so_api_intervalos[287];"[""4967"", ""Alexandre Honore Marie Thioillier Filho""]"
legislaturas.51.so_api_intervalos[288];"[""4973"", ""José João Batista Stival""]"
legislaturas.51.so_api_intervalos[289];"[""5074"", ""Sander Fraxe Salomao""]"
legislaturas.51.senadores[0];"[""1"", ""Ademir Andrade""]"
legislaturas.51.senadores[1];"[""2"", ""Alexandre Costa""]"
legislaturas.51.senadores[2];"[""3"", ""Antonio Carlos Valadares""]"
legislaturas.51.senadores[3];"[""4"", ""Antonio Carlos Magalhães""]"
legislaturas.51.senadores[4];"[""5"", ""Arlindo Porto""]"
legislaturas.51.senadores[5];"[""6"", ""Artur da Tavola""]"
legislaturas.51.senadores[6];"[""7"", ""Benedita da Silva""]"
legislaturas.51.senadores[7];"[""9"", ""Bernardo Cabral""]"
legislaturas.51.senadores[8];"[""10"", ""Carlos Bezerra""]"
legislaturas.51.senadores[9];"[""11"", ""Carlos Patrocínio""]"
legislaturas.51.senadores[10];"[""12"", ""Carlos Wilson""]"
legislaturas.51.senadores[11];"[""13"", ""Casildo Maldaner""]"
legislaturas.51.senadores[12];"[""16"", ""Edison Lobão""]"
legislaturas.51.senadores[13];"[""17"", ""Eduardo Suplicy""]"
legislaturas.51.senadores[14];"[""19"", ""Emília Fernandes""]"
legislaturas.51.senadores[15];"[""21"", ""Ernandes Amorim""]"
legislaturas.51.senadores[16];"[""23"", ""Fernando Bezerra""]"
legislaturas.51.senadores[17];"[""25"", ""Francelino Pereira""]"
legislaturas.51.senadores[18];"[""26"", ""Freitas Neto""]"
legislaturas.51.senadores[19];"[""27"", ""Geraldo Melo""]"
legislaturas.51.senadores[20];"[""28"", ""Gerson Camata""]"
legislaturas.51.senadores[21];"[""30"", ""Gilvam Borges""]"
legislaturas.51.senadores[22];"[""32"", ""Hugo Napoleão""]"
legislaturas.51.senadores[23];"[""33"", ""Humberto Lucena""]"
legislaturas.51.senadores[24];"[""34"", ""Iris Rezende""]"
legislaturas.51.senadores[25];"[""35"", ""Jader Barbalho""]"
legislaturas.51.senadores[26];"[""36"", ""Jefferson Peres""]"
legislaturas.51.senadores[27];"[""38"", ""Jonas Pinheiro""]"
legislaturas.51.senadores[28];"[""40"", ""José Agripino""]"
legislaturas.51.senadores[29];"[""42"", ""José Bianco""]"
legislaturas.51.senadores[30];"[""43"", ""José Eduardo Dutra""]"
legislaturas.51.senadores[31];"[""44"", ""José Fogaça""]"
legislaturas.51.senadores[32];"[""45"", ""José Ignácio Ferreira""]"
legislaturas.51.senadores[33];"[""46"", ""José Roberto Arruda""]"
legislaturas.51.senadores[34];"[""47"", ""José Sarney""]"
legislaturas.51.senadores[35];"[""52"", ""Lauro Campos""]"
legislaturas.51.senadores[36];"[""53"", ""Leomar Quintanilha""]"
legislaturas.51.senadores[37];"[""57"", ""Lúcio Alcântara""]"
legislaturas.51.senadores[38];"[""58"", ""Lúdio Coelho""]"
legislaturas.51.senadores[39];"[""59"", ""Marina Silva""]"
legislaturas.51.senadores[40];"[""60"", ""Marluce Pinto""]"
legislaturas.51.senadores[41];"[""61"", ""Mauro Miranda""]"
legislaturas.51.senadores[42];"[""62"", ""Nabor Júnior""]"
legislaturas.51.senadores[43];"[""63"", ""Ney Suassuna""]"
legislaturas.51.senadores[44];"[""66"", ""Osmar Dias""]"
legislaturas.51.senadores[45];"[""67"", ""Pedro Piva""]"
legislaturas.51.senadores[46];"[""68"", ""Pedro Simon""]"
legislaturas.51.senadores[47];"[""69"", ""Ramez Tebet""]"
legislaturas.51.senadores[48];"[""70"", ""Renan Calheiros""]"
legislaturas.51.senadores[49];"[""71"", ""Roberto Freire""]"
legislaturas.51.senadores[50];"[""72"", ""Roberto Requião""]"
legislaturas.51.senadores[51];"[""73"", ""Romero Jucá""]"
legislaturas.51.senadores[52];"[""74"", ""Romeu Tuma""]"
legislaturas.51.senadores[53];"[""75"", ""Ronaldo Cunha Lima""]"
legislaturas.51.senadores[54];"[""76"", ""Sebastião Bala Rocha""]"
legislaturas.51.senadores[55];"[""77"", ""Sérgio Machado""]"
legislaturas.51.senadores[56];"[""78"", ""Teotonio Vilela Filho""]"
legislaturas.51.senadores[57];"[""80"", ""Vilson Kleinübing""]"
legislaturas.51.senadores[58];"[""81"", ""Waldeck Ornelas""]"
legislaturas.51.senadores[59];"[""90"", ""José Serra""]"
legislaturas.51.senadores[60];"[""91"", ""Júlio Eduardo""]"
legislaturas.51.senadores[61];"[""96"", ""Djalma Falcão""]"
legislaturas.51.senadores[62];"[""97"", ""Geraldo Lessa""]"
legislaturas.51.senadores[63];"[""101"", ""Maria Benigna Jucá""]"
legislaturas.51.senadores[64];"[""111"", ""Blairo Maggi""]"
legislaturas.51.senadores[65];"[""118"", ""Antonio Carlos Júnior""]"
legislaturas.51.senadores[66];"[""120"", ""Djalma Bessa""]"
legislaturas.51.senadores[67];"[""121"", ""Pedro Ubirajara""]"
legislaturas.51.senadores[68];"[""127"", ""Luiz Girão""]"
legislaturas.51.senadores[69];"[""139"", ""Reginaldo Duarte""]"
legislaturas.51.senadores[70];"[""140"", ""Wellington Roberto""]"
legislaturas.51.senadores[71];"[""143"", ""Silva Júnior""]"
legislaturas.51.senadores[72];"[""144"", ""Ulisses Riedel""]"
legislaturas.51.senadores[73];"[""150"", ""Nivaldo Krüger""]"
legislaturas.51.senadores[74];"[""151"", ""Luiz Pastore""]"
legislaturas.51.senadores[75];"[""154"", ""Clodoaldo Torres""]"
legislaturas.51.senadores[76];"[""156"", ""Ricardo Santos""]"
legislaturas.51.senadores[77];"[""158"", ""Luzia Toledo""]"
legislaturas.51.senadores[78];"[""162"", ""Benício Sampaio""]"
legislaturas.51.senadores[79];"[""166"", ""Nilo Teixeira Campos""]"
legislaturas.51.senadores[80];"[""176"", ""Edir Domeneghini""]"
legislaturas.51.senadores[81];"[""184"", ""Fernando Matusalém""]"
legislaturas.51.senadores[82];"[""185"", ""Bello Parga""]"
legislaturas.51.senadores[83];"[""186"", ""Moreira Mendes""]"
legislaturas.51.senadores[84];"[""193"", ""Henrique Loyola""]"
legislaturas.51.senadores[85];"[""196"", ""Geraldo Althoff""]"
legislaturas.51.senadores[86];"[""204"", ""Valdiolanda Teófilo""]"
legislaturas.51.senadores[87];"[""209"", ""Albino Boaventura""]"
legislaturas.51.senadores[88];"[""221"", ""Francisco Escórcio""]"
legislaturas.51.senadores[89];"[""302"", ""Maguito Vilela""]"
legislaturas.51.senadores[90];"[""540"", ""Geraldo Cândido""]"
legislaturas.51.senadores[91];"[""922"", ""José Jorge""]"
legislaturas.51.senadores[92];"[""923"", ""Heloísa Helena""]"
legislaturas.51.senadores[93];"[""924"", ""Paulo Souto""]"
legislaturas.51.senadores[94];"[""942"", ""Paulo Hartung""]"
legislaturas.51.senadores[95];"[""943"", ""Luiz Estevão""]"
legislaturas.51.senadores[96];"[""944"", ""Gilberto Mestrinho""]"
legislaturas.51.senadores[97];"[""945"", ""Alvaro Dias""]"
legislaturas.51.senadores[98];"[""946"", ""Alberto Silva""]"
legislaturas.51.senadores[99];"[""947"", ""Luiz Otavio""]"
legislaturas.51.senadores[100];"[""948"", ""Jorge Bornhausen""]"
legislaturas.51.senadores[101];"[""949"", ""Juvêncio da Fonseca""]"
legislaturas.51.senadores[102];"[""950"", ""João Alberto Souza""]"
legislaturas.51.senadores[103];"[""951"", ""José Alencar""]"
legislaturas.51.senadores[104];"[""952"", ""Mozarildo Cavalcanti""]"
legislaturas.51.senadores[105];"[""982"", ""Tião Viana""]"
legislaturas.51.senadores[106];"[""1002"", ""Antero Paes de Barros""]"
legislaturas.51.senadores[107];"[""1022"", ""Luiz Pontes""]"
legislaturas.51.senadores[108];"[""1023"", ""Maria do Carmo Alves""]"
legislaturas.51.senadores[109];"[""1024"", ""Eduardo Siqueira Campos""]"
legislaturas.51.senadores[110];"[""1025"", ""Amir Lando""]"
legislaturas.51.senadores[111];"[""1026"", ""Roberto Saturnino""]"
legislaturas.51.senadores[112];"[""1045"", ""Robinson Viana""]"
legislaturas.51.senadores[113];"[""1047"", ""Thelma Siqueira Campos""]"
legislaturas.51.senadores[114];"[""1050"", ""Valmir Amaral""]"
legislaturas.51.senadores[115];"[""1051"", ""João Batista Motta""]"
legislaturas.51.senadores[116];"[""1053"", ""Agnelo Alves""]"
legislaturas.51.senadores[117];"[""1083"", ""Olivir Gabardo""]"
legislaturas.51.senadores[118];"[""1085"", ""Rodolpho Tourinho""]"
legislaturas.51.senadores[119];"[""1086"", ""Ribamar Fiquene""]"
legislaturas.51.senadores[120];"[""1090"", ""Nova da Costa""]"
legislaturas.51.senadores[121];"[""1091"", ""Aelton Freitas""]"
legislaturas.51.senadores[122];"[""1096"", ""Vasco Furlan""]"
legislaturas.51.senadores[123];"[""1097"", ""Ari Stadler""]"
legislaturas.51.senadores[124];"[""1330"", ""Tasso Rosado""]"
legislaturas.51.senadores[125];"[""2332"", ""José Coelho""]"
legislaturas.51.senadores[126];"[""2411"", ""Lindberg Cury""]"
legislaturas.51.senadores[127];"[""2632"", ""Fernando Ribeiro""]"
legislaturas.51.senadores[128];"[""3072"", ""Chico Sartori""]"
legislaturas.51.senadores[129];"[""3132"", ""Adir Gentil""]"
legislaturas.51.senadores[130];"[""3492"", ""Meira Lins""]"
legislaturas.52.portal;118
legislaturas.52.api_uniao_dos_intervalos;418
legislaturas.52.em_ambos;117
legislaturas.52.so_portal[0];"[""3634"", ""Flexa Ribeiro""]"
legislaturas.52.so_api_intervalos[0];"[""1"", ""Ademir Andrade""]"
legislaturas.52.so_api_intervalos[1];"[""2"", ""Alexandre Costa""]"
legislaturas.52.so_api_intervalos[2];"[""5"", ""Arlindo Porto""]"
legislaturas.52.so_api_intervalos[3];"[""6"", ""Artur da Tavola""]"
legislaturas.52.so_api_intervalos[4];"[""7"", ""Benedita da Silva""]"
legislaturas.52.so_api_intervalos[5];"[""9"", ""Bernardo Cabral""]"
legislaturas.52.so_api_intervalos[6];"[""10"", ""Carlos Bezerra""]"
legislaturas.52.so_api_intervalos[7];"[""11"", ""Carlos Patrocínio""]"
legislaturas.52.so_api_intervalos[8];"[""12"", ""Carlos Wilson""]"
legislaturas.52.so_api_intervalos[9];"[""13"", ""Casildo Maldaner""]"
legislaturas.52.so_api_intervalos[10];"[""19"", ""Emília Fernandes""]"
legislaturas.52.so_api_intervalos[11];"[""20"", ""Epitácio Cafeteira""]"
legislaturas.52.so_api_intervalos[12];"[""21"", ""Ernandes Amorim""]"
legislaturas.52.so_api_intervalos[13];"[""25"", ""Francelino Pereira""]"
legislaturas.52.so_api_intervalos[14];"[""26"", ""Freitas Neto""]"
legislaturas.52.so_api_intervalos[15];"[""27"", ""Geraldo Melo""]"
legislaturas.52.so_api_intervalos[16];"[""32"", ""Hugo Napoleão""]"
legislaturas.52.so_api_intervalos[17];"[""33"", ""Humberto Lucena""]"
legislaturas.52.so_api_intervalos[18];"[""34"", ""Iris Rezende""]"
legislaturas.52.so_api_intervalos[19];"[""35"", ""Jader Barbalho""]"
legislaturas.52.so_api_intervalos[20];"[""42"", ""José Bianco""]"
legislaturas.52.so_api_intervalos[21];"[""43"", ""José Eduardo Dutra""]"
legislaturas.52.so_api_intervalos[22];"[""44"", ""José Fogaça""]"
legislaturas.52.so_api_intervalos[23];"[""45"", ""José Ignácio Ferreira""]"
legislaturas.52.so_api_intervalos[24];"[""46"", ""José Roberto Arruda""]"
legislaturas.52.so_api_intervalos[25];"[""52"", ""Lauro Campos""]"
legislaturas.52.so_api_intervalos[26];"[""57"", ""Lúcio Alcântara""]"
legislaturas.52.so_api_intervalos[27];"[""58"", ""Lúdio Coelho""]"
legislaturas.52.so_api_intervalos[28];"[""60"", ""Marluce Pinto""]"
legislaturas.52.so_api_intervalos[29];"[""61"", ""Mauro Miranda""]"
legislaturas.52.so_api_intervalos[30];"[""62"", ""Nabor Júnior""]"
legislaturas.52.so_api_intervalos[31];"[""67"", ""Pedro Piva""]"
legislaturas.52.so_api_intervalos[32];"[""71"", ""Roberto Freire""]"
legislaturas.52.so_api_intervalos[33];"[""72"", ""Roberto Requião""]"
legislaturas.52.so_api_intervalos[34];"[""75"", ""Ronaldo Cunha Lima""]"
legislaturas.52.so_api_intervalos[35];"[""76"", ""Sebastião Bala Rocha""]"
legislaturas.52.so_api_intervalos[36];"[""77"", ""Sérgio Machado""]"
legislaturas.52.so_api_intervalos[37];"[""80"", ""Vilson Kleinübing""]"
legislaturas.52.so_api_intervalos[38];"[""81"", ""Waldeck Ornelas""]"
legislaturas.52.so_api_intervalos[39];"[""90"", ""José Serra""]"
legislaturas.52.so_api_intervalos[40];"[""91"", ""Júlio Eduardo""]"
legislaturas.52.so_api_intervalos[41];"[""92"", ""Armando Dantas do Nascimento""]"
legislaturas.52.so_api_intervalos[42];"[""93"", ""Raimundo Lopes de Mélo""]"
legislaturas.52.so_api_intervalos[43];"[""96"", ""Djalma Falcão""]"
legislaturas.52.so_api_intervalos[44];"[""97"", ""Geraldo Lessa""]"
legislaturas.52.so_api_intervalos[45];"[""100"", ""Roseni das Graças Silva Soares""]"
legislaturas.52.so_api_intervalos[46];"[""101"", ""Maria Benigna Jucá""]"
legislaturas.52.so_api_intervalos[47];"[""104"", ""José de Sousa Teixeira""]"
legislaturas.52.so_api_intervalos[48];"[""107"", ""Leopoldo Peres""]"
legislaturas.52.so_api_intervalos[49];"[""109"", ""Edson Gomes da Silva""]"
legislaturas.52.so_api_intervalos[50];"[""110"", ""Eloi Almeida""]"
legislaturas.52.so_api_intervalos[51];"[""113"", ""Vicente da Riva""]"
legislaturas.52.so_api_intervalos[52];"[""116"", ""Jorge Haddad""]"
legislaturas.52.so_api_intervalos[53];"[""117"", ""Sandro Fabi""]"
legislaturas.52.so_api_intervalos[54];"[""118"", ""Antonio Carlos Júnior""]"
legislaturas.52.so_api_intervalos[55];"[""119"", ""Pedro Paulo""]"
legislaturas.52.so_api_intervalos[56];"[""120"", ""Djalma Bessa""]"
legislaturas.52.so_api_intervalos[57];"[""121"", ""Pedro Ubirajara""]"
legislaturas.52.so_api_intervalos[58];"[""122"", ""Gabriel Nunes""]"
legislaturas.52.so_api_intervalos[59];"[""127"", ""Luiz Girão""]"
legislaturas.52.so_api_intervalos[60];"[""128"", ""Regina Assumpção""]"
legislaturas.52.so_api_intervalos[61];"[""132"", ""João Augusto O. Figueiredo""]"
legislaturas.52.so_api_intervalos[62];"[""133"", ""José Lino da Silveira Filho""]"
legislaturas.52.so_api_intervalos[63];"[""134"", ""Orlando Dordallo Júnior""]"
legislaturas.52.so_api_intervalos[64];"[""135"", ""Laércio Barbalho""]"
legislaturas.52.so_api_intervalos[65];"[""138"", ""Esmerino Arruda""]"
legislaturas.52.so_api_intervalos[66];"[""140"", ""Wellington Roberto""]"
legislaturas.52.so_api_intervalos[67];"[""142"", ""Renato Cunha Lima""]"
legislaturas.52.so_api_intervalos[68];"[""143"", ""Silva Júnior""]"
legislaturas.52.so_api_intervalos[69];"[""144"", ""Ulisses Riedel""]"
legislaturas.52.so_api_intervalos[70];"[""147"", ""Wagner Bustolo Pacheco""]"
legislaturas.52.so_api_intervalos[71];"[""148"", ""Pedro Segundo Seleme""]"
legislaturas.52.so_api_intervalos[72];"[""150"", ""Nivaldo Krüger""]"
legislaturas.52.so_api_intervalos[73];"[""151"", ""Luiz Pastore""]"
legislaturas.52.so_api_intervalos[74];"[""153"", ""José Luiz de Souza""]"
legislaturas.52.so_api_intervalos[75];"[""154"", ""Clodoaldo Torres""]"
legislaturas.52.so_api_intervalos[76];"[""155"", ""Waldemar Borges Rodrigues""]"
legislaturas.52.so_api_intervalos[77];"[""156"", ""Ricardo Santos""]"
legislaturas.52.so_api_intervalos[78];"[""158"", ""Luzia Toledo""]"
legislaturas.52.so_api_intervalos[79];"[""159"", ""Elói Portela""]"
legislaturas.52.so_api_intervalos[80];"[""160"", ""Manoel Lira Parente""]"
legislaturas.52.so_api_intervalos[81];"[""162"", ""Benício Sampaio""]"
legislaturas.52.so_api_intervalos[82];"[""163"", ""Antônio Rufino""]"
legislaturas.52.so_api_intervalos[83];"[""166"", ""Nilo Teixeira Campos""]"
legislaturas.52.so_api_intervalos[84];"[""169"", ""Manoel Torres de Araújo""]"
legislaturas.52.so_api_intervalos[85];"[""170"", ""Aroldo Azevedo""]"
legislaturas.52.so_api_intervalos[86];"[""171"", ""Janilson Ferreira""]"
legislaturas.52.so_api_intervalos[87];"[""174"", ""Luiz Tirello""]"
legislaturas.52.so_api_intervalos[88];"[""175"", ""Otoniel Machado""]"
legislaturas.52.so_api_intervalos[89];"[""176"", ""Edir Domeneghini""]"
legislaturas.52.so_api_intervalos[90];"[""178"", ""Guerino Pizone""]"
legislaturas.52.so_api_intervalos[91];"[""179"", ""Flávio Bernardo Jeckel""]"
legislaturas.52.so_api_intervalos[92];"[""184"", ""Fernando Matusalém""]"
legislaturas.52.so_api_intervalos[93];"[""185"", ""Bello Parga""]"
legislaturas.52.so_api_intervalos[94];"[""186"", ""Moreira Mendes""]"
legislaturas.52.so_api_intervalos[95];"[""191"", ""Cilene Lago Salomão""]"
legislaturas.52.so_api_intervalos[96];"[""193"", ""Henrique Loyola""]"
legislaturas.52.so_api_intervalos[97];"[""195"", ""Estefânia Rubine Marchetti""]"
legislaturas.52.so_api_intervalos[98];"[""196"", ""Geraldo Althoff""]"
legislaturas.52.so_api_intervalos[99];"[""199"", ""Lincoln da Cunha Pereira""]"
legislaturas.52.so_api_intervalos[100];"[""200"", ""Márcio Antônio Bueno""]"
legislaturas.52.so_api_intervalos[101];"[""201"", ""Miguel Reale Júnior""]"
legislaturas.52.so_api_intervalos[102];"[""204"", ""Valdiolanda Teófilo""]"
legislaturas.52.so_api_intervalos[103];"[""206"", ""Totó Cavalcante""]"
legislaturas.52.so_api_intervalos[104];"[""209"", ""Albino Boaventura""]"
legislaturas.52.so_api_intervalos[105];"[""216"", ""José Bonifácio""]"
legislaturas.52.so_api_intervalos[106];"[""221"", ""Francisco Escórcio""]"
legislaturas.52.so_api_intervalos[107];"[""394"", ""Eliseu Resende""]"
legislaturas.52.so_api_intervalos[108];"[""527"", ""Marisa Serrano""]"
legislaturas.52.so_api_intervalos[109];"[""540"", ""Geraldo Cândido""]"
legislaturas.52.so_api_intervalos[110];"[""611"", ""Chiquinho Feitosa""]"
legislaturas.52.so_api_intervalos[111];"[""613"", ""Inácio Arruda""]"
legislaturas.52.so_api_intervalos[112];"[""704"", ""Carlos Dunga""]"
legislaturas.52.so_api_intervalos[113];"[""765"", ""Francisco Dornelles""]"
legislaturas.52.so_api_intervalos[114];"[""1044"", ""Carlos Lupi""]"
legislaturas.52.so_api_intervalos[115];"[""1045"", ""Robinson Viana""]"
legislaturas.52.so_api_intervalos[116];"[""1046"", ""Maria de Fátima""]"
legislaturas.52.so_api_intervalos[117];"[""1047"", ""Thelma Siqueira Campos""]"
legislaturas.52.so_api_intervalos[118];"[""1048"", ""Angelo Celeste""]"
legislaturas.52.so_api_intervalos[119];"[""1052"", ""Adir Nichio""]"
legislaturas.52.so_api_intervalos[120];"[""1053"", ""Agnelo Alves""]"
legislaturas.52.so_api_intervalos[121];"[""1054"", ""Benedito Damasceno""]"
legislaturas.52.so_api_intervalos[122];"[""1055"", ""Evaristo de Luca""]"
legislaturas.52.so_api_intervalos[123];"[""1084"", ""Marcos Tavares""]"
legislaturas.52.so_api_intervalos[124];"[""1087"", ""Hermes Zanetti""]"
legislaturas.52.so_api_intervalos[125];"[""1088"", ""Eliana Cunha""]"
legislaturas.52.so_api_intervalos[126];"[""1090"", ""Nova da Costa""]"
legislaturas.52.so_api_intervalos[127];"[""1092"", ""Sebastião Riêra""]"
legislaturas.52.so_api_intervalos[128];"[""1093"", ""José Lélis""]"
legislaturas.52.so_api_intervalos[129];"[""1096"", ""Vasco Furlan""]"
legislaturas.52.so_api_intervalos[130];"[""1097"", ""Ari Stadler""]"
legislaturas.52.so_api_intervalos[131];"[""1098"", ""Vicentinho""]"
legislaturas.52.so_api_intervalos[132];"[""1099"", ""Walter Natalino""]"
legislaturas.52.so_api_intervalos[133];"[""1100"", ""Celis Santin""]"
legislaturas.52.so_api_intervalos[134];"[""1101"", ""Froylan Santos""]"
legislaturas.52.so_api_intervalos[135];"[""1143"", ""Severino Lúcio""]"
legislaturas.52.so_api_intervalos[136];"[""1146"", ""Maria Ivone""]"
legislaturas.52.so_api_intervalos[137];"[""1189"", ""Expedito Júnior""]"
legislaturas.52.so_api_intervalos[138];"[""1206"", ""Raimundo Colombo""]"
legislaturas.52.so_api_intervalos[139];"[""1210"", ""Osvaldo Sobrinho""]"
legislaturas.52.so_api_intervalos[140];"[""1249"", ""Kátia Abreu""]"
legislaturas.52.so_api_intervalos[141];"[""1330"", ""Tasso Rosado""]"
legislaturas.52.so_api_intervalos[142];"[""2332"", ""José Coelho""]"
legislaturas.52.so_api_intervalos[143];"[""2411"", ""Lindberg Cury""]"
legislaturas.52.so_api_intervalos[144];"[""2412"", ""Ilton Mendes""]"
legislaturas.52.so_api_intervalos[145];"[""2430"", ""Hélio Correia""]"
legislaturas.52.so_api_intervalos[146];"[""2632"", ""Fernando Ribeiro""]"
legislaturas.52.so_api_intervalos[147];"[""3072"", ""Chico Sartori""]"
legislaturas.52.so_api_intervalos[148];"[""3073"", ""Bráulio Coelho""]"
legislaturas.52.so_api_intervalos[149];"[""3092"", ""Valdomiro Távora""]"
legislaturas.52.so_api_intervalos[150];"[""3132"", ""Adir Gentil""]"
legislaturas.52.so_api_intervalos[151];"[""3492"", ""Meira Lins""]"
legislaturas.52.so_api_intervalos[152];"[""3533"", ""Antonio Ferreira""]"
legislaturas.52.so_api_intervalos[153];"[""3534"", ""Natal de Souza Chaves""]"
legislaturas.52.so_api_intervalos[154];"[""3535"", ""Francisco Evandro Rosas da Costa""]"
legislaturas.52.so_api_intervalos[155];"[""3572"", ""Hélio Corrêa""]"
legislaturas.52.so_api_intervalos[156];"[""3573"", ""Ailton Araújo""]"
legislaturas.52.so_api_intervalos[157];"[""3575"", ""Nilis Castberg""]"
legislaturas.52.so_api_intervalos[158];"[""3579"", ""Lobão Filho""]"
legislaturas.52.so_api_intervalos[159];"[""3580"", ""Remi Ribeiro""]"
legislaturas.52.so_api_intervalos[160];"[""3581"", ""Luiz Guaritá""]"
legislaturas.52.so_api_intervalos[161];"[""3582"", ""Luiz Márcio""]"
legislaturas.52.so_api_intervalos[162];"[""3584"", ""Carlos Eduardo""]"
legislaturas.52.so_api_intervalos[163];"[""3585"", ""Gustavo Krause""]"
legislaturas.52.so_api_intervalos[164];"[""3586"", ""Marcus Antonio""]"
legislaturas.52.so_api_intervalos[165];"[""3587"", ""Roberto Chaves""]"
legislaturas.52.so_api_intervalos[166];"[""3588"", ""João Batista""]"
legislaturas.52.so_api_intervalos[167];"[""3589"", ""Jesus Elias""]"
legislaturas.52.so_api_intervalos[168];"[""3590"", ""José de Andrade""]"
legislaturas.52.so_api_intervalos[169];"[""3591"", ""Adalgisa Carvalho""]"
legislaturas.52.so_api_intervalos[170];"[""3592"", ""Severo Maria""]"
legislaturas.52.so_api_intervalos[171];"[""3593"", ""João Faustino""]"
legislaturas.52.so_api_intervalos[172];"[""3594"", ""Carlos Alberto""]"
legislaturas.52.so_api_intervalos[173];"[""3595"", ""José Bezerra""]"
legislaturas.52.so_api_intervalos[174];"[""3596"", ""Edivan Secundo""]"
legislaturas.52.so_api_intervalos[175];"[""3598"", ""Delacir de Melo""]"
legislaturas.52.so_api_intervalos[176];"[""3599"", ""Neides Batista""]"
legislaturas.52.so_api_intervalos[177];"[""3600"", ""Ernesto Martins""]"
legislaturas.52.so_api_intervalos[178];"[""3601"", ""Cláudio Antonio""]"
legislaturas.52.so_api_intervalos[179];"[""3603"", ""José Pinto""]"
legislaturas.52.so_api_intervalos[180];"[""3604"", ""Élber Batalha""]"
legislaturas.52.so_api_intervalos[181];"[""3605"", ""Paulo Carvalho""]"
legislaturas.52.so_api_intervalos[182];"[""3606"", ""Max José""]"
legislaturas.52.so_api_intervalos[183];"[""3607"", ""Nivaldo Fernando""]"
legislaturas.52.so_api_intervalos[184];"[""3608"", ""José Ramalho""]"
legislaturas.52.so_api_intervalos[185];"[""3609"", ""Odete da Cruz""]"
legislaturas.52.so_api_intervalos[186];"[""3613"", ""José Wanderley""]"
legislaturas.52.so_api_intervalos[187];"[""3615"", ""Frank Luiz""]"
legislaturas.52.so_api_intervalos[188];"[""3616"", ""Erasmo Lino de Jesus Alfaia""]"
legislaturas.52.so_api_intervalos[189];"[""3617"", ""Sebastião Cristovan""]"
legislaturas.52.so_api_intervalos[190];"[""3618"", ""Uilton José""]"
legislaturas.52.so_api_intervalos[191];"[""3619"", ""Flávio Torres""]"
legislaturas.52.so_api_intervalos[192];"[""3620"", ""Assis Almeida""]"
legislaturas.52.so_api_intervalos[193];"[""3621"", ""Moisés Marques""]"
legislaturas.52.so_api_intervalos[194];"[""3623"", ""Sandra Melon de Paula""]"
legislaturas.52.so_api_intervalos[195];"[""3624"", ""José Eduardo""]"
legislaturas.52.so_api_intervalos[196];"[""3625"", ""Antonio Faleiros""]"
legislaturas.52.so_api_intervalos[197];"[""3627"", ""Wanderley A.""]"
legislaturas.52.so_api_intervalos[198];"[""3628"", ""Orency Francisco""]"
legislaturas.52.so_api_intervalos[199];"[""3630"", ""Eduardo Otávio Teixeira Marcondes""]"
legislaturas.52.so_api_intervalos[200];"[""3632"", ""Fernando Catão""]"
legislaturas.52.so_api_intervalos[201];"[""3633"", ""Marta Ramalho""]"
legislaturas.52.so_api_intervalos[202];"[""3635"", ""Gomes Carvalho""]"
legislaturas.52.so_api_intervalos[203];"[""3636"", ""Jorge Luiz""]"
legislaturas.52.so_api_intervalos[204];"[""3637"", ""Danimar Cristina""]"
legislaturas.52.so_api_intervalos[205];"[""3638"", ""Márcio Tadeu Vieira Pessatti""]"
legislaturas.52.so_api_intervalos[206];"[""3640"", ""Eraldo Macedo""]"
legislaturas.52.so_api_intervalos[207];"[""3641"", ""Jairo Augusto""]"
legislaturas.52.so_api_intervalos[208];"[""3642"", ""Belini Meurer""]"
legislaturas.52.so_api_intervalos[209];"[""3643"", ""Luiz Carlos""]"
legislaturas.52.so_api_intervalos[210];"[""3645"", ""Selma Elias""]"
legislaturas.52.so_api_intervalos[211];"[""3646"", ""Sadi Cassol""]"
legislaturas.52.so_api_intervalos[212];"[""3647"", ""Luiz Tolentino""]"
legislaturas.52.so_api_intervalos[213];"[""3649"", ""José Giácomo""]"
legislaturas.52.so_api_intervalos[214];"[""3650"", ""João Vaccari""]"
legislaturas.52.so_api_intervalos[215];"[""3651"", ""Alfredo Cotait Neto""]"
legislaturas.52.so_api_intervalos[216];"[""3868"", ""Renato Casagrande""]"
legislaturas.52.so_api_intervalos[217];"[""4525"", ""Fernando Collor""]"
legislaturas.52.so_api_intervalos[218];"[""4527"", ""Alfredo Nascimento""]"
legislaturas.52.so_api_intervalos[219];"[""4529"", ""Cícero Lucena""]"
legislaturas.52.so_api_intervalos[220];"[""4531"", ""Jayme Campos""]"
legislaturas.52.so_api_intervalos[221];"[""4533"", ""Joaquim Roriz""]"
legislaturas.52.so_api_intervalos[222];"[""4535"", ""Marconi Perillo""]"
legislaturas.52.so_api_intervalos[223];"[""4537"", ""João Durval""]"
legislaturas.52.so_api_intervalos[224];"[""4539"", ""Mário Couto""]"
legislaturas.52.so_api_intervalos[225];"[""4541"", ""João Vicente Claudino""]"
legislaturas.52.so_api_intervalos[226];"[""4543"", ""Rosalba Ciarlini""]"
legislaturas.52.so_api_intervalos[227];"[""4545"", ""Jarbas Vasconcelos""]"
legislaturas.52.so_api_intervalos[228];"[""4551"", ""Raimundo Noronha Filho""]"
legislaturas.52.so_api_intervalos[229];"[""4553"", ""Gloria Maria Ramos Tavares""]"
legislaturas.52.so_api_intervalos[230];"[""4772"", ""Wilson Matos""]"
legislaturas.52.so_api_intervalos[231];"[""4774"", ""João Pedro""]"
legislaturas.52.so_api_intervalos[232];"[""4776"", ""Jorge Afonso Argello""]"
legislaturas.52.so_api_intervalos[233];"[""4778"", ""Marcos de Almeida Castro""]"
legislaturas.52.so_api_intervalos[234];"[""4780"", ""Euclydes Mello""]"
legislaturas.52.so_api_intervalos[235];"[""4784"", ""João Rafael de Aguiar""]"
legislaturas.52.so_api_intervalos[236];"[""4786"", ""Virginio de Carvalho""]"
legislaturas.52.so_api_intervalos[237];"[""4788"", ""Marco Antonio""]"
legislaturas.52.so_api_intervalos[238];"[""4790"", ""Tobias José Carneiro""]"
legislaturas.52.so_api_intervalos[239];"[""4792"", ""Jefferson Praia""]"
legislaturas.52.so_api_intervalos[240];"[""4794"", ""Alfredo Antonio Goulart Sade""]"
legislaturas.52.so_api_intervalos[241];"[""4815"", ""Ada Mello""]"
legislaturas.52.so_api_intervalos[242];"[""4837"", ""Anibal Diniz""]"
legislaturas.52.so_api_intervalos[243];"[""4841"", ""Carlos Augusto Coelho de Faria""]"
legislaturas.52.so_api_intervalos[244];"[""4843"", ""José Oliveira Costa""]"
legislaturas.52.so_api_intervalos[245];"[""4845"", ""Valquíria Alves Brandão César""]"
legislaturas.52.so_api_intervalos[246];"[""4847"", ""Salomão Alcolumbre Júnior""]"
legislaturas.52.so_api_intervalos[247];"[""4849"", ""Salomão Alcolumbre""]"
legislaturas.52.so_api_intervalos[248];"[""4851"", ""Ana Virgínia Rego Gama""]"
legislaturas.52.so_api_intervalos[249];"[""4853"", ""Aluisio Augusto de Queiroz Braga""]"
legislaturas.52.so_api_intervalos[250];"[""4855"", ""Eliel Lima Santana""]"
legislaturas.52.so_api_intervalos[251];"[""4863"", ""Francisco das Chagas Alcantara""]"
legislaturas.52.so_api_intervalos[252];"[""4865"", ""Abdala Karin Nabut""]"
legislaturas.52.so_api_intervalos[253];"[""4869"", ""Ana Rita""]"
legislaturas.52.so_api_intervalos[254];"[""4871"", ""Esmael Barbosa de Almeida""]"
legislaturas.52.so_api_intervalos[255];"[""4875"", ""Marlúcio Pereira da Silva""]"
legislaturas.52.so_api_intervalos[256];"[""4877"", ""Cyro Miranda""]"
legislaturas.52.so_api_intervalos[257];"[""4879"", ""Paulo Silva de Jesus""]"
legislaturas.52.so_api_intervalos[258];"[""4881"", ""Afonso Sérgio Fernandes Ribeiro""]"
legislaturas.52.so_api_intervalos[259];"[""4883"", ""José Ribamar Fiquene""]"
legislaturas.52.so_api_intervalos[260];"[""4885"", ""Jorge Yanai""]"
legislaturas.52.so_api_intervalos[261];"[""4889"", ""Ordalino Martins da Cunha""]"
legislaturas.52.so_api_intervalos[262];"[""4891"", ""Antonio Russo""]"
legislaturas.52.so_api_intervalos[263];"[""4893"", ""Ruben Figueiró""]"
legislaturas.52.so_api_intervalos[264];"[""4895"", ""Clésio Andrade""]"
legislaturas.52.so_api_intervalos[265];"[""4897"", ""Antonio Aureliano""]"
legislaturas.52.so_api_intervalos[266];"[""4899"", ""Michel Dib Tachy""]"
legislaturas.52.so_api_intervalos[267];"[""4901"", ""Demétrius Fernandes Ribeiro""]"
legislaturas.52.so_api_intervalos[268];"[""4905"", ""Everaldo Siqueira Moreira""]"
legislaturas.52.so_api_intervalos[269];"[""4907"", ""Antonio Porcino Sobrinho""]"
legislaturas.52.so_api_intervalos[270];"[""4917"", ""Hélio Moacyr de Souza Duque""]"
legislaturas.52.so_api_intervalos[271];"[""4919"", ""Jose Arlindo Soares""]"
legislaturas.52.so_api_intervalos[272];"[""4923"", ""João Hilton Fernandes Silva""]"
legislaturas.52.so_api_intervalos[273];"[""4925"", ""Maria de Lourdes Carvalho Rufino""]"
legislaturas.52.so_api_intervalos[274];"[""4927"", ""Pericles Olivier""]"
legislaturas.52.so_api_intervalos[275];"[""4929"", ""Jose Calp Filho""]"
legislaturas.52.so_api_intervalos[276];"[""4931"", ""Natal Wellington Rodrigues Furucho""]"
legislaturas.52.so_api_intervalos[277];"[""4935"", ""Garibaldi Alves""]"
legislaturas.52.so_api_intervalos[278];"[""4937"", ""Ivonete Dantas""]"
legislaturas.52.so_api_intervalos[279];"[""4939"", ""Humberto Sorio Júnior""]"
legislaturas.52.so_api_intervalos[280];"[""4941"", ""Elói Francisco Pedroso Guimarães""]"
legislaturas.52.so_api_intervalos[281];"[""4943"", ""Maria da Graça Gomes Paiva""]"
legislaturas.52.so_api_intervalos[282];"[""4947"", ""José Raimundo Pires""]"
legislaturas.52.so_api_intervalos[283];"[""4949"", ""Tomás Correia""]"
legislaturas.52.so_api_intervalos[284];"[""4951"", ""Manoel Angelo Chagas""]"
legislaturas.52.so_api_intervalos[285];"[""4953"", ""Elcide Alberto Lanzarin""]"
legislaturas.52.so_api_intervalos[286];"[""4955"", ""Jabis Emerick Dutra""]"
legislaturas.52.so_api_intervalos[287];"[""4957"", ""Sodré Santoro""]"
legislaturas.52.so_api_intervalos[288];"[""4959"", ""Sumaia Marly Salomão Wilt""]"
legislaturas.52.so_api_intervalos[289];"[""4961"", ""Níura Demarchi""]"
legislaturas.52.so_api_intervalos[290];"[""4963"", ""Carlos Ramiro de Castro (Falecido Em 05/09/2013)""]"
legislaturas.52.so_api_intervalos[291];"[""4965"", ""Ari Vicente Fernandes""]"
legislaturas.52.so_api_intervalos[292];"[""4967"", ""Alexandre Honore Marie Thioillier Filho""]"
legislaturas.52.so_api_intervalos[293];"[""4971"", ""Emanuel Messias Oliveira Cacho""]"
legislaturas.52.so_api_intervalos[294];"[""4973"", ""José João Batista Stival""]"
legislaturas.52.so_api_intervalos[295];"[""4975"", ""José Francisco Pinto""]"
legislaturas.52.so_api_intervalos[296];"[""4981"", ""Acir Gurgacz""]"
legislaturas.52.so_api_intervalos[297];"[""4983"", ""Assis Gurgacz""]"
legislaturas.52.so_api_intervalos[298];"[""4985"", ""Rui Parra Motta""]"
legislaturas.52.so_api_intervalos[299];"[""5014"", ""Shydney Jorge Rosa""]"
legislaturas.52.so_api_intervalos[300];"[""5074"", ""Sander Fraxe Salomao""]"
legislaturas.52.senadores[0];"[""3"", ""Antonio Carlos Valadares""]"
legislaturas.52.senadores[1];"[""4"", ""Antonio Carlos Magalhães""]"
legislaturas.52.senadores[2];"[""16"", ""Edison Lobão""]"
legislaturas.52.senadores[3];"[""17"", ""Eduardo Suplicy""]"
legislaturas.52.senadores[4];"[""23"", ""Fernando Bezerra""]"
legislaturas.52.senadores[5];"[""28"", ""Gerson Camata""]"
legislaturas.52.senadores[6];"[""29"", ""Gilberto Miranda""]"
legislaturas.52.senadores[7];"[""30"", ""Gilvam Borges""]"
legislaturas.52.senadores[8];"[""36"", ""Jefferson Peres""]"
legislaturas.52.senadores[9];"[""38"", ""Jonas Pinheiro""]"
legislaturas.52.senadores[10];"[""40"", ""José Agripino""]"
legislaturas.52.senadores[11];"[""47"", ""José Sarney""]"
legislaturas.52.senadores[12];"[""53"", ""Leomar Quintanilha""]"
legislaturas.52.senadores[13];"[""59"", ""Marina Silva""]"
legislaturas.52.senadores[14];"[""63"", ""Ney Suassuna""]"
legislaturas.52.senadores[15];"[""66"", ""Osmar Dias""]"
legislaturas.52.senadores[16];"[""68"", ""Pedro Simon""]"
legislaturas.52.senadores[17];"[""69"", ""Ramez Tebet""]"
legislaturas.52.senadores[18];"[""70"", ""Renan Calheiros""]"
legislaturas.52.senadores[19];"[""73"", ""Romero Jucá""]"
legislaturas.52.senadores[20];"[""74"", ""Romeu Tuma""]"
legislaturas.52.senadores[21];"[""78"", ""Teotonio Vilela Filho""]"
legislaturas.52.senadores[22];"[""86"", ""Marco Maciel""]"
legislaturas.52.senadores[23];"[""87"", ""Garibaldi Alves Filho""]"
legislaturas.52.senadores[24];"[""105"", ""Marcos Guerra""]"
legislaturas.52.senadores[25];"[""139"", ""Reginaldo Duarte""]"
legislaturas.52.senadores[26];"[""302"", ""Maguito Vilela""]"
legislaturas.52.senadores[27];"[""345"", ""Flávio Arns""]"
legislaturas.52.senadores[28];"[""551"", ""Arthur Virgílio""]"
legislaturas.52.senadores[29];"[""631"", ""Magno Malta""]"
legislaturas.52.senadores[30];"[""643"", ""Lúcia Vânia""]"
legislaturas.52.senadores[31];"[""670"", ""Mauro Fecury""]"
legislaturas.52.senadores[32];"[""707"", ""Efraim Morais""]"
legislaturas.52.senadores[33];"[""735"", ""Sergio Guerra""]"
legislaturas.52.senadores[34];"[""740"", ""Heráclito Fortes""]"
legislaturas.52.senadores[35];"[""825"", ""Paulo Paim""]"
legislaturas.52.senadores[36];"[""845"", ""Aloizio Mercadante""]"
legislaturas.52.senadores[37];"[""916"", ""João Ribeiro""]"
legislaturas.52.senadores[38];"[""922"", ""José Jorge""]"
legislaturas.52.senadores[39];"[""923"", ""Heloísa Helena""]"
legislaturas.52.senadores[40];"[""924"", ""Paulo Souto""]"
legislaturas.52.senadores[41];"[""942"", ""Paulo Hartung""]"
legislaturas.52.senadores[42];"[""943"", ""Luiz Estevão""]"
legislaturas.52.senadores[43];"[""944"", ""Gilberto Mestrinho""]"
legislaturas.52.senadores[44];"[""945"", ""Alvaro Dias""]"
legislaturas.52.senadores[45];"[""946"", ""Alberto Silva""]"
legislaturas.52.senadores[46];"[""947"", ""Luiz Otavio""]"
legislaturas.52.senadores[47];"[""948"", ""Jorge Bornhausen""]"
legislaturas.52.senadores[48];"[""949"", ""Juvêncio da Fonseca""]"
legislaturas.52.senadores[49];"[""950"", ""João Alberto Souza""]"
legislaturas.52.senadores[50];"[""951"", ""José Alencar""]"
legislaturas.52.senadores[51];"[""952"", ""Mozarildo Cavalcanti""]"
legislaturas.52.senadores[52];"[""982"", ""Tião Viana""]"
legislaturas.52.senadores[53];"[""1002"", ""Antero Paes de Barros""]"
legislaturas.52.senadores[54];"[""1022"", ""Luiz Pontes""]"
legislaturas.52.senadores[55];"[""1023"", ""Maria do Carmo Alves""]"
legislaturas.52.senadores[56];"[""1024"", ""Eduardo Siqueira Campos""]"
legislaturas.52.senadores[57];"[""1025"", ""Amir Lando""]"
legislaturas.52.senadores[58];"[""1026"", ""Roberto Saturnino""]"
legislaturas.52.senadores[59];"[""1042"", ""Íris de Araújo""]"
legislaturas.52.senadores[60];"[""1043"", ""Luiz Soares""]"
legislaturas.52.senadores[61];"[""1049"", ""Renildo Santana""]"
legislaturas.52.senadores[62];"[""1050"", ""Valmir Amaral""]"
legislaturas.52.senadores[63];"[""1051"", ""João Batista Motta""]"
legislaturas.52.senadores[64];"[""1083"", ""Olivir Gabardo""]"
legislaturas.52.senadores[65];"[""1085"", ""Rodolpho Tourinho""]"
legislaturas.52.senadores[66];"[""1086"", ""Ribamar Fiquene""]"
legislaturas.52.senadores[67];"[""1089"", ""João Thomé Mestrinho""]"
legislaturas.52.senadores[68];"[""1091"", ""Aelton Freitas""]"
legislaturas.52.senadores[69];"[""1094"", ""Mário Calixto""]"
legislaturas.52.senadores[70];"[""1095"", ""Paulo Elifas""]"
legislaturas.52.senadores[71];"[""1163"", ""Antônio Leite""]"
legislaturas.52.senadores[72];"[""1169"", ""Paulo Octávio""]"
legislaturas.52.senadores[73];"[""1179"", ""Hélio Costa""]"
legislaturas.52.senadores[74];"[""3359"", ""Roseana Sarney""]"
legislaturas.52.senadores[75];"[""3360"", ""Delcídio do Amaral""]"
legislaturas.52.senadores[76];"[""3361"", ""José Maranhão""]"
legislaturas.52.senadores[77];"[""3362"", ""Serys Slhessarenko""]"
legislaturas.52.senadores[78];"[""3363"", ""Ana Júlia Carepa""]"
legislaturas.52.senadores[79];"[""3364"", ""Mão Santa""]"
legislaturas.52.senadores[80];"[""3365"", ""Sérgio Cabral""]"
legislaturas.52.senadores[81];"[""3366"", ""Marcelo Crivella""]"
legislaturas.52.senadores[82];"[""3371"", ""Fátima Cleide""]"
legislaturas.52.senadores[83];"[""3372"", ""Valdir Raupp""]"
legislaturas.52.senadores[84];"[""3373"", ""Ideli Salvatti""]"
legislaturas.52.senadores[85];"[""3374"", ""Leonel Pavan""]"
legislaturas.52.senadores[86];"[""3375"", ""Sérgio Zambiasi""]"
legislaturas.52.senadores[87];"[""3392"", ""Geraldo Mesquita Júnior""]"
legislaturas.52.senadores[88];"[""3393"", ""Papaléo Paes""]"
legislaturas.52.senadores[89];"[""3394"", ""João Capiberibe""]"
legislaturas.52.senadores[90];"[""3395"", ""César Borges""]"
legislaturas.52.senadores[91];"[""3396"", ""Tasso Jereissati""]"
legislaturas.52.senadores[92];"[""3397"", ""Patrícia Saboya""]"
legislaturas.52.senadores[93];"[""3398"", ""Cristovam Buarque""]"
legislaturas.52.senadores[94];"[""3399"", ""Demóstenes Torres""]"
legislaturas.52.senadores[95];"[""3400"", ""Eduardo Azeredo""]"
legislaturas.52.senadores[96];"[""3412"", ""Duciomar Costa""]"
legislaturas.52.senadores[97];"[""3432"", ""Augusto Botelho""]"
legislaturas.52.senadores[98];"[""3433"", ""Almeida Lima""]"
legislaturas.52.senadores[99];"[""3532"", ""Sibá Machado""]"
legislaturas.52.senadores[100];"[""3552"", ""Eurípedes Camargo""]"
legislaturas.52.senadores[101];"[""3574"", ""Francisco Pereira""]"
legislaturas.52.senadores[102];"[""3578"", ""Ildon Marques""]"
legislaturas.52.senadores[103];"[""3583"", ""Wellington Salgado""]"
legislaturas.52.senadores[104];"[""3597"", ""Wirlande da Luz""]"
legislaturas.52.senadores[105];"[""3622"", ""Adelmir Santana""]"
legislaturas.52.senadores[106];"[""3626"", ""Gilberto Goellner""]"
legislaturas.52.senadores[107];"[""3629"", ""Valter Pereira""]"
legislaturas.52.senadores[108];"[""3631"", ""Roberto Cavalcanti""]"
legislaturas.52.senadores[109];"[""3634"", ""Flexa Ribeiro""]"
legislaturas.52.senadores[110];"[""3639"", ""Regis Fichtner""]"
legislaturas.52.senadores[111];"[""3644"", ""Neuto de Conto""]"
legislaturas.52.senadores[112];"[""3648"", ""Nezinho Alencar""]"
legislaturas.52.senadores[113];"[""3652"", ""João Tenório""]"
legislaturas.52.senadores[114];"[""4516"", ""Antonio João""]"
legislaturas.52.senadores[115];"[""4522"", ""Geovani Borges""]"
legislaturas.52.senadores[116];"[""4547"", ""José Nery""]"
legislaturas.52.senadores[117];"[""4549"", ""Paulo Duque""]"
legislaturas.53.portal;127
legislaturas.53.api_uniao_dos_intervalos;450
legislaturas.53.em_ambos;127
legislaturas.53.so_api_intervalos[0];"[""23"", ""Fernando Bezerra""]"
legislaturas.53.so_api_intervalos[1];"[""29"", ""Gilberto Miranda""]"
legislaturas.53.so_api_intervalos[2];"[""35"", ""Jader Barbalho""]"
legislaturas.53.so_api_intervalos[3];"[""43"", ""José Eduardo Dutra""]"
legislaturas.53.so_api_intervalos[4];"[""63"", ""Ney Suassuna""]"
legislaturas.53.so_api_intervalos[5];"[""64"", ""Odacir Soares""]"
legislaturas.53.so_api_intervalos[6];"[""71"", ""Roberto Freire""]"
legislaturas.53.so_api_intervalos[7];"[""72"", ""Roberto Requião""]"
legislaturas.53.so_api_intervalos[8];"[""105"", ""Marcos Guerra""]"
legislaturas.53.so_api_intervalos[9];"[""111"", ""Blairo Maggi""]"
legislaturas.53.so_api_intervalos[10];"[""120"", ""Djalma Bessa""]"
legislaturas.53.so_api_intervalos[11];"[""139"", ""Reginaldo Duarte""]"
legislaturas.53.so_api_intervalos[12];"[""176"", ""Edir Domeneghini""]"
legislaturas.53.so_api_intervalos[13];"[""288"", ""Nilson Mourão""]"
legislaturas.53.so_api_intervalos[14];"[""302"", ""Maguito Vilela""]"
legislaturas.53.so_api_intervalos[15];"[""380"", ""Nicias Ribeiro""]"
legislaturas.53.so_api_intervalos[16];"[""391"", ""Aécio Neves""]"
legislaturas.53.so_api_intervalos[17];"[""438"", ""Tilden Santiago""]"
legislaturas.53.so_api_intervalos[18];"[""553"", ""Francisco Garcia""]"
legislaturas.53.so_api_intervalos[19];"[""558"", ""Vanessa Grazziotin""]"
legislaturas.53.so_api_intervalos[20];"[""604"", ""Walter Pinheiro""]"
legislaturas.53.so_api_intervalos[21];"[""611"", ""Chiquinho Feitosa""]"
legislaturas.53.so_api_intervalos[22];"[""612"", ""Eunício Oliveira""]"
legislaturas.53.so_api_intervalos[23];"[""615"", ""José Pimentel""]"
legislaturas.53.so_api_intervalos[24];"[""624"", ""Sérgio Novais""]"
legislaturas.53.so_api_intervalos[25];"[""635"", ""Ricardo Ferraço""]"
legislaturas.53.so_api_intervalos[26];"[""710"", ""Marcondes Gadelha""]"
legislaturas.53.so_api_intervalos[27];"[""715"", ""Armando Monteiro""]"
legislaturas.53.so_api_intervalos[28];"[""724"", ""Joaquim Francisco""]"
legislaturas.53.so_api_intervalos[29];"[""739"", ""Ciro Nogueira""]"
legislaturas.53.so_api_intervalos[30];"[""846"", ""Aloysio Nunes Ferreira""]"
legislaturas.53.so_api_intervalos[31];"[""918"", ""Pastor Amarildo""]"
legislaturas.53.so_api_intervalos[32];"[""922"", ""José Jorge""]"
legislaturas.53.so_api_intervalos[33];"[""923"", ""Heloísa Helena""]"
legislaturas.53.so_api_intervalos[34];"[""924"", ""Paulo Souto""]"
legislaturas.53.so_api_intervalos[35];"[""942"", ""Paulo Hartung""]"
legislaturas.53.so_api_intervalos[36];"[""943"", ""Luiz Estevão""]"
legislaturas.53.so_api_intervalos[37];"[""944"", ""Gilberto Mestrinho""]"
legislaturas.53.so_api_intervalos[38];"[""946"", ""Alberto Silva""]"
legislaturas.53.so_api_intervalos[39];"[""947"", ""Luiz Otavio""]"
legislaturas.53.so_api_intervalos[40];"[""948"", ""Jorge Bornhausen""]"
legislaturas.53.so_api_intervalos[41];"[""949"", ""Juvêncio da Fonseca""]"
legislaturas.53.so_api_intervalos[42];"[""950"", ""João Alberto Souza""]"
legislaturas.53.so_api_intervalos[43];"[""951"", ""José Alencar""]"
legislaturas.53.so_api_intervalos[44];"[""1002"", ""Antero Paes de Barros""]"
legislaturas.53.so_api_intervalos[45];"[""1022"", ""Luiz Pontes""]"
legislaturas.53.so_api_intervalos[46];"[""1024"", ""Eduardo Siqueira Campos""]"
legislaturas.53.so_api_intervalos[47];"[""1025"", ""Amir Lando""]"
legislaturas.53.so_api_intervalos[48];"[""1026"", ""Roberto Saturnino""]"
legislaturas.53.so_api_intervalos[49];"[""1042"", ""Íris de Araújo""]"
legislaturas.53.so_api_intervalos[50];"[""1043"", ""Luiz Soares""]"
legislaturas.53.so_api_intervalos[51];"[""1044"", ""Carlos Lupi""]"
legislaturas.53.so_api_intervalos[52];"[""1045"", ""Robinson Viana""]"
legislaturas.53.so_api_intervalos[53];"[""1046"", ""Maria de Fátima""]"
legislaturas.53.so_api_intervalos[54];"[""1047"", ""Thelma Siqueira Campos""]"
legislaturas.53.so_api_intervalos[55];"[""1048"", ""Angelo Celeste""]"
legislaturas.53.so_api_intervalos[56];"[""1049"", ""Renildo Santana""]"
legislaturas.53.so_api_intervalos[57];"[""1050"", ""Valmir Amaral""]"
legislaturas.53.so_api_intervalos[58];"[""1051"", ""João Batista Motta""]"
legislaturas.53.so_api_intervalos[59];"[""1052"", ""Adir Nichio""]"
legislaturas.53.so_api_intervalos[60];"[""1053"", ""Agnelo Alves""]"
legislaturas.53.so_api_intervalos[61];"[""1054"", ""Benedito Damasceno""]"
legislaturas.53.so_api_intervalos[62];"[""1055"", ""Evaristo de Luca""]"
legislaturas.53.so_api_intervalos[63];"[""1083"", ""Olivir Gabardo""]"
legislaturas.53.so_api_intervalos[64];"[""1084"", ""Marcos Tavares""]"
legislaturas.53.so_api_intervalos[65];"[""1085"", ""Rodolpho Tourinho""]"
legislaturas.53.so_api_intervalos[66];"[""1086"", ""Ribamar Fiquene""]"
legislaturas.53.so_api_intervalos[67];"[""1087"", ""Hermes Zanetti""]"
legislaturas.53.so_api_intervalos[68];"[""1088"", ""Eliana Cunha""]"
legislaturas.53.so_api_intervalos[69];"[""1089"", ""João Thomé Mestrinho""]"
legislaturas.53.so_api_intervalos[70];"[""1090"", ""Nova da Costa""]"
legislaturas.53.so_api_intervalos[71];"[""1091"", ""Aelton Freitas""]"
legislaturas.53.so_api_intervalos[72];"[""1092"", ""Sebastião Riêra""]"
legislaturas.53.so_api_intervalos[73];"[""1093"", ""José Lélis""]"
legislaturas.53.so_api_intervalos[74];"[""1094"", ""Mário Calixto""]"
legislaturas.53.so_api_intervalos[75];"[""1095"", ""Paulo Elifas""]"
legislaturas.53.so_api_intervalos[76];"[""1096"", ""Vasco Furlan""]"
legislaturas.53.so_api_intervalos[77];"[""1097"", ""Ari Stadler""]"
legislaturas.53.so_api_intervalos[78];"[""1098"", ""Vicentinho""]"
legislaturas.53.so_api_intervalos[79];"[""1099"", ""Walter Natalino""]"
legislaturas.53.so_api_intervalos[80];"[""1100"", ""Celis Santin""]"
legislaturas.53.so_api_intervalos[81];"[""1101"", ""Froylan Santos""]"
legislaturas.53.so_api_intervalos[82];"[""1143"", ""Severino Lúcio""]"
legislaturas.53.so_api_intervalos[83];"[""1146"", ""Maria Ivone""]"
legislaturas.53.so_api_intervalos[84];"[""1163"", ""Antônio Leite""]"
legislaturas.53.so_api_intervalos[85];"[""1176"", ""Waldemir Moka""]"
legislaturas.53.so_api_intervalos[86];"[""1330"", ""Tasso Rosado""]"
legislaturas.53.so_api_intervalos[87];"[""1754"", ""Itamar Franco""]"
legislaturas.53.so_api_intervalos[88];"[""1757"", ""Cunha Lima""]"
legislaturas.53.so_api_intervalos[89];"[""2207"", ""Raimundo Lira""]"
legislaturas.53.so_api_intervalos[90];"[""2332"", ""José Coelho""]"
legislaturas.53.so_api_intervalos[91];"[""2632"", ""Fernando Ribeiro""]"
legislaturas.53.so_api_intervalos[92];"[""3092"", ""Valdomiro Távora""]"
legislaturas.53.so_api_intervalos[93];"[""3533"", ""Antonio Ferreira""]"
legislaturas.53.so_api_intervalos[94];"[""3534"", ""Natal de Souza Chaves""]"
legislaturas.53.so_api_intervalos[95];"[""3535"", ""Francisco Evandro Rosas da Costa""]"
legislaturas.53.so_api_intervalos[96];"[""3552"", ""Eurípedes Camargo""]"
legislaturas.53.so_api_intervalos[97];"[""3572"", ""Hélio Corrêa""]"
legislaturas.53.so_api_intervalos[98];"[""3573"", ""Ailton Araújo""]"
legislaturas.53.so_api_intervalos[99];"[""3574"", ""Francisco Pereira""]"
legislaturas.53.so_api_intervalos[100];"[""3575"", ""Nilis Castberg""]"
legislaturas.53.so_api_intervalos[101];"[""3578"", ""Ildon Marques""]"
legislaturas.53.so_api_intervalos[102];"[""3581"", ""Luiz Guaritá""]"
legislaturas.53.so_api_intervalos[103];"[""3582"", ""Luiz Márcio""]"
legislaturas.53.so_api_intervalos[104];"[""3584"", ""Carlos Eduardo""]"
legislaturas.53.so_api_intervalos[105];"[""3585"", ""Gustavo Krause""]"
legislaturas.53.so_api_intervalos[106];"[""3586"", ""Marcus Antonio""]"
legislaturas.53.so_api_intervalos[107];"[""3587"", ""Roberto Chaves""]"
legislaturas.53.so_api_intervalos[108];"[""3588"", ""João Batista""]"
legislaturas.53.so_api_intervalos[109];"[""3589"", ""Jesus Elias""]"
legislaturas.53.so_api_intervalos[110];"[""3590"", ""José de Andrade""]"
legislaturas.53.so_api_intervalos[111];"[""3591"", ""Adalgisa Carvalho""]"
legislaturas.53.so_api_intervalos[112];"[""3592"", ""Severo Maria""]"
legislaturas.53.so_api_intervalos[113];"[""3594"", ""Carlos Alberto""]"
legislaturas.53.so_api_intervalos[114];"[""3596"", ""Edivan Secundo""]"
legislaturas.53.so_api_intervalos[115];"[""3597"", ""Wirlande da Luz""]"
legislaturas.53.so_api_intervalos[116];"[""3598"", ""Delacir de Melo""]"
legislaturas.53.so_api_intervalos[117];"[""3599"", ""Neides Batista""]"
legislaturas.53.so_api_intervalos[118];"[""3600"", ""Ernesto Martins""]"
legislaturas.53.so_api_intervalos[119];"[""3601"", ""Cláudio Antonio""]"
legislaturas.53.so_api_intervalos[120];"[""3603"", ""José Pinto""]"
legislaturas.53.so_api_intervalos[121];"[""3604"", ""Élber Batalha""]"
legislaturas.53.so_api_intervalos[122];"[""3605"", ""Paulo Carvalho""]"
legislaturas.53.so_api_intervalos[123];"[""3606"", ""Max José""]"
legislaturas.53.so_api_intervalos[124];"[""3607"", ""Nivaldo Fernando""]"
legislaturas.53.so_api_intervalos[125];"[""3608"", ""José Ramalho""]"
legislaturas.53.so_api_intervalos[126];"[""3609"", ""Odete da Cruz""]"
legislaturas.53.so_api_intervalos[127];"[""3613"", ""José Wanderley""]"
legislaturas.53.so_api_intervalos[128];"[""3615"", ""Frank Luiz""]"
legislaturas.53.so_api_intervalos[129];"[""3616"", ""Erasmo Lino de Jesus Alfaia""]"
legislaturas.53.so_api_intervalos[130];"[""3617"", ""Sebastião Cristovan""]"
legislaturas.53.so_api_intervalos[131];"[""3618"", ""Uilton José""]"
legislaturas.53.so_api_intervalos[132];"[""3620"", ""Assis Almeida""]"
legislaturas.53.so_api_intervalos[133];"[""3621"", ""Moisés Marques""]"
legislaturas.53.so_api_intervalos[134];"[""3623"", ""Sandra Melon de Paula""]"
legislaturas.53.so_api_intervalos[135];"[""3624"", ""José Eduardo""]"
legislaturas.53.so_api_intervalos[136];"[""3625"", ""Antonio Faleiros""]"
legislaturas.53.so_api_intervalos[137];"[""3627"", ""Wanderley A.""]"
legislaturas.53.so_api_intervalos[138];"[""3628"", ""Orency Francisco""]"
legislaturas.53.so_api_intervalos[139];"[""3630"", ""Eduardo Otávio Teixeira Marcondes""]"
legislaturas.53.so_api_intervalos[140];"[""3632"", ""Fernando Catão""]"
legislaturas.53.so_api_intervalos[141];"[""3633"", ""Marta Ramalho""]"
legislaturas.53.so_api_intervalos[142];"[""3635"", ""Gomes Carvalho""]"
legislaturas.53.so_api_intervalos[143];"[""3636"", ""Jorge Luiz""]"
legislaturas.53.so_api_intervalos[144];"[""3638"", ""Márcio Tadeu Vieira Pessatti""]"
legislaturas.53.so_api_intervalos[145];"[""3640"", ""Eraldo Macedo""]"
legislaturas.53.so_api_intervalos[146];"[""3641"", ""Jairo Augusto""]"
legislaturas.53.so_api_intervalos[147];"[""3647"", ""Luiz Tolentino""]"
legislaturas.53.so_api_intervalos[148];"[""3648"", ""Nezinho Alencar""]"
legislaturas.53.so_api_intervalos[149];"[""3649"", ""José Giácomo""]"
legislaturas.53.so_api_intervalos[150];"[""3650"", ""João Vaccari""]"
legislaturas.53.so_api_intervalos[151];"[""3695"", ""Lindbergh Farias""]"
legislaturas.53.so_api_intervalos[152];"[""3741"", ""Paulo Bauer""]"
legislaturas.53.so_api_intervalos[153];"[""3811"", ""Wilson Santiago""]"
legislaturas.53.so_api_intervalos[154];"[""3823"", ""Benedito de Lira""]"
legislaturas.53.so_api_intervalos[155];"[""3881"", ""Clovis Fecury""]"
legislaturas.53.so_api_intervalos[156];"[""4516"", ""Antonio João""]"
legislaturas.53.so_api_intervalos[157];"[""4551"", ""Raimundo Noronha Filho""]"
legislaturas.53.so_api_intervalos[158];"[""4553"", ""Gloria Maria Ramos Tavares""]"
legislaturas.53.so_api_intervalos[159];"[""4560"", ""Sérgio Petecão""]"
legislaturas.53.so_api_intervalos[160];"[""4575"", ""Lídice da Mata""]"
legislaturas.53.so_api_intervalos[161];"[""4593"", ""Rodrigo Rollemberg""]"
legislaturas.53.so_api_intervalos[162];"[""4645"", ""Vital do Rêgo""]"
legislaturas.53.so_api_intervalos[163];"[""4697"", ""Ângela Portela""]"
legislaturas.53.so_api_intervalos[164];"[""4721"", ""Eduardo Amorim""]"
legislaturas.53.so_api_intervalos[165];"[""4763"", ""Vicentinho Alves""]"
legislaturas.53.so_api_intervalos[166];"[""4767"", ""Eduardo Lopes""]"
legislaturas.53.so_api_intervalos[167];"[""4778"", ""Marcos de Almeida Castro""]"
legislaturas.53.so_api_intervalos[168];"[""4784"", ""João Rafael de Aguiar""]"
legislaturas.53.so_api_intervalos[169];"[""4790"", ""Tobias José Carneiro""]"
legislaturas.53.so_api_intervalos[170];"[""4841"", ""Carlos Augusto Coelho de Faria""]"
legislaturas.53.so_api_intervalos[171];"[""4843"", ""José Oliveira Costa""]"
legislaturas.53.so_api_intervalos[172];"[""4845"", ""Valquíria Alves Brandão César""]"
legislaturas.53.so_api_intervalos[173];"[""4847"", ""Salomão Alcolumbre Júnior""]"
legislaturas.53.so_api_intervalos[174];"[""4849"", ""Salomão Alcolumbre""]"
legislaturas.53.so_api_intervalos[175];"[""4851"", ""Ana Virgínia Rego Gama""]"
legislaturas.53.so_api_intervalos[176];"[""4853"", ""Aluisio Augusto de Queiroz Braga""]"
legislaturas.53.so_api_intervalos[177];"[""4855"", ""Eliel Lima Santana""]"
legislaturas.53.so_api_intervalos[178];"[""4863"", ""Francisco das Chagas Alcantara""]"
legislaturas.53.so_api_intervalos[179];"[""4865"", ""Abdala Karin Nabut""]"
legislaturas.53.so_api_intervalos[180];"[""4871"", ""Esmael Barbosa de Almeida""]"
legislaturas.53.so_api_intervalos[181];"[""4873"", ""Fleury""]"
legislaturas.53.so_api_intervalos[182];"[""4875"", ""Marlúcio Pereira da Silva""]"
legislaturas.53.so_api_intervalos[183];"[""4879"", ""Paulo Silva de Jesus""]"
legislaturas.53.so_api_intervalos[184];"[""4881"", ""Afonso Sérgio Fernandes Ribeiro""]"
legislaturas.53.so_api_intervalos[185];"[""4883"", ""José Ribamar Fiquene""]"
legislaturas.53.so_api_intervalos[186];"[""4889"", ""Ordalino Martins da Cunha""]"
legislaturas.53.so_api_intervalos[187];"[""4891"", ""Antonio Russo""]"
legislaturas.53.so_api_intervalos[188];"[""4893"", ""Ruben Figueiró""]"
legislaturas.53.so_api_intervalos[189];"[""4897"", ""Antonio Aureliano""]"
legislaturas.53.so_api_intervalos[190];"[""4899"", ""Michel Dib Tachy""]"
legislaturas.53.so_api_intervalos[191];"[""4901"", ""Demétrius Fernandes Ribeiro""]"
legislaturas.53.so_api_intervalos[192];"[""4905"", ""Everaldo Siqueira Moreira""]"
legislaturas.53.so_api_intervalos[193];"[""4907"", ""Antonio Porcino Sobrinho""]"
legislaturas.53.so_api_intervalos[194];"[""4917"", ""Hélio Moacyr de Souza Duque""]"
legislaturas.53.so_api_intervalos[195];"[""4919"", ""Jose Arlindo Soares""]"
legislaturas.53.so_api_intervalos[196];"[""4923"", ""João Hilton Fernandes Silva""]"
legislaturas.53.so_api_intervalos[197];"[""4925"", ""Maria de Lourdes Carvalho Rufino""]"
legislaturas.53.so_api_intervalos[198];"[""4927"", ""Pericles Olivier""]"
legislaturas.53.so_api_intervalos[199];"[""4929"", ""Jose Calp Filho""]"
legislaturas.53.so_api_intervalos[200];"[""4931"", ""Natal Wellington Rodrigues Furucho""]"
legislaturas.53.so_api_intervalos[201];"[""4937"", ""Ivonete Dantas""]"
legislaturas.53.so_api_intervalos[202];"[""4939"", ""Humberto Sorio Júnior""]"
legislaturas.53.so_api_intervalos[203];"[""4941"", ""Elói Francisco Pedroso Guimarães""]"
legislaturas.53.so_api_intervalos[204];"[""4943"", ""Maria da Graça Gomes Paiva""]"
legislaturas.53.so_api_intervalos[205];"[""4947"", ""José Raimundo Pires""]"
legislaturas.53.so_api_intervalos[206];"[""4949"", ""Tomás Correia""]"
legislaturas.53.so_api_intervalos[207];"[""4951"", ""Manoel Angelo Chagas""]"
legislaturas.53.so_api_intervalos[208];"[""4953"", ""Elcide Alberto Lanzarin""]"
legislaturas.53.so_api_intervalos[209];"[""4955"", ""Jabis Emerick Dutra""]"
legislaturas.53.so_api_intervalos[210];"[""4957"", ""Sodré Santoro""]"
legislaturas.53.so_api_intervalos[211];"[""4959"", ""Sumaia Marly Salomão Wilt""]"
legislaturas.53.so_api_intervalos[212];"[""4963"", ""Carlos Ramiro de Castro (Falecido Em 05/09/2013)""]"
legislaturas.53.so_api_intervalos[213];"[""4965"", ""Ari Vicente Fernandes""]"
legislaturas.53.so_api_intervalos[214];"[""4967"", ""Alexandre Honore Marie Thioillier Filho""]"
legislaturas.53.so_api_intervalos[215];"[""4969"", ""Elber Batalha""]"
legislaturas.53.so_api_intervalos[216];"[""4971"", ""Emanuel Messias Oliveira Cacho""]"
legislaturas.53.so_api_intervalos[217];"[""4973"", ""José João Batista Stival""]"
legislaturas.53.so_api_intervalos[218];"[""4975"", ""José Francisco Pinto""]"
legislaturas.53.so_api_intervalos[219];"[""4983"", ""Assis Gurgacz""]"
legislaturas.53.so_api_intervalos[220];"[""4985"", ""Rui Parra Motta""]"
legislaturas.53.so_api_intervalos[221];"[""4988"", ""Ana Amélia""]"
legislaturas.53.so_api_intervalos[222];"[""4990"", ""Jorge Viana""]"
legislaturas.53.so_api_intervalos[223];"[""4994"", ""Eduardo Braga""]"
legislaturas.53.so_api_intervalos[224];"[""4998"", ""Marinor Brito""]"
legislaturas.53.so_api_intervalos[225];"[""5000"", ""Marta Suplicy""]"
legislaturas.53.so_api_intervalos[226];"[""5002"", ""Luiz Henrique""]"
legislaturas.53.so_api_intervalos[227];"[""5004"", ""Ivo Cassol""]"
legislaturas.53.so_api_intervalos[228];"[""5006"", ""Gleisi Hoffmann""]"
legislaturas.53.so_api_intervalos[229];"[""5008"", ""Humberto Costa""]"
legislaturas.53.so_api_intervalos[230];"[""5010"", ""Pedro Taques""]"
legislaturas.53.so_api_intervalos[231];"[""5012"", ""Randolfe Rodrigues""]"
legislaturas.53.so_api_intervalos[232];"[""5014"", ""Shydney Jorge Rosa""]"
legislaturas.53.so_api_intervalos[233];"[""5016"", ""Wellington Dias""]"
legislaturas.53.so_api_intervalos[234];"[""5018"", ""Pastor Bel""]"
legislaturas.53.so_api_intervalos[235];"[""5020"", ""Paulo Davim""]"
legislaturas.53.so_api_intervalos[236];"[""5022"", ""Janduhy Max Freire de Andrade""]"
legislaturas.53.so_api_intervalos[237];"[""5024"", ""Gabriel Maia Gelpke""]"
legislaturas.53.so_api_intervalos[238];"[""5026"", ""Fernando Carvalho Lage""]"
legislaturas.53.so_api_intervalos[239];"[""5028"", ""Armando José de Oliveira""]"
legislaturas.53.so_api_intervalos[240];"[""5030"", ""Givago Tenório""]"
legislaturas.53.so_api_intervalos[241];"[""5032"", ""Antônio Milton Pessoa Falcão Filho""]"
legislaturas.53.so_api_intervalos[242];"[""5034"", ""Fábio Luiz Araújo Lopes de Farias""]"
legislaturas.53.so_api_intervalos[243];"[""5036"", ""José de Macedo Ferreira""]"
legislaturas.53.so_api_intervalos[244];"[""5038"", ""Sandra Braga""]"
legislaturas.53.so_api_intervalos[245];"[""5040"", ""Lirio Albino Parisotto""]"
legislaturas.53.so_api_intervalos[246];"[""5042"", ""Alzira Ferreira Barros""]"
legislaturas.53.so_api_intervalos[247];"[""5044"", ""Clécio Luis Vilhena Vieira""]"
legislaturas.53.so_api_intervalos[248];"[""5046"", ""Andrelina Barbosa da Cunha""]"
legislaturas.53.so_api_intervalos[249];"[""5048"", ""Sergio Souza""]"
legislaturas.53.so_api_intervalos[250];"[""5050"", ""Pedro Irno Tonelli""]"
legislaturas.53.so_api_intervalos[251];"[""5052"", ""Roberto Muniz""]"
legislaturas.53.so_api_intervalos[252];"[""5054"", ""Francisco Simeão Rodrigues Neto""]"
legislaturas.53.so_api_intervalos[253];"[""5056"", ""Silvia Nascimento Cardoso dos Santos Cerqueira""]"
legislaturas.53.so_api_intervalos[254];"[""5058"", ""Luís Guilherme Gomes Mussi""]"
legislaturas.53.so_api_intervalos[255];"[""5060"", ""Olney Ribeiro Botelho""]"
legislaturas.53.so_api_intervalos[256];"[""5064"", ""Emir Simão Sader""]"
legislaturas.53.so_api_intervalos[257];"[""5066"", ""Juçara Feitosa de Oliveira""]"
legislaturas.53.so_api_intervalos[258];"[""5068"", ""Tânia Cristina Magalhães Bastos e Silva""]"
legislaturas.53.so_api_intervalos[259];"[""5072"", ""Reditario Cassol""]"
legislaturas.53.so_api_intervalos[260];"[""5074"", ""Sander Fraxe Salomao""]"
legislaturas.53.so_api_intervalos[261];"[""5076"", ""Ione Guimarães""]"
legislaturas.53.so_api_intervalos[262];"[""5078"", ""Jose Nagib da Silva Lima""]"
legislaturas.53.so_api_intervalos[263];"[""5080"", ""Pablo Sergio Souza Bezerra""]"
legislaturas.53.so_api_intervalos[264];"[""5082"", ""Waldemir Catanho de Sena Júnior""]"
legislaturas.53.so_api_intervalos[265];"[""5084"", ""Veridiana Maria Tonini""]"
legislaturas.53.so_api_intervalos[266];"[""5086"", ""Miguel Dias de Souza""]"
legislaturas.53.so_api_intervalos[267];"[""5088"", ""Gilberto Corazza""]"
legislaturas.53.so_api_intervalos[268];"[""5090"", ""José Alberto Wenzel""]"
legislaturas.53.so_api_intervalos[269];"[""5092"", ""Luis Carlos Paes de Castro""]"
legislaturas.53.so_api_intervalos[270];"[""5094"", ""Márcio Bergonsi Turra""]"
legislaturas.53.so_api_intervalos[271];"[""5096"", ""Wilmar Lacerda""]"
legislaturas.53.so_api_intervalos[272];"[""5098"", ""Roberto Wagner Monteiro""]"
legislaturas.53.so_api_intervalos[273];"[""5100"", ""Hélio José""]"
legislaturas.53.so_api_intervalos[274];"[""5104"", ""Luis Cláudio da Costa Avelar""]"
legislaturas.53.so_api_intervalos[275];"[""5106"", ""Sérgio de Castro""]"
legislaturas.53.so_api_intervalos[276];"[""5108"", ""Cidinho Santos""]"
legislaturas.53.so_api_intervalos[277];"[""5110"", ""Rodrigues Palma""]"
legislaturas.53.so_api_intervalos[278];"[""5112"", ""José Medeiros""]"
legislaturas.53.so_api_intervalos[279];"[""5114"", ""Paulo Pereira Fíuza Filho""]"
legislaturas.53.so_api_intervalos[280];"[""5116"", ""Pedro Chaves""]"
legislaturas.53.so_api_intervalos[281];"[""5118"", ""Zonir Freitas Tetila""]"
legislaturas.53.so_api_intervalos[282];"[""5120"", ""José Antonio Guidoni""]"
legislaturas.53.so_api_intervalos[283];"[""5122"", ""Paulo Antenor de Oliveira""]"
legislaturas.53.so_api_intervalos[284];"[""5124"", ""Maria Antonieta Amorim dos Santos""]"
legislaturas.53.so_api_intervalos[285];"[""5126"", ""Enivaldo Euzébio dos Anjos""]"
legislaturas.53.so_api_intervalos[286];"[""5128"", ""Gino Jose Ferreira""]"
legislaturas.53.so_api_intervalos[287];"[""5130"", ""Valério Djalma Cavalcanti Marinho""]"
legislaturas.53.so_api_intervalos[288];"[""5132"", ""Dalirio Beber""]"
legislaturas.53.so_api_intervalos[289];"[""5134"", ""Antônio Marcos Gavazzoni""]"
legislaturas.53.so_api_intervalos[290];"[""5136"", ""Cesar Antonio de Souza""]"
legislaturas.53.so_api_intervalos[291];"[""5138"", ""Athos de Almeida Lopes""]"
legislaturas.53.so_api_intervalos[292];"[""5140"", ""Airton Sandoval""]"
legislaturas.53.so_api_intervalos[293];"[""5142"", ""Marta Maria Freire da Costa""]"
legislaturas.53.so_api_intervalos[294];"[""5144"", ""Zeze Perrella""]"
legislaturas.53.so_api_intervalos[295];"[""5146"", ""Elaine Matozinhos Ribeiro""]"
legislaturas.53.so_api_intervalos[296];"[""5148"", ""Elmiro Alves do Nascimento""]"
legislaturas.53.so_api_intervalos[297];"[""5150"", ""Antonio Carlos Rodrigues""]"
legislaturas.53.so_api_intervalos[298];"[""5152"", ""Paulo Frateschi""]"
legislaturas.53.so_api_intervalos[299];"[""5154"", ""Abiancy Cadoso Rosa""]"
legislaturas.53.so_api_intervalos[300];"[""5156"", ""Lauro Antonio""]"
legislaturas.53.so_api_intervalos[301];"[""5158"", ""Kaká Andrade""]"
legislaturas.53.so_api_intervalos[302];"[""5160"", ""Edivaldo Edilson Pantoja da Silva""]"
legislaturas.53.so_api_intervalos[303];"[""5162"", ""Félix Urano Gama de Souza""]"
legislaturas.53.so_api_intervalos[304];"[""5164"", ""Ataídes Oliveira""]"
legislaturas.53.so_api_intervalos[305];"[""5166"", ""João Costa""]"
legislaturas.53.so_api_intervalos[306];"[""5168"", ""Aristavora de Souza Santos""]"
legislaturas.53.so_api_intervalos[307];"[""5170"", ""Agimiro Dias da Costa""]"
legislaturas.53.so_api_intervalos[308];"[""5172"", ""Sanny Japiassú dos Santos""]"
legislaturas.53.so_api_intervalos[309];"[""5174"", ""Maria de Pompeia Lins Pessoa""]"
legislaturas.53.so_api_intervalos[310];"[""5176"", ""Nestor Duarte Guimarães Neto""]"
legislaturas.53.so_api_intervalos[311];"[""5178"", ""Douglas Cintra""]"
legislaturas.53.so_api_intervalos[312];"[""5180"", ""José Rodrigues da Silva""]"
legislaturas.53.so_api_intervalos[313];"[""5182"", ""Regina Sousa""]"
legislaturas.53.so_api_intervalos[314];"[""5184"", ""Zé Santana""]"
legislaturas.53.so_api_intervalos[315];"[""5186"", ""João Claudino Fernandes""]"
legislaturas.53.so_api_intervalos[316];"[""5190"", ""Maria Luza de Aquino Machado""]"
legislaturas.53.so_api_intervalos[317];"[""5197"", ""Cássio Cunha Lima""]"
legislaturas.53.so_api_intervalos[318];"[""5199"", ""Deca""]"
legislaturas.53.so_api_intervalos[319];"[""5416"", ""Francisco Wilson Ribeiro""]"
legislaturas.53.so_api_intervalos[320];"[""5418"", ""Ivanci Magno""]"
legislaturas.53.so_api_intervalos[321];"[""5420"", ""Ubiraci Picanço""]"
legislaturas.53.so_api_intervalos[322];"[""5849"", ""José Amauri""]"
legislaturas.53.senadores[0];"[""3"", ""Antonio Carlos Valadares""]"
legislaturas.53.senadores[1];"[""4"", ""Antonio Carlos Magalhães""]"
legislaturas.53.senadores[2];"[""13"", ""Casildo Maldaner""]"
legislaturas.53.senadores[3];"[""16"", ""Edison Lobão""]"
legislaturas.53.senadores[4];"[""17"", ""Eduardo Suplicy""]"
legislaturas.53.senadores[5];"[""20"", ""Epitácio Cafeteira""]"
legislaturas.53.senadores[6];"[""28"", ""Gerson Camata""]"
legislaturas.53.senadores[7];"[""30"", ""Gilvam Borges""]"
legislaturas.53.senadores[8];"[""36"", ""Jefferson Peres""]"
legislaturas.53.senadores[9];"[""38"", ""Jonas Pinheiro""]"
legislaturas.53.senadores[10];"[""40"", ""José Agripino""]"
legislaturas.53.senadores[11];"[""47"", ""José Sarney""]"
legislaturas.53.senadores[12];"[""53"", ""Leomar Quintanilha""]"
legislaturas.53.senadores[13];"[""59"", ""Marina Silva""]"
legislaturas.53.senadores[14];"[""66"", ""Osmar Dias""]"
legislaturas.53.senadores[15];"[""68"", ""Pedro Simon""]"
legislaturas.53.senadores[16];"[""69"", ""Ramez Tebet""]"
legislaturas.53.senadores[17];"[""70"", ""Renan Calheiros""]"
legislaturas.53.senadores[18];"[""73"", ""Romero Jucá""]"
legislaturas.53.senadores[19];"[""74"", ""Romeu Tuma""]"
legislaturas.53.senadores[20];"[""78"", ""Teotonio Vilela Filho""]"
legislaturas.53.senadores[21];"[""86"", ""Marco Maciel""]"
legislaturas.53.senadores[22];"[""87"", ""Garibaldi Alves Filho""]"
legislaturas.53.senadores[23];"[""118"", ""Antonio Carlos Júnior""]"
legislaturas.53.senadores[24];"[""345"", ""Flávio Arns""]"
legislaturas.53.senadores[25];"[""394"", ""Eliseu Resende""]"
legislaturas.53.senadores[26];"[""527"", ""Marisa Serrano""]"
legislaturas.53.senadores[27];"[""551"", ""Arthur Virgílio""]"
legislaturas.53.senadores[28];"[""613"", ""Inácio Arruda""]"
legislaturas.53.senadores[29];"[""631"", ""Magno Malta""]"
legislaturas.53.senadores[30];"[""643"", ""Lúcia Vânia""]"
legislaturas.53.senadores[31];"[""670"", ""Mauro Fecury""]"
legislaturas.53.senadores[32];"[""704"", ""Carlos Dunga""]"
legislaturas.53.senadores[33];"[""707"", ""Efraim Morais""]"
legislaturas.53.senadores[34];"[""735"", ""Sergio Guerra""]"
legislaturas.53.senadores[35];"[""740"", ""Heráclito Fortes""]"
legislaturas.53.senadores[36];"[""765"", ""Francisco Dornelles""]"
legislaturas.53.senadores[37];"[""825"", ""Paulo Paim""]"
legislaturas.53.senadores[38];"[""845"", ""Aloizio Mercadante""]"
legislaturas.53.senadores[39];"[""916"", ""João Ribeiro""]"
legislaturas.53.senadores[40];"[""945"", ""Alvaro Dias""]"
legislaturas.53.senadores[41];"[""952"", ""Mozarildo Cavalcanti""]"
legislaturas.53.senadores[42];"[""982"", ""Tião Viana""]"
legislaturas.53.senadores[43];"[""1023"", ""Maria do Carmo Alves""]"
legislaturas.53.senadores[44];"[""1169"", ""Paulo Octávio""]"
legislaturas.53.senadores[45];"[""1179"", ""Hélio Costa""]"
legislaturas.53.senadores[46];"[""1189"", ""Expedito Júnior""]"
legislaturas.53.senadores[47];"[""1206"", ""Raimundo Colombo""]"
legislaturas.53.senadores[48];"[""1210"", ""Osvaldo Sobrinho""]"
legislaturas.53.senadores[49];"[""1249"", ""Kátia Abreu""]"
legislaturas.53.senadores[50];"[""3359"", ""Roseana Sarney""]"
legislaturas.53.senadores[51];"[""3360"", ""Delcídio do Amaral""]"
legislaturas.53.senadores[52];"[""3361"", ""José Maranhão""]"
legislaturas.53.senadores[53];"[""3362"", ""Serys Slhessarenko""]"
legislaturas.53.senadores[54];"[""3363"", ""Ana Júlia Carepa""]"
legislaturas.53.senadores[55];"[""3364"", ""Mão Santa""]"
legislaturas.53.senadores[56];"[""3365"", ""Sérgio Cabral""]"
legislaturas.53.senadores[57];"[""3366"", ""Marcelo Crivella""]"
legislaturas.53.senadores[58];"[""3371"", ""Fátima Cleide""]"
legislaturas.53.senadores[59];"[""3372"", ""Valdir Raupp""]"
legislaturas.53.senadores[60];"[""3373"", ""Ideli Salvatti""]"
legislaturas.53.senadores[61];"[""3374"", ""Leonel Pavan""]"
legislaturas.53.senadores[62];"[""3375"", ""Sérgio Zambiasi""]"
legislaturas.53.senadores[63];"[""3392"", ""Geraldo Mesquita Júnior""]"
legislaturas.53.senadores[64];"[""3393"", ""Papaléo Paes""]"
legislaturas.53.senadores[65];"[""3394"", ""João Capiberibe""]"
legislaturas.53.senadores[66];"[""3395"", ""César Borges""]"
legislaturas.53.senadores[67];"[""3396"", ""Tasso Jereissati""]"
legislaturas.53.senadores[68];"[""3397"", ""Patrícia Saboya""]"
legislaturas.53.senadores[69];"[""3398"", ""Cristovam Buarque""]"
legislaturas.53.senadores[70];"[""3399"", ""Demóstenes Torres""]"
legislaturas.53.senadores[71];"[""3400"", ""Eduardo Azeredo""]"
legislaturas.53.senadores[72];"[""3412"", ""Duciomar Costa""]"
legislaturas.53.senadores[73];"[""3432"", ""Augusto Botelho""]"
legislaturas.53.senadores[74];"[""3433"", ""Almeida Lima""]"
legislaturas.53.senadores[75];"[""3532"", ""Sibá Machado""]"
legislaturas.53.senadores[76];"[""3579"", ""Lobão Filho""]"
legislaturas.53.senadores[77];"[""3580"", ""Remi Ribeiro""]"
legislaturas.53.senadores[78];"[""3583"", ""Wellington Salgado""]"
legislaturas.53.senadores[79];"[""3593"", ""João Faustino""]"
legislaturas.53.senadores[80];"[""3595"", ""José Bezerra""]"
legislaturas.53.senadores[81];"[""3619"", ""Flávio Torres""]"
legislaturas.53.senadores[82];"[""3622"", ""Adelmir Santana""]"
legislaturas.53.senadores[83];"[""3626"", ""Gilberto Goellner""]"
legislaturas.53.senadores[84];"[""3629"", ""Valter Pereira""]"
legislaturas.53.senadores[85];"[""3631"", ""Roberto Cavalcanti""]"
legislaturas.53.senadores[86];"[""3634"", ""Flexa Ribeiro""]"
legislaturas.53.senadores[87];"[""3637"", ""Danimar Cristina""]"
legislaturas.53.senadores[88];"[""3639"", ""Regis Fichtner""]"
legislaturas.53.senadores[89];"[""3642"", ""Belini Meurer""]"
legislaturas.53.senadores[90];"[""3643"", ""Luiz Carlos""]"
legislaturas.53.senadores[91];"[""3644"", ""Neuto de Conto""]"
legislaturas.53.senadores[92];"[""3645"", ""Selma Elias""]"
legislaturas.53.senadores[93];"[""3646"", ""Sadi Cassol""]"
legislaturas.53.senadores[94];"[""3651"", ""Alfredo Cotait Neto""]"
legislaturas.53.senadores[95];"[""3652"", ""João Tenório""]"
legislaturas.53.senadores[96];"[""3868"", ""Renato Casagrande""]"
legislaturas.53.senadores[97];"[""4522"", ""Geovani Borges""]"
legislaturas.53.senadores[98];"[""4525"", ""Fernando Collor""]"
legislaturas.53.senadores[99];"[""4527"", ""Alfredo Nascimento""]"
legislaturas.53.senadores[100];"[""4529"", ""Cícero Lucena""]"
legislaturas.53.senadores[101];"[""4531"", ""Jayme Campos""]"
legislaturas.53.senadores[102];"[""4533"", ""Joaquim Roriz""]"
legislaturas.53.senadores[103];"[""4535"", ""Marconi Perillo""]"
legislaturas.53.senadores[104];"[""4537"", ""João Durval""]"
legislaturas.53.senadores[105];"[""4539"", ""Mário Couto""]"
legislaturas.53.senadores[106];"[""4541"", ""João Vicente Claudino""]"
legislaturas.53.senadores[107];"[""4543"", ""Rosalba Ciarlini""]"
legislaturas.53.senadores[108];"[""4545"", ""Jarbas Vasconcelos""]"
legislaturas.53.senadores[109];"[""4547"", ""José Nery""]"
legislaturas.53.senadores[110];"[""4549"", ""Paulo Duque""]"
legislaturas.53.senadores[111];"[""4772"", ""Wilson Matos""]"
legislaturas.53.senadores[112];"[""4774"", ""João Pedro""]"
legislaturas.53.senadores[113];"[""4776"", ""Jorge Afonso Argello""]"
legislaturas.53.senadores[114];"[""4780"", ""Euclydes Mello""]"
legislaturas.53.senadores[115];"[""4786"", ""Virginio de Carvalho""]"
legislaturas.53.senadores[116];"[""4788"", ""Marco Antonio""]"
legislaturas.53.senadores[117];"[""4792"", ""Jefferson Praia""]"
legislaturas.53.senadores[118];"[""4815"", ""Ada Mello""]"
legislaturas.53.senadores[119];"[""4837"", ""Anibal Diniz""]"
legislaturas.53.senadores[120];"[""4869"", ""Ana Rita""]"
legislaturas.53.senadores[121];"[""4877"", ""Cyro Miranda""]"
legislaturas.53.senadores[122];"[""4885"", ""Jorge Yanai""]"
legislaturas.53.senadores[123];"[""4895"", ""Clésio Andrade""]"
legislaturas.53.senadores[124];"[""4935"", ""Garibaldi Alves""]"
legislaturas.53.senadores[125];"[""4961"", ""Níura Demarchi""]"
legislaturas.53.senadores[126];"[""4981"", ""Acir Gurgacz""]"
legislaturas.54.portal;128
legislaturas.54.api_uniao_dos_intervalos;461
legislaturas.54.em_ambos;127
legislaturas.54.so_portal[0];"[""5070"", ""Wilder Morais""]"
legislaturas.54.so_api_intervalos[0];"[""4"", ""Antonio Carlos Magalhães""]"
legislaturas.54.so_api_intervalos[1];"[""28"", ""Gerson Camata""]"
legislaturas.54.so_api_intervalos[2];"[""36"", ""Jefferson Peres""]"
legislaturas.54.so_api_intervalos[3];"[""38"", ""Jonas Pinheiro""]"
legislaturas.54.so_api_intervalos[4];"[""43"", ""José Eduardo Dutra""]"
legislaturas.54.so_api_intervalos[5];"[""53"", ""Leomar Quintanilha""]"
legislaturas.54.so_api_intervalos[6];"[""59"", ""Marina Silva""]"
legislaturas.54.so_api_intervalos[7];"[""66"", ""Osmar Dias""]"
legislaturas.54.so_api_intervalos[8];"[""69"", ""Ramez Tebet""]"
legislaturas.54.so_api_intervalos[9];"[""71"", ""Roberto Freire""]"
legislaturas.54.so_api_intervalos[10];"[""74"", ""Romeu Tuma""]"
legislaturas.54.so_api_intervalos[11];"[""78"", ""Teotonio Vilela Filho""]"
legislaturas.54.so_api_intervalos[12];"[""86"", ""Marco Maciel""]"
legislaturas.54.so_api_intervalos[13];"[""90"", ""José Serra""]"
legislaturas.54.so_api_intervalos[14];"[""105"", ""Marcos Guerra""]"
legislaturas.54.so_api_intervalos[15];"[""118"", ""Antonio Carlos Júnior""]"
legislaturas.54.so_api_intervalos[16];"[""120"", ""Djalma Bessa""]"
legislaturas.54.so_api_intervalos[17];"[""151"", ""Luiz Pastore""]"
legislaturas.54.so_api_intervalos[18];"[""176"", ""Edir Domeneghini""]"
legislaturas.54.so_api_intervalos[19];"[""288"", ""Nilson Mourão""]"
legislaturas.54.so_api_intervalos[20];"[""336"", ""Paulo Gouvêa""]"
legislaturas.54.so_api_intervalos[21];"[""345"", ""Flávio Arns""]"
legislaturas.54.so_api_intervalos[22];"[""374"", ""Paulo Rocha""]"
legislaturas.54.so_api_intervalos[23];"[""375"", ""Valdir Ganzer""]"
legislaturas.54.so_api_intervalos[24];"[""380"", ""Nicias Ribeiro""]"
legislaturas.54.so_api_intervalos[25];"[""415"", ""Lael Varella""]"
legislaturas.54.so_api_intervalos[26];"[""438"", ""Tilden Santiago""]"
legislaturas.54.so_api_intervalos[27];"[""456"", ""Ronaldo Caiado""]"
legislaturas.54.so_api_intervalos[28];"[""551"", ""Arthur Virgílio""]"
legislaturas.54.so_api_intervalos[29];"[""553"", ""Francisco Garcia""]"
legislaturas.54.so_api_intervalos[30];"[""611"", ""Chiquinho Feitosa""]"
legislaturas.54.so_api_intervalos[31];"[""624"", ""Sérgio Novais""]"
legislaturas.54.so_api_intervalos[32];"[""670"", ""Mauro Fecury""]"
legislaturas.54.so_api_intervalos[33];"[""677"", ""Roberto Rocha""]"
legislaturas.54.so_api_intervalos[34];"[""704"", ""Carlos Dunga""]"
legislaturas.54.so_api_intervalos[35];"[""707"", ""Efraim Morais""]"
legislaturas.54.so_api_intervalos[36];"[""710"", ""Marcondes Gadelha""]"
legislaturas.54.so_api_intervalos[37];"[""724"", ""Joaquim Francisco""]"
legislaturas.54.so_api_intervalos[38];"[""735"", ""Sergio Guerra""]"
legislaturas.54.so_api_intervalos[39];"[""740"", ""Heráclito Fortes""]"
legislaturas.54.so_api_intervalos[40];"[""791"", ""Vivaldo Barbosa""]"
legislaturas.54.so_api_intervalos[41];"[""845"", ""Aloizio Mercadante""]"
legislaturas.54.so_api_intervalos[42];"[""878"", ""José Aníbal""]"
legislaturas.54.so_api_intervalos[43];"[""918"", ""Pastor Amarildo""]"
legislaturas.54.so_api_intervalos[44];"[""1090"", ""Nova da Costa""]"
legislaturas.54.so_api_intervalos[45];"[""1169"", ""Paulo Octávio""]"
legislaturas.54.so_api_intervalos[46];"[""1173"", ""Wellington Fagundes""]"
legislaturas.54.so_api_intervalos[47];"[""1179"", ""Hélio Costa""]"
legislaturas.54.so_api_intervalos[48];"[""1757"", ""Cunha Lima""]"
legislaturas.54.so_api_intervalos[49];"[""2331"", ""Rose de Freitas""]"
legislaturas.54.so_api_intervalos[50];"[""3359"", ""Roseana Sarney""]"
legislaturas.54.so_api_intervalos[51];"[""3361"", ""José Maranhão""]"
legislaturas.54.so_api_intervalos[52];"[""3362"", ""Serys Slhessarenko""]"
legislaturas.54.so_api_intervalos[53];"[""3363"", ""Ana Júlia Carepa""]"
legislaturas.54.so_api_intervalos[54];"[""3364"", ""Mão Santa""]"
legislaturas.54.so_api_intervalos[55];"[""3365"", ""Sérgio Cabral""]"
legislaturas.54.so_api_intervalos[56];"[""3371"", ""Fátima Cleide""]"
legislaturas.54.so_api_intervalos[57];"[""3373"", ""Ideli Salvatti""]"
legislaturas.54.so_api_intervalos[58];"[""3374"", ""Leonel Pavan""]"
legislaturas.54.so_api_intervalos[59];"[""3375"", ""Sérgio Zambiasi""]"
legislaturas.54.so_api_intervalos[60];"[""3392"", ""Geraldo Mesquita Júnior""]"
legislaturas.54.so_api_intervalos[61];"[""3393"", ""Papaléo Paes""]"
legislaturas.54.so_api_intervalos[62];"[""3395"", ""César Borges""]"
legislaturas.54.so_api_intervalos[63];"[""3396"", ""Tasso Jereissati""]"
legislaturas.54.so_api_intervalos[64];"[""3397"", ""Patrícia Saboya""]"
legislaturas.54.so_api_intervalos[65];"[""3400"", ""Eduardo Azeredo""]"
legislaturas.54.so_api_intervalos[66];"[""3412"", ""Duciomar Costa""]"
legislaturas.54.so_api_intervalos[67];"[""3432"", ""Augusto Botelho""]"
legislaturas.54.so_api_intervalos[68];"[""3433"", ""Almeida Lima""]"
legislaturas.54.so_api_intervalos[69];"[""3532"", ""Sibá Machado""]"
legislaturas.54.so_api_intervalos[70];"[""3533"", ""Antonio Ferreira""]"
legislaturas.54.so_api_intervalos[71];"[""3534"", ""Natal de Souza Chaves""]"
legislaturas.54.so_api_intervalos[72];"[""3535"", ""Francisco Evandro Rosas da Costa""]"
legislaturas.54.so_api_intervalos[73];"[""3552"", ""Eurípedes Camargo""]"
legislaturas.54.so_api_intervalos[74];"[""3572"", ""Hélio Corrêa""]"
legislaturas.54.so_api_intervalos[75];"[""3573"", ""Ailton Araújo""]"
legislaturas.54.so_api_intervalos[76];"[""3574"", ""Francisco Pereira""]"
legislaturas.54.so_api_intervalos[77];"[""3575"", ""Nilis Castberg""]"
legislaturas.54.so_api_intervalos[78];"[""3578"", ""Ildon Marques""]"
legislaturas.54.so_api_intervalos[79];"[""3580"", ""Remi Ribeiro""]"
legislaturas.54.so_api_intervalos[80];"[""3581"", ""Luiz Guaritá""]"
legislaturas.54.so_api_intervalos[81];"[""3582"", ""Luiz Márcio""]"
legislaturas.54.so_api_intervalos[82];"[""3583"", ""Wellington Salgado""]"
legislaturas.54.so_api_intervalos[83];"[""3584"", ""Carlos Eduardo""]"
legislaturas.54.so_api_intervalos[84];"[""3585"", ""Gustavo Krause""]"
legislaturas.54.so_api_intervalos[85];"[""3586"", ""Marcus Antonio""]"
legislaturas.54.so_api_intervalos[86];"[""3587"", ""Roberto Chaves""]"
legislaturas.54.so_api_intervalos[87];"[""3588"", ""João Batista""]"
legislaturas.54.so_api_intervalos[88];"[""3589"", ""Jesus Elias""]"
legislaturas.54.so_api_intervalos[89];"[""3590"", ""José de Andrade""]"
legislaturas.54.so_api_intervalos[90];"[""3591"", ""Adalgisa Carvalho""]"
legislaturas.54.so_api_intervalos[91];"[""3592"", ""Severo Maria""]"
legislaturas.54.so_api_intervalos[92];"[""3593"", ""João Faustino""]"
legislaturas.54.so_api_intervalos[93];"[""3594"", ""Carlos Alberto""]"
legislaturas.54.so_api_intervalos[94];"[""3595"", ""José Bezerra""]"
legislaturas.54.so_api_intervalos[95];"[""3596"", ""Edivan Secundo""]"
legislaturas.54.so_api_intervalos[96];"[""3597"", ""Wirlande da Luz""]"
legislaturas.54.so_api_intervalos[97];"[""3598"", ""Delacir de Melo""]"
legislaturas.54.so_api_intervalos[98];"[""3599"", ""Neides Batista""]"
legislaturas.54.so_api_intervalos[99];"[""3600"", ""Ernesto Martins""]"
legislaturas.54.so_api_intervalos[100];"[""3601"", ""Cláudio Antonio""]"
legislaturas.54.so_api_intervalos[101];"[""3603"", ""José Pinto""]"
legislaturas.54.so_api_intervalos[102];"[""3604"", ""Élber Batalha""]"
legislaturas.54.so_api_intervalos[103];"[""3605"", ""Paulo Carvalho""]"
legislaturas.54.so_api_intervalos[104];"[""3606"", ""Max José""]"
legislaturas.54.so_api_intervalos[105];"[""3607"", ""Nivaldo Fernando""]"
legislaturas.54.so_api_intervalos[106];"[""3608"", ""José Ramalho""]"
legislaturas.54.so_api_intervalos[107];"[""3609"", ""Odete da Cruz""]"
legislaturas.54.so_api_intervalos[108];"[""3613"", ""José Wanderley""]"
legislaturas.54.so_api_intervalos[109];"[""3615"", ""Frank Luiz""]"
legislaturas.54.so_api_intervalos[110];"[""3616"", ""Erasmo Lino de Jesus Alfaia""]"
legislaturas.54.so_api_intervalos[111];"[""3617"", ""Sebastião Cristovan""]"
legislaturas.54.so_api_intervalos[112];"[""3618"", ""Uilton José""]"
legislaturas.54.so_api_intervalos[113];"[""3619"", ""Flávio Torres""]"
legislaturas.54.so_api_intervalos[114];"[""3620"", ""Assis Almeida""]"
legislaturas.54.so_api_intervalos[115];"[""3621"", ""Moisés Marques""]"
legislaturas.54.so_api_intervalos[116];"[""3622"", ""Adelmir Santana""]"
legislaturas.54.so_api_intervalos[117];"[""3623"", ""Sandra Melon de Paula""]"
legislaturas.54.so_api_intervalos[118];"[""3624"", ""José Eduardo""]"
legislaturas.54.so_api_intervalos[119];"[""3625"", ""Antonio Faleiros""]"
legislaturas.54.so_api_intervalos[120];"[""3626"", ""Gilberto Goellner""]"
legislaturas.54.so_api_intervalos[121];"[""3627"", ""Wanderley A.""]"
legislaturas.54.so_api_intervalos[122];"[""3628"", ""Orency Francisco""]"
legislaturas.54.so_api_intervalos[123];"[""3629"", ""Valter Pereira""]"
legislaturas.54.so_api_intervalos[124];"[""3630"", ""Eduardo Otávio Teixeira Marcondes""]"
legislaturas.54.so_api_intervalos[125];"[""3631"", ""Roberto Cavalcanti""]"
legislaturas.54.so_api_intervalos[126];"[""3632"", ""Fernando Catão""]"
legislaturas.54.so_api_intervalos[127];"[""3633"", ""Marta Ramalho""]"
legislaturas.54.so_api_intervalos[128];"[""3635"", ""Gomes Carvalho""]"
legislaturas.54.so_api_intervalos[129];"[""3636"", ""Jorge Luiz""]"
legislaturas.54.so_api_intervalos[130];"[""3637"", ""Danimar Cristina""]"
legislaturas.54.so_api_intervalos[131];"[""3638"", ""Márcio Tadeu Vieira Pessatti""]"
legislaturas.54.so_api_intervalos[132];"[""3639"", ""Regis Fichtner""]"
legislaturas.54.so_api_intervalos[133];"[""3640"", ""Eraldo Macedo""]"
legislaturas.54.so_api_intervalos[134];"[""3641"", ""Jairo Augusto""]"
legislaturas.54.so_api_intervalos[135];"[""3642"", ""Belini Meurer""]"
legislaturas.54.so_api_intervalos[136];"[""3643"", ""Luiz Carlos""]"
legislaturas.54.so_api_intervalos[137];"[""3644"", ""Neuto de Conto""]"
legislaturas.54.so_api_intervalos[138];"[""3645"", ""Selma Elias""]"
legislaturas.54.so_api_intervalos[139];"[""3646"", ""Sadi Cassol""]"
legislaturas.54.so_api_intervalos[140];"[""3647"", ""Luiz Tolentino""]"
legislaturas.54.so_api_intervalos[141];"[""3648"", ""Nezinho Alencar""]"
legislaturas.54.so_api_intervalos[142];"[""3649"", ""José Giácomo""]"
legislaturas.54.so_api_intervalos[143];"[""3650"", ""João Vaccari""]"
legislaturas.54.so_api_intervalos[144];"[""3651"", ""Alfredo Cotait Neto""]"
legislaturas.54.so_api_intervalos[145];"[""3652"", ""João Tenório""]"
legislaturas.54.so_api_intervalos[146];"[""3713"", ""Fátima Bezerra""]"
legislaturas.54.so_api_intervalos[147];"[""3830"", ""Davi Alcolumbre""]"
legislaturas.54.so_api_intervalos[148];"[""4516"", ""Antonio João""]"
legislaturas.54.so_api_intervalos[149];"[""4547"", ""José Nery""]"
legislaturas.54.so_api_intervalos[150];"[""4549"", ""Paulo Duque""]"
legislaturas.54.so_api_intervalos[151];"[""4551"", ""Raimundo Noronha Filho""]"
legislaturas.54.so_api_intervalos[152];"[""4553"", ""Gloria Maria Ramos Tavares""]"
legislaturas.54.so_api_intervalos[153];"[""4558"", ""Gladson Cameli""]"
legislaturas.54.so_api_intervalos[154];"[""4606"", ""Pinto Itamaraty""]"
legislaturas.54.so_api_intervalos[155];"[""4610"", ""Alexandre Silveira""]"
legislaturas.54.so_api_intervalos[156];"[""4778"", ""Marcos de Almeida Castro""]"
legislaturas.54.so_api_intervalos[157];"[""4780"", ""Euclydes Mello""]"
legislaturas.54.so_api_intervalos[158];"[""4784"", ""João Rafael de Aguiar""]"
legislaturas.54.so_api_intervalos[159];"[""4786"", ""Virginio de Carvalho""]"
legislaturas.54.so_api_intervalos[160];"[""4790"", ""Tobias José Carneiro""]"
legislaturas.54.so_api_intervalos[161];"[""4792"", ""Jefferson Praia""]"
legislaturas.54.so_api_intervalos[162];"[""4815"", ""Ada Mello""]"
legislaturas.54.so_api_intervalos[163];"[""4841"", ""Carlos Augusto Coelho de Faria""]"
legislaturas.54.so_api_intervalos[164];"[""4843"", ""José Oliveira Costa""]"
legislaturas.54.so_api_intervalos[165];"[""4845"", ""Valquíria Alves Brandão César""]"
legislaturas.54.so_api_intervalos[166];"[""4847"", ""Salomão Alcolumbre Júnior""]"
legislaturas.54.so_api_intervalos[167];"[""4849"", ""Salomão Alcolumbre""]"
legislaturas.54.so_api_intervalos[168];"[""4851"", ""Ana Virgínia Rego Gama""]"
legislaturas.54.so_api_intervalos[169];"[""4853"", ""Aluisio Augusto de Queiroz Braga""]"
legislaturas.54.so_api_intervalos[170];"[""4855"", ""Eliel Lima Santana""]"
legislaturas.54.so_api_intervalos[171];"[""4863"", ""Francisco das Chagas Alcantara""]"
legislaturas.54.so_api_intervalos[172];"[""4865"", ""Abdala Karin Nabut""]"
legislaturas.54.so_api_intervalos[173];"[""4871"", ""Esmael Barbosa de Almeida""]"
legislaturas.54.so_api_intervalos[174];"[""4875"", ""Marlúcio Pereira da Silva""]"
legislaturas.54.so_api_intervalos[175];"[""4879"", ""Paulo Silva de Jesus""]"
legislaturas.54.so_api_intervalos[176];"[""4881"", ""Afonso Sérgio Fernandes Ribeiro""]"
legislaturas.54.so_api_intervalos[177];"[""4883"", ""José Ribamar Fiquene""]"
legislaturas.54.so_api_intervalos[178];"[""4885"", ""Jorge Yanai""]"
legislaturas.54.so_api_intervalos[179];"[""4889"", ""Ordalino Martins da Cunha""]"
legislaturas.54.so_api_intervalos[180];"[""4899"", ""Michel Dib Tachy""]"
legislaturas.54.so_api_intervalos[181];"[""4901"", ""Demétrius Fernandes Ribeiro""]"
legislaturas.54.so_api_intervalos[182];"[""4905"", ""Everaldo Siqueira Moreira""]"
legislaturas.54.so_api_intervalos[183];"[""4907"", ""Antonio Porcino Sobrinho""]"
legislaturas.54.so_api_intervalos[184];"[""4917"", ""Hélio Moacyr de Souza Duque""]"
legislaturas.54.so_api_intervalos[185];"[""4919"", ""Jose Arlindo Soares""]"
legislaturas.54.so_api_intervalos[186];"[""4923"", ""João Hilton Fernandes Silva""]"
legislaturas.54.so_api_intervalos[187];"[""4925"", ""Maria de Lourdes Carvalho Rufino""]"
legislaturas.54.so_api_intervalos[188];"[""4929"", ""Jose Calp Filho""]"
legislaturas.54.so_api_intervalos[189];"[""4931"", ""Natal Wellington Rodrigues Furucho""]"
legislaturas.54.so_api_intervalos[190];"[""4939"", ""Humberto Sorio Júnior""]"
legislaturas.54.so_api_intervalos[191];"[""4941"", ""Elói Francisco Pedroso Guimarães""]"
legislaturas.54.so_api_intervalos[192];"[""4943"", ""Maria da Graça Gomes Paiva""]"
legislaturas.54.so_api_intervalos[193];"[""4947"", ""José Raimundo Pires""]"
legislaturas.54.so_api_intervalos[194];"[""4951"", ""Manoel Angelo Chagas""]"
legislaturas.54.so_api_intervalos[195];"[""4953"", ""Elcide Alberto Lanzarin""]"
legislaturas.54.so_api_intervalos[196];"[""4955"", ""Jabis Emerick Dutra""]"
legislaturas.54.so_api_intervalos[197];"[""4959"", ""Sumaia Marly Salomão Wilt""]"
legislaturas.54.so_api_intervalos[198];"[""4961"", ""Níura Demarchi""]"
legislaturas.54.so_api_intervalos[199];"[""4963"", ""Carlos Ramiro de Castro (Falecido Em 05/09/2013)""]"
legislaturas.54.so_api_intervalos[200];"[""4965"", ""Ari Vicente Fernandes""]"
legislaturas.54.so_api_intervalos[201];"[""4967"", ""Alexandre Honore Marie Thioillier Filho""]"
legislaturas.54.so_api_intervalos[202];"[""4969"", ""Elber Batalha""]"
legislaturas.54.so_api_intervalos[203];"[""4971"", ""Emanuel Messias Oliveira Cacho""]"
legislaturas.54.so_api_intervalos[204];"[""4973"", ""José João Batista Stival""]"
legislaturas.54.so_api_intervalos[205];"[""4975"", ""José Francisco Pinto""]"
legislaturas.54.so_api_intervalos[206];"[""4985"", ""Rui Parra Motta""]"
legislaturas.54.so_api_intervalos[207];"[""5014"", ""Shydney Jorge Rosa""]"
legislaturas.54.so_api_intervalos[208];"[""5018"", ""Pastor Bel""]"
legislaturas.54.so_api_intervalos[209];"[""5022"", ""Janduhy Max Freire de Andrade""]"
legislaturas.54.so_api_intervalos[210];"[""5024"", ""Gabriel Maia Gelpke""]"
legislaturas.54.so_api_intervalos[211];"[""5026"", ""Fernando Carvalho Lage""]"
legislaturas.54.so_api_intervalos[212];"[""5028"", ""Armando José de Oliveira""]"
legislaturas.54.so_api_intervalos[213];"[""5030"", ""Givago Tenório""]"
legislaturas.54.so_api_intervalos[214];"[""5032"", ""Antônio Milton Pessoa Falcão Filho""]"
legislaturas.54.so_api_intervalos[215];"[""5034"", ""Fábio Luiz Araújo Lopes de Farias""]"
legislaturas.54.so_api_intervalos[216];"[""5036"", ""José de Macedo Ferreira""]"
legislaturas.54.so_api_intervalos[217];"[""5040"", ""Lirio Albino Parisotto""]"
legislaturas.54.so_api_intervalos[218];"[""5042"", ""Alzira Ferreira Barros""]"
legislaturas.54.so_api_intervalos[219];"[""5044"", ""Clécio Luis Vilhena Vieira""]"
legislaturas.54.so_api_intervalos[220];"[""5046"", ""Andrelina Barbosa da Cunha""]"
legislaturas.54.so_api_intervalos[221];"[""5050"", ""Pedro Irno Tonelli""]"
legislaturas.54.so_api_intervalos[222];"[""5052"", ""Roberto Muniz""]"
legislaturas.54.so_api_intervalos[223];"[""5054"", ""Francisco Simeão Rodrigues Neto""]"
legislaturas.54.so_api_intervalos[224];"[""5056"", ""Silvia Nascimento Cardoso dos Santos Cerqueira""]"
legislaturas.54.so_api_intervalos[225];"[""5058"", ""Luís Guilherme Gomes Mussi""]"
legislaturas.54.so_api_intervalos[226];"[""5060"", ""Olney Ribeiro Botelho""]"
legislaturas.54.so_api_intervalos[227];"[""5064"", ""Emir Simão Sader""]"
legislaturas.54.so_api_intervalos[228];"[""5066"", ""Juçara Feitosa de Oliveira""]"
legislaturas.54.so_api_intervalos[229];"[""5068"", ""Tânia Cristina Magalhães Bastos e Silva""]"
legislaturas.54.so_api_intervalos[230];"[""5074"", ""Sander Fraxe Salomao""]"
legislaturas.54.so_api_intervalos[231];"[""5076"", ""Ione Guimarães""]"
legislaturas.54.so_api_intervalos[232];"[""5078"", ""Jose Nagib da Silva Lima""]"
legislaturas.54.so_api_intervalos[233];"[""5080"", ""Pablo Sergio Souza Bezerra""]"
legislaturas.54.so_api_intervalos[234];"[""5082"", ""Waldemir Catanho de Sena Júnior""]"
legislaturas.54.so_api_intervalos[235];"[""5084"", ""Veridiana Maria Tonini""]"
legislaturas.54.so_api_intervalos[236];"[""5086"", ""Miguel Dias de Souza""]"
legislaturas.54.so_api_intervalos[237];"[""5088"", ""Gilberto Corazza""]"
legislaturas.54.so_api_intervalos[238];"[""5090"", ""José Alberto Wenzel""]"
legislaturas.54.so_api_intervalos[239];"[""5092"", ""Luis Carlos Paes de Castro""]"
legislaturas.54.so_api_intervalos[240];"[""5094"", ""Márcio Bergonsi Turra""]"
legislaturas.54.so_api_intervalos[241];"[""5096"", ""Wilmar Lacerda""]"
legislaturas.54.so_api_intervalos[242];"[""5098"", ""Roberto Wagner Monteiro""]"
legislaturas.54.so_api_intervalos[243];"[""5104"", ""Luis Cláudio da Costa Avelar""]"
legislaturas.54.so_api_intervalos[244];"[""5106"", ""Sérgio de Castro""]"
legislaturas.54.so_api_intervalos[245];"[""5110"", ""Rodrigues Palma""]"
legislaturas.54.so_api_intervalos[246];"[""5114"", ""Paulo Pereira Fíuza Filho""]"
legislaturas.54.so_api_intervalos[247];"[""5116"", ""Pedro Chaves""]"
legislaturas.54.so_api_intervalos[248];"[""5118"", ""Zonir Freitas Tetila""]"
legislaturas.54.so_api_intervalos[249];"[""5120"", ""José Antonio Guidoni""]"
legislaturas.54.so_api_intervalos[250];"[""5122"", ""Paulo Antenor de Oliveira""]"
legislaturas.54.so_api_intervalos[251];"[""5124"", ""Maria Antonieta Amorim dos Santos""]"
legislaturas.54.so_api_intervalos[252];"[""5126"", ""Enivaldo Euzébio dos Anjos""]"
legislaturas.54.so_api_intervalos[253];"[""5128"", ""Gino Jose Ferreira""]"
legislaturas.54.so_api_intervalos[254];"[""5130"", ""Valério Djalma Cavalcanti Marinho""]"
legislaturas.54.so_api_intervalos[255];"[""5132"", ""Dalirio Beber""]"
legislaturas.54.so_api_intervalos[256];"[""5134"", ""Antônio Marcos Gavazzoni""]"
legislaturas.54.so_api_intervalos[257];"[""5136"", ""Cesar Antonio de Souza""]"
legislaturas.54.so_api_intervalos[258];"[""5138"", ""Athos de Almeida Lopes""]"
legislaturas.54.so_api_intervalos[259];"[""5140"", ""Airton Sandoval""]"
legislaturas.54.so_api_intervalos[260];"[""5142"", ""Marta Maria Freire da Costa""]"
legislaturas.54.so_api_intervalos[261];"[""5146"", ""Elaine Matozinhos Ribeiro""]"
legislaturas.54.so_api_intervalos[262];"[""5148"", ""Elmiro Alves do Nascimento""]"
legislaturas.54.so_api_intervalos[263];"[""5152"", ""Paulo Frateschi""]"
legislaturas.54.so_api_intervalos[264];"[""5154"", ""Abiancy Cadoso Rosa""]"
legislaturas.54.so_api_intervalos[265];"[""5160"", ""Edivaldo Edilson Pantoja da Silva""]"
legislaturas.54.so_api_intervalos[266];"[""5162"", ""Félix Urano Gama de Souza""]"
legislaturas.54.so_api_intervalos[267];"[""5168"", ""Aristavora de Souza Santos""]"
legislaturas.54.so_api_intervalos[268];"[""5170"", ""Agimiro Dias da Costa""]"
legislaturas.54.so_api_intervalos[269];"[""5172"", ""Sanny Japiassú dos Santos""]"
legislaturas.54.so_api_intervalos[270];"[""5174"", ""Maria de Pompeia Lins Pessoa""]"
legislaturas.54.so_api_intervalos[271];"[""5176"", ""Nestor Duarte Guimarães Neto""]"
legislaturas.54.so_api_intervalos[272];"[""5180"", ""José Rodrigues da Silva""]"
legislaturas.54.so_api_intervalos[273];"[""5184"", ""Zé Santana""]"
legislaturas.54.so_api_intervalos[274];"[""5186"", ""João Claudino Fernandes""]"
legislaturas.54.so_api_intervalos[275];"[""5190"", ""Maria Luza de Aquino Machado""]"
legislaturas.54.so_api_intervalos[276];"[""5199"", ""Deca""]"
legislaturas.54.so_api_intervalos[277];"[""5236"", ""Reguffe""]"
legislaturas.54.so_api_intervalos[278];"[""5281"", ""Nilda Gondim""]"
legislaturas.54.so_api_intervalos[279];"[""5322"", ""Romário""]"
legislaturas.54.so_api_intervalos[280];"[""5416"", ""Francisco Wilson Ribeiro""]"
legislaturas.54.so_api_intervalos[281];"[""5418"", ""Ivanci Magno""]"
legislaturas.54.so_api_intervalos[282];"[""5420"", ""Ubiraci Picanço""]"
legislaturas.54.so_api_intervalos[283];"[""5523"", ""Otto Alencar""]"
legislaturas.54.so_api_intervalos[284];"[""5525"", ""Omar Aziz""]"
legislaturas.54.so_api_intervalos[285];"[""5527"", ""Simone Tebet""]"
legislaturas.54.so_api_intervalos[286];"[""5529"", ""Antonio Anastasia""]"
legislaturas.54.so_api_intervalos[287];"[""5531"", ""Elmano Férrer""]"
legislaturas.54.so_api_intervalos[288];"[""5533"", ""Lasier Martins""]"
legislaturas.54.so_api_intervalos[289];"[""5535"", ""Telmário Mota""]"
legislaturas.54.so_api_intervalos[290];"[""5537"", ""Dário Berger""]"
legislaturas.54.so_api_intervalos[291];"[""5540"", ""Fernando Bezerra Coelho""]"
legislaturas.54.so_api_intervalos[292];"[""5557"", ""Mailza Gomes""]"
legislaturas.54.so_api_intervalos[293];"[""5559"", ""Bispo José""]"
legislaturas.54.so_api_intervalos[294];"[""5561"", ""Renilde Bulhões""]"
legislaturas.54.so_api_intervalos[295];"[""5563"", ""Severino Leão""]"
legislaturas.54.so_api_intervalos[296];"[""5565"", ""Dr. Helder Cavalcante""]"
legislaturas.54.so_api_intervalos[297];"[""5567"", ""Luis Mitoso""]"
legislaturas.54.so_api_intervalos[298];"[""5569"", ""Josiel""]"
legislaturas.54.so_api_intervalos[299];"[""5571"", ""Marquinho""]"
legislaturas.54.so_api_intervalos[300];"[""5573"", ""Abel Rebouças""]"
legislaturas.54.so_api_intervalos[301];"[""5575"", ""Marizete""]"
legislaturas.54.so_api_intervalos[302];"[""5577"", ""Fernando Façanha""]"
legislaturas.54.so_api_intervalos[303];"[""5579"", ""José Carlos Vasconcellos""]"
legislaturas.54.so_api_intervalos[304];"[""5581"", ""Fadi Faraj""]"
legislaturas.54.so_api_intervalos[305];"[""5583"", ""Schariff Moyses""]"
legislaturas.54.so_api_intervalos[306];"[""5585"", ""Luiz Carlos do Carmo""]"
legislaturas.54.so_api_intervalos[307];"[""5587"", ""Eladio Carneiro""]"
legislaturas.54.so_api_intervalos[308];"[""5589"", ""Paulo Matos""]"
legislaturas.54.so_api_intervalos[309];"[""5591"", ""Manoel Motta""]"
legislaturas.54.so_api_intervalos[310];"[""5593"", ""Celso Dal Lago Rodrigues""]"
legislaturas.54.so_api_intervalos[311];"[""5595"", ""Moacir Kohl""]"
legislaturas.54.so_api_intervalos[312];"[""5599"", ""Pastor Ibanes Taveira""]"
legislaturas.54.so_api_intervalos[313];"[""5601"", ""Roosevelt Vita""]"
legislaturas.54.so_api_intervalos[314];"[""5603"", ""Carlos Augusto Costa""]"
legislaturas.54.so_api_intervalos[315];"[""5605"", ""Eliane Rodrigues""]"
legislaturas.54.so_api_intervalos[316];"[""5607"", ""Alzenir Porto""]"
legislaturas.54.so_api_intervalos[317];"[""5609"", ""Joel Malucelli""]"
legislaturas.54.so_api_intervalos[318];"[""5611"", ""Severino Araujo""]"
legislaturas.54.so_api_intervalos[319];"[""5613"", ""João Batista Lemos""]"
legislaturas.54.so_api_intervalos[320];"[""5615"", ""Gilberto Piselo""]"
legislaturas.54.so_api_intervalos[321];"[""5617"", ""Pastor Valadares""]"
legislaturas.54.so_api_intervalos[322];"[""5619"", ""Thieres Pinto""]"
legislaturas.54.so_api_intervalos[323];"[""5621"", ""Rudson Leite""]"
legislaturas.54.so_api_intervalos[324];"[""5623"", ""Christopher Goulart""]"
legislaturas.54.so_api_intervalos[325];"[""5625"", ""Adilson Silva dos Santos""]"
legislaturas.54.so_api_intervalos[326];"[""5627"", ""Jean-Paul Prates""]"
legislaturas.54.so_api_intervalos[327];"[""5629"", ""Theodorico Bezerra Netto""]"
legislaturas.54.so_api_intervalos[328];"[""5631"", ""Ayres Marchetti""]"
legislaturas.54.so_api_intervalos[329];"[""5633"", ""Atilio Francisco""]"
legislaturas.54.so_api_intervalos[330];"[""5635"", ""Ricardo Franco""]"
legislaturas.54.so_api_intervalos[331];"[""5637"", ""Donizeti Nogueira""]"
legislaturas.54.so_api_intervalos[332];"[""5639"", ""Guaracy Silveira""]"
legislaturas.54.so_api_intervalos[333];"[""5849"", ""José Amauri""]"
legislaturas.54.senadores[0];"[""3"", ""Antonio Carlos Valadares""]"
legislaturas.54.senadores[1];"[""13"", ""Casildo Maldaner""]"
legislaturas.54.senadores[2];"[""16"", ""Edison Lobão""]"
legislaturas.54.senadores[3];"[""17"", ""Eduardo Suplicy""]"
legislaturas.54.senadores[4];"[""20"", ""Epitácio Cafeteira""]"
legislaturas.54.senadores[5];"[""30"", ""Gilvam Borges""]"
legislaturas.54.senadores[6];"[""35"", ""Jader Barbalho""]"
legislaturas.54.senadores[7];"[""40"", ""José Agripino""]"
legislaturas.54.senadores[8];"[""47"", ""José Sarney""]"
legislaturas.54.senadores[9];"[""64"", ""Odacir Soares""]"
legislaturas.54.senadores[10];"[""68"", ""Pedro Simon""]"
legislaturas.54.senadores[11];"[""70"", ""Renan Calheiros""]"
legislaturas.54.senadores[12];"[""72"", ""Roberto Requião""]"
legislaturas.54.senadores[13];"[""73"", ""Romero Jucá""]"
legislaturas.54.senadores[14];"[""87"", ""Garibaldi Alves Filho""]"
legislaturas.54.senadores[15];"[""111"", ""Blairo Maggi""]"
legislaturas.54.senadores[16];"[""391"", ""Aécio Neves""]"
legislaturas.54.senadores[17];"[""394"", ""Eliseu Resende""]"
legislaturas.54.senadores[18];"[""527"", ""Marisa Serrano""]"
legislaturas.54.senadores[19];"[""558"", ""Vanessa Grazziotin""]"
legislaturas.54.senadores[20];"[""604"", ""Walter Pinheiro""]"
legislaturas.54.senadores[21];"[""612"", ""Eunício Oliveira""]"
legislaturas.54.senadores[22];"[""613"", ""Inácio Arruda""]"
legislaturas.54.senadores[23];"[""615"", ""José Pimentel""]"
legislaturas.54.senadores[24];"[""631"", ""Magno Malta""]"
legislaturas.54.senadores[25];"[""635"", ""Ricardo Ferraço""]"
legislaturas.54.senadores[26];"[""643"", ""Lúcia Vânia""]"
legislaturas.54.senadores[27];"[""715"", ""Armando Monteiro""]"
legislaturas.54.senadores[28];"[""739"", ""Ciro Nogueira""]"
legislaturas.54.senadores[29];"[""765"", ""Francisco Dornelles""]"
legislaturas.54.senadores[30];"[""825"", ""Paulo Paim""]"
legislaturas.54.senadores[31];"[""846"", ""Aloysio Nunes Ferreira""]"
legislaturas.54.senadores[32];"[""916"", ""João Ribeiro""]"
legislaturas.54.senadores[33];"[""945"", ""Alvaro Dias""]"
legislaturas.54.senadores[34];"[""950"", ""João Alberto Souza""]"
legislaturas.54.senadores[35];"[""952"", ""Mozarildo Cavalcanti""]"
legislaturas.54.senadores[36];"[""982"", ""Tião Viana""]"
legislaturas.54.senadores[37];"[""1023"", ""Maria do Carmo Alves""]"
legislaturas.54.senadores[38];"[""1176"", ""Waldemir Moka""]"
legislaturas.54.senadores[39];"[""1189"", ""Expedito Júnior""]"
legislaturas.54.senadores[40];"[""1206"", ""Raimundo Colombo""]"
legislaturas.54.senadores[41];"[""1210"", ""Osvaldo Sobrinho""]"
legislaturas.54.senadores[42];"[""1249"", ""Kátia Abreu""]"
legislaturas.54.senadores[43];"[""1754"", ""Itamar Franco""]"
legislaturas.54.senadores[44];"[""2207"", ""Raimundo Lira""]"
legislaturas.54.senadores[45];"[""2632"", ""Fernando Ribeiro""]"
legislaturas.54.senadores[46];"[""3360"", ""Delcídio do Amaral""]"
legislaturas.54.senadores[47];"[""3366"", ""Marcelo Crivella""]"
legislaturas.54.senadores[48];"[""3372"", ""Valdir Raupp""]"
legislaturas.54.senadores[49];"[""3394"", ""João Capiberibe""]"
legislaturas.54.senadores[50];"[""3398"", ""Cristovam Buarque""]"
legislaturas.54.senadores[51];"[""3399"", ""Demóstenes Torres""]"
legislaturas.54.senadores[52];"[""3579"", ""Lobão Filho""]"
legislaturas.54.senadores[53];"[""3634"", ""Flexa Ribeiro""]"
legislaturas.54.senadores[54];"[""3695"", ""Lindbergh Farias""]"
legislaturas.54.senadores[55];"[""3741"", ""Paulo Bauer""]"
legislaturas.54.senadores[56];"[""3811"", ""Wilson Santiago""]"
legislaturas.54.senadores[57];"[""3823"", ""Benedito de Lira""]"
legislaturas.54.senadores[58];"[""3868"", ""Renato Casagrande""]"
legislaturas.54.senadores[59];"[""3881"", ""Clovis Fecury""]"
legislaturas.54.senadores[60];"[""4522"", ""Geovani Borges""]"
legislaturas.54.senadores[61];"[""4525"", ""Fernando Collor""]"
legislaturas.54.senadores[62];"[""4527"", ""Alfredo Nascimento""]"
legislaturas.54.senadores[63];"[""4529"", ""Cícero Lucena""]"
legislaturas.54.senadores[64];"[""4531"", ""Jayme Campos""]"
legislaturas.54.senadores[65];"[""4533"", ""Joaquim Roriz""]"
legislaturas.54.senadores[66];"[""4535"", ""Marconi Perillo""]"
legislaturas.54.senadores[67];"[""4537"", ""João Durval""]"
legislaturas.54.senadores[68];"[""4539"", ""Mário Couto""]"
legislaturas.54.senadores[69];"[""4541"", ""João Vicente Claudino""]"
legislaturas.54.senadores[70];"[""4543"", ""Rosalba Ciarlini""]"
legislaturas.54.senadores[71];"[""4545"", ""Jarbas Vasconcelos""]"
legislaturas.54.senadores[72];"[""4560"", ""Sérgio Petecão""]"
legislaturas.54.senadores[73];"[""4575"", ""Lídice da Mata""]"
legislaturas.54.senadores[74];"[""4593"", ""Rodrigo Rollemberg""]"
legislaturas.54.senadores[75];"[""4645"", ""Vital do Rêgo""]"
legislaturas.54.senadores[76];"[""4697"", ""Ângela Portela""]"
legislaturas.54.senadores[77];"[""4721"", ""Eduardo Amorim""]"
legislaturas.54.senadores[78];"[""4763"", ""Vicentinho Alves""]"
legislaturas.54.senadores[79];"[""4767"", ""Eduardo Lopes""]"
legislaturas.54.senadores[80];"[""4772"", ""Wilson Matos""]"
legislaturas.54.senadores[81];"[""4774"", ""João Pedro""]"
legislaturas.54.senadores[82];"[""4776"", ""Jorge Afonso Argello""]"
legislaturas.54.senadores[83];"[""4788"", ""Marco Antonio""]"
legislaturas.54.senadores[84];"[""4837"", ""Anibal Diniz""]"
legislaturas.54.senadores[85];"[""4869"", ""Ana Rita""]"
legislaturas.54.senadores[86];"[""4873"", ""Fleury""]"
legislaturas.54.senadores[87];"[""4877"", ""Cyro Miranda""]"
legislaturas.54.senadores[88];"[""4891"", ""Antonio Russo""]"
legislaturas.54.senadores[89];"[""4893"", ""Ruben Figueiró""]"
legislaturas.54.senadores[90];"[""4895"", ""Clésio Andrade""]"
legislaturas.54.senadores[91];"[""4897"", ""Antonio Aureliano""]"
legislaturas.54.senadores[92];"[""4927"", ""Pericles Olivier""]"
legislaturas.54.senadores[93];"[""4935"", ""Garibaldi Alves""]"
legislaturas.54.senadores[94];"[""4937"", ""Ivonete Dantas""]"
legislaturas.54.senadores[95];"[""4949"", ""Tomás Correia""]"
legislaturas.54.senadores[96];"[""4957"", ""Sodré Santoro""]"
legislaturas.54.senadores[97];"[""4981"", ""Acir Gurgacz""]"
legislaturas.54.senadores[98];"[""4983"", ""Assis Gurgacz""]"
legislaturas.54.senadores[99];"[""4988"", ""Ana Amélia""]"
legislaturas.54.senadores[100];"[""4990"", ""Jorge Viana""]"
legislaturas.54.senadores[101];"[""4994"", ""Eduardo Braga""]"
legislaturas.54.senadores[102];"[""4998"", ""Marinor Brito""]"
legislaturas.54.senadores[103];"[""5000"", ""Marta Suplicy""]"
legislaturas.54.senadores[104];"[""5002"", ""Luiz Henrique""]"
legislaturas.54.senadores[105];"[""5004"", ""Ivo Cassol""]"
legislaturas.54.senadores[106];"[""5006"", ""Gleisi Hoffmann""]"
legislaturas.54.senadores[107];"[""5008"", ""Humberto Costa""]"
legislaturas.54.senadores[108];"[""5010"", ""Pedro Taques""]"
legislaturas.54.senadores[109];"[""5012"", ""Randolfe Rodrigues""]"
legislaturas.54.senadores[110];"[""5016"", ""Wellington Dias""]"
legislaturas.54.senadores[111];"[""5020"", ""Paulo Davim""]"
legislaturas.54.senadores[112];"[""5038"", ""Sandra Braga""]"
legislaturas.54.senadores[113];"[""5048"", ""Sergio Souza""]"
legislaturas.54.senadores[114];"[""5070"", ""Wilder Morais""]"
legislaturas.54.senadores[115];"[""5072"", ""Reditario Cassol""]"
legislaturas.54.senadores[116];"[""5100"", ""Hélio José""]"
legislaturas.54.senadores[117];"[""5108"", ""Cidinho Santos""]"
legislaturas.54.senadores[118];"[""5112"", ""José Medeiros""]"
legislaturas.54.senadores[119];"[""5144"", ""Zeze Perrella""]"
legislaturas.54.senadores[120];"[""5150"", ""Antonio Carlos Rodrigues""]"
legislaturas.54.senadores[121];"[""5156"", ""Lauro Antonio""]"
legislaturas.54.senadores[122];"[""5158"", ""Kaká Andrade""]"
legislaturas.54.senadores[123];"[""5164"", ""Ataídes Oliveira""]"
legislaturas.54.senadores[124];"[""5166"", ""João Costa""]"
legislaturas.54.senadores[125];"[""5178"", ""Douglas Cintra""]"
legislaturas.54.senadores[126];"[""5182"", ""Regina Sousa""]"
legislaturas.54.senadores[127];"[""5197"", ""Cássio Cunha Lima""]"
legislaturas.55.portal;124
legislaturas.55.api_uniao_dos_intervalos;479
legislaturas.55.em_ambos;123
legislaturas.55.so_portal[0];"[""5070"", ""Wilder Morais""]"
legislaturas.55.so_api_intervalos[0];"[""13"", ""Casildo Maldaner""]"
legislaturas.55.so_api_intervalos[1];"[""17"", ""Eduardo Suplicy""]"
legislaturas.55.so_api_intervalos[2];"[""20"", ""Epitácio Cafeteira""]"
legislaturas.55.so_api_intervalos[3];"[""22"", ""Esperidião Amin""]"
legislaturas.55.so_api_intervalos[4];"[""43"", ""José Eduardo Dutra""]"
legislaturas.55.so_api_intervalos[5];"[""47"", ""José Sarney""]"
legislaturas.55.so_api_intervalos[6];"[""63"", ""Ney Suassuna""]"
legislaturas.55.so_api_intervalos[7];"[""64"", ""Odacir Soares""]"
legislaturas.55.so_api_intervalos[8];"[""68"", ""Pedro Simon""]"
legislaturas.55.so_api_intervalos[9];"[""71"", ""Roberto Freire""]"
legislaturas.55.so_api_intervalos[10];"[""151"", ""Luiz Pastore""]"
legislaturas.55.so_api_intervalos[11];"[""196"", ""Geraldo Althoff""]"
legislaturas.55.so_api_intervalos[12];"[""285"", ""Marcio Bittar""]"
legislaturas.55.so_api_intervalos[13];"[""288"", ""Nilson Mourão""]"
legislaturas.55.so_api_intervalos[14];"[""336"", ""Paulo Gouvêa""]"
legislaturas.55.so_api_intervalos[15];"[""345"", ""Flávio Arns""]"
legislaturas.55.so_api_intervalos[16];"[""375"", ""Valdir Ganzer""]"
legislaturas.55.so_api_intervalos[17];"[""380"", ""Nicias Ribeiro""]"
legislaturas.55.so_api_intervalos[18];"[""394"", ""Eliseu Resende""]"
legislaturas.55.so_api_intervalos[19];"[""415"", ""Lael Varella""]"
legislaturas.55.so_api_intervalos[20];"[""438"", ""Tilden Santiago""]"
legislaturas.55.so_api_intervalos[21];"[""453"", ""Pedro Chaves""]"
legislaturas.55.so_api_intervalos[22];"[""470"", ""Chico Rodrigues""]"
legislaturas.55.so_api_intervalos[23];"[""475"", ""Confúcio Moura""]"
legislaturas.55.so_api_intervalos[24];"[""527"", ""Marisa Serrano""]"
legislaturas.55.so_api_intervalos[25];"[""553"", ""Francisco Garcia""]"
legislaturas.55.so_api_intervalos[26];"[""581"", ""Jaques Wagner""]"
legislaturas.55.so_api_intervalos[27];"[""611"", ""Chiquinho Feitosa""]"
legislaturas.55.so_api_intervalos[28];"[""613"", ""Inácio Arruda""]"
legislaturas.55.so_api_intervalos[29];"[""624"", ""Sérgio Novais""]"
legislaturas.55.so_api_intervalos[30];"[""670"", ""Mauro Fecury""]"
legislaturas.55.so_api_intervalos[31];"[""674"", ""Pedro Fernandes""]"
legislaturas.55.so_api_intervalos[32];"[""704"", ""Carlos Dunga""]"
legislaturas.55.so_api_intervalos[33];"[""710"", ""Marcondes Gadelha""]"
legislaturas.55.so_api_intervalos[34];"[""724"", ""Joaquim Francisco""]"
legislaturas.55.so_api_intervalos[35];"[""742"", ""Marcelo Castro""]"
legislaturas.55.so_api_intervalos[36];"[""751"", ""Arolde de Oliveira""]"
legislaturas.55.so_api_intervalos[37];"[""765"", ""Francisco Dornelles""]"
legislaturas.55.so_api_intervalos[38];"[""791"", ""Vivaldo Barbosa""]"
legislaturas.55.so_api_intervalos[39];"[""918"", ""Pastor Amarildo""]"
legislaturas.55.so_api_intervalos[40];"[""952"", ""Mozarildo Cavalcanti""]"
legislaturas.55.so_api_intervalos[41];"[""982"", ""Tião Viana""]"
legislaturas.55.so_api_intervalos[42];"[""1090"", ""Nova da Costa""]"
legislaturas.55.so_api_intervalos[43];"[""1186"", ""Luis Carlos Heinze""]"
legislaturas.55.so_api_intervalos[44];"[""1189"", ""Expedito Júnior""]"
legislaturas.55.so_api_intervalos[45];"[""1206"", ""Raimundo Colombo""]"
legislaturas.55.so_api_intervalos[46];"[""1210"", ""Osvaldo Sobrinho""]"
legislaturas.55.so_api_intervalos[47];"[""1757"", ""Cunha Lima""]"
legislaturas.55.so_api_intervalos[48];"[""3579"", ""Lobão Filho""]"
legislaturas.55.so_api_intervalos[49];"[""3593"", ""João Faustino""]"
legislaturas.55.so_api_intervalos[50];"[""3651"", ""Alfredo Cotait Neto""]"
legislaturas.55.so_api_intervalos[51];"[""3777"", ""Eduardo Gomes""]"
legislaturas.55.so_api_intervalos[52];"[""3806"", ""Zequinha Marinho""]"
legislaturas.55.so_api_intervalos[53];"[""3868"", ""Renato Casagrande""]"
legislaturas.55.so_api_intervalos[54];"[""3881"", ""Clovis Fecury""]"
legislaturas.55.so_api_intervalos[55];"[""4522"", ""Geovani Borges""]"
legislaturas.55.so_api_intervalos[56];"[""4527"", ""Alfredo Nascimento""]"
legislaturas.55.so_api_intervalos[57];"[""4529"", ""Cícero Lucena""]"
legislaturas.55.so_api_intervalos[58];"[""4531"", ""Jayme Campos""]"
legislaturas.55.so_api_intervalos[59];"[""4533"", ""Joaquim Roriz""]"
legislaturas.55.so_api_intervalos[60];"[""4535"", ""Marconi Perillo""]"
legislaturas.55.so_api_intervalos[61];"[""4537"", ""João Durval""]"
legislaturas.55.so_api_intervalos[62];"[""4539"", ""Mário Couto""]"
legislaturas.55.so_api_intervalos[63];"[""4541"", ""João Vicente Claudino""]"
legislaturas.55.so_api_intervalos[64];"[""4543"", ""Rosalba Ciarlini""]"
legislaturas.55.so_api_intervalos[65];"[""4545"", ""Jarbas Vasconcelos""]"
legislaturas.55.so_api_intervalos[66];"[""4551"", ""Raimundo Noronha Filho""]"
legislaturas.55.so_api_intervalos[67];"[""4553"", ""Gloria Maria Ramos Tavares""]"
legislaturas.55.so_api_intervalos[68];"[""4610"", ""Alexandre Silveira""]"
legislaturas.55.so_api_intervalos[69];"[""4770"", ""Izalci Lucas""]"
legislaturas.55.so_api_intervalos[70];"[""4772"", ""Wilson Matos""]"
legislaturas.55.so_api_intervalos[71];"[""4774"", ""João Pedro""]"
legislaturas.55.so_api_intervalos[72];"[""4776"", ""Jorge Afonso Argello""]"
legislaturas.55.so_api_intervalos[73];"[""4778"", ""Marcos de Almeida Castro""]"
legislaturas.55.so_api_intervalos[74];"[""4780"", ""Euclydes Mello""]"
legislaturas.55.so_api_intervalos[75];"[""4784"", ""João Rafael de Aguiar""]"
legislaturas.55.so_api_intervalos[76];"[""4788"", ""Marco Antonio""]"
legislaturas.55.so_api_intervalos[77];"[""4790"", ""Tobias José Carneiro""]"
legislaturas.55.so_api_intervalos[78];"[""4815"", ""Ada Mello""]"
legislaturas.55.so_api_intervalos[79];"[""4837"", ""Anibal Diniz""]"
legislaturas.55.so_api_intervalos[80];"[""4841"", ""Carlos Augusto Coelho de Faria""]"
legislaturas.55.so_api_intervalos[81];"[""4847"", ""Salomão Alcolumbre Júnior""]"
legislaturas.55.so_api_intervalos[82];"[""4849"", ""Salomão Alcolumbre""]"
legislaturas.55.so_api_intervalos[83];"[""4853"", ""Aluisio Augusto de Queiroz Braga""]"
legislaturas.55.so_api_intervalos[84];"[""4855"", ""Eliel Lima Santana""]"
legislaturas.55.so_api_intervalos[85];"[""4869"", ""Ana Rita""]"
legislaturas.55.so_api_intervalos[86];"[""4871"", ""Esmael Barbosa de Almeida""]"
legislaturas.55.so_api_intervalos[87];"[""4873"", ""Fleury""]"
legislaturas.55.so_api_intervalos[88];"[""4877"", ""Cyro Miranda""]"
legislaturas.55.so_api_intervalos[89];"[""4879"", ""Paulo Silva de Jesus""]"
legislaturas.55.so_api_intervalos[90];"[""4881"", ""Afonso Sérgio Fernandes Ribeiro""]"
legislaturas.55.so_api_intervalos[91];"[""4883"", ""José Ribamar Fiquene""]"
legislaturas.55.so_api_intervalos[92];"[""4885"", ""Jorge Yanai""]"
legislaturas.55.so_api_intervalos[93];"[""4891"", ""Antonio Russo""]"
legislaturas.55.so_api_intervalos[94];"[""4893"", ""Ruben Figueiró""]"
legislaturas.55.so_api_intervalos[95];"[""4895"", ""Clésio Andrade""]"
legislaturas.55.so_api_intervalos[96];"[""4897"", ""Antonio Aureliano""]"
legislaturas.55.so_api_intervalos[97];"[""4901"", ""Demétrius Fernandes Ribeiro""]"
legislaturas.55.so_api_intervalos[98];"[""4917"", ""Hélio Moacyr de Souza Duque""]"
legislaturas.55.so_api_intervalos[99];"[""4919"", ""Jose Arlindo Soares""]"
legislaturas.55.so_api_intervalos[100];"[""4923"", ""João Hilton Fernandes Silva""]"
legislaturas.55.so_api_intervalos[101];"[""4925"", ""Maria de Lourdes Carvalho Rufino""]"
legislaturas.55.so_api_intervalos[102];"[""4927"", ""Pericles Olivier""]"
legislaturas.55.so_api_intervalos[103];"[""4929"", ""Jose Calp Filho""]"
legislaturas.55.so_api_intervalos[104];"[""4935"", ""Garibaldi Alves""]"
legislaturas.55.so_api_intervalos[105];"[""4937"", ""Ivonete Dantas""]"
legislaturas.55.so_api_intervalos[106];"[""4941"", ""Elói Francisco Pedroso Guimarães""]"
legislaturas.55.so_api_intervalos[107];"[""4943"", ""Maria da Graça Gomes Paiva""]"
legislaturas.55.so_api_intervalos[108];"[""4949"", ""Tomás Correia""]"
legislaturas.55.so_api_intervalos[109];"[""4951"", ""Manoel Angelo Chagas""]"
legislaturas.55.so_api_intervalos[110];"[""4953"", ""Elcide Alberto Lanzarin""]"
legislaturas.55.so_api_intervalos[111];"[""4955"", ""Jabis Emerick Dutra""]"
legislaturas.55.so_api_intervalos[112];"[""4957"", ""Sodré Santoro""]"
legislaturas.55.so_api_intervalos[113];"[""4959"", ""Sumaia Marly Salomão Wilt""]"
legislaturas.55.so_api_intervalos[114];"[""4961"", ""Níura Demarchi""]"
legislaturas.55.so_api_intervalos[115];"[""4963"", ""Carlos Ramiro de Castro (Falecido Em 05/09/2013)""]"
legislaturas.55.so_api_intervalos[116];"[""4965"", ""Ari Vicente Fernandes""]"
legislaturas.55.so_api_intervalos[117];"[""4971"", ""Emanuel Messias Oliveira Cacho""]"
legislaturas.55.so_api_intervalos[118];"[""4975"", ""José Francisco Pinto""]"
legislaturas.55.so_api_intervalos[119];"[""4979"", ""Bene Camacho""]"
legislaturas.55.so_api_intervalos[120];"[""4983"", ""Assis Gurgacz""]"
legislaturas.55.so_api_intervalos[121];"[""4985"", ""Rui Parra Motta""]"
legislaturas.55.so_api_intervalos[122];"[""5014"", ""Shydney Jorge Rosa""]"
legislaturas.55.so_api_intervalos[123];"[""5020"", ""Paulo Davim""]"
legislaturas.55.so_api_intervalos[124];"[""5022"", ""Janduhy Max Freire de Andrade""]"
legislaturas.55.so_api_intervalos[125];"[""5024"", ""Gabriel Maia Gelpke""]"
legislaturas.55.so_api_intervalos[126];"[""5026"", ""Fernando Carvalho Lage""]"
legislaturas.55.so_api_intervalos[127];"[""5028"", ""Armando José de Oliveira""]"
legislaturas.55.so_api_intervalos[128];"[""5032"", ""Antônio Milton Pessoa Falcão Filho""]"
legislaturas.55.so_api_intervalos[129];"[""5034"", ""Fábio Luiz Araújo Lopes de Farias""]"
legislaturas.55.so_api_intervalos[130];"[""5036"", ""José de Macedo Ferreira""]"
legislaturas.55.so_api_intervalos[131];"[""5040"", ""Lirio Albino Parisotto""]"
legislaturas.55.so_api_intervalos[132];"[""5042"", ""Alzira Ferreira Barros""]"
legislaturas.55.so_api_intervalos[133];"[""5044"", ""Clécio Luis Vilhena Vieira""]"
legislaturas.55.so_api_intervalos[134];"[""5046"", ""Andrelina Barbosa da Cunha""]"
legislaturas.55.so_api_intervalos[135];"[""5048"", ""Sergio Souza""]"
legislaturas.55.so_api_intervalos[136];"[""5050"", ""Pedro Irno Tonelli""]"
legislaturas.55.so_api_intervalos[137];"[""5054"", ""Francisco Simeão Rodrigues Neto""]"
legislaturas.55.so_api_intervalos[138];"[""5056"", ""Silvia Nascimento Cardoso dos Santos Cerqueira""]"
legislaturas.55.so_api_intervalos[139];"[""5058"", ""Luís Guilherme Gomes Mussi""]"
legislaturas.55.so_api_intervalos[140];"[""5060"", ""Olney Ribeiro Botelho""]"
legislaturas.55.so_api_intervalos[141];"[""5064"", ""Emir Simão Sader""]"
legislaturas.55.so_api_intervalos[142];"[""5066"", ""Juçara Feitosa de Oliveira""]"
legislaturas.55.so_api_intervalos[143];"[""5068"", ""Tânia Cristina Magalhães Bastos e Silva""]"
legislaturas.55.so_api_intervalos[144];"[""5074"", ""Sander Fraxe Salomao""]"
legislaturas.55.so_api_intervalos[145];"[""5078"", ""Jose Nagib da Silva Lima""]"
legislaturas.55.so_api_intervalos[146];"[""5080"", ""Pablo Sergio Souza Bezerra""]"
legislaturas.55.so_api_intervalos[147];"[""5082"", ""Waldemir Catanho de Sena Júnior""]"
legislaturas.55.so_api_intervalos[148];"[""5084"", ""Veridiana Maria Tonini""]"
legislaturas.55.so_api_intervalos[149];"[""5086"", ""Miguel Dias de Souza""]"
legislaturas.55.so_api_intervalos[150];"[""5088"", ""Gilberto Corazza""]"
legislaturas.55.so_api_intervalos[151];"[""5090"", ""José Alberto Wenzel""]"
legislaturas.55.so_api_intervalos[152];"[""5092"", ""Luis Carlos Paes de Castro""]"
legislaturas.55.so_api_intervalos[153];"[""5094"", ""Márcio Bergonsi Turra""]"
legislaturas.55.so_api_intervalos[154];"[""5096"", ""Wilmar Lacerda""]"
legislaturas.55.so_api_intervalos[155];"[""5098"", ""Roberto Wagner Monteiro""]"
legislaturas.55.so_api_intervalos[156];"[""5104"", ""Luis Cláudio da Costa Avelar""]"
legislaturas.55.so_api_intervalos[157];"[""5114"", ""Paulo Pereira Fíuza Filho""]"
legislaturas.55.so_api_intervalos[158];"[""5118"", ""Zonir Freitas Tetila""]"
legislaturas.55.so_api_intervalos[159];"[""5120"", ""José Antonio Guidoni""]"
legislaturas.55.so_api_intervalos[160];"[""5122"", ""Paulo Antenor de Oliveira""]"
legislaturas.55.so_api_intervalos[161];"[""5124"", ""Maria Antonieta Amorim dos Santos""]"
legislaturas.55.so_api_intervalos[162];"[""5126"", ""Enivaldo Euzébio dos Anjos""]"
legislaturas.55.so_api_intervalos[163];"[""5128"", ""Gino Jose Ferreira""]"
legislaturas.55.so_api_intervalos[164];"[""5130"", ""Valério Djalma Cavalcanti Marinho""]"
legislaturas.55.so_api_intervalos[165];"[""5134"", ""Antônio Marcos Gavazzoni""]"
legislaturas.55.so_api_intervalos[166];"[""5136"", ""Cesar Antonio de Souza""]"
legislaturas.55.so_api_intervalos[167];"[""5138"", ""Athos de Almeida Lopes""]"
legislaturas.55.so_api_intervalos[168];"[""5142"", ""Marta Maria Freire da Costa""]"
legislaturas.55.so_api_intervalos[169];"[""5146"", ""Elaine Matozinhos Ribeiro""]"
legislaturas.55.so_api_intervalos[170];"[""5148"", ""Elmiro Alves do Nascimento""]"
legislaturas.55.so_api_intervalos[171];"[""5150"", ""Antonio Carlos Rodrigues""]"
legislaturas.55.so_api_intervalos[172];"[""5152"", ""Paulo Frateschi""]"
legislaturas.55.so_api_intervalos[173];"[""5154"", ""Abiancy Cadoso Rosa""]"
legislaturas.55.so_api_intervalos[174];"[""5156"", ""Lauro Antonio""]"
legislaturas.55.so_api_intervalos[175];"[""5158"", ""Kaká Andrade""]"
legislaturas.55.so_api_intervalos[176];"[""5160"", ""Edivaldo Edilson Pantoja da Silva""]"
legislaturas.55.so_api_intervalos[177];"[""5162"", ""Félix Urano Gama de Souza""]"
legislaturas.55.so_api_intervalos[178];"[""5166"", ""João Costa""]"
legislaturas.55.so_api_intervalos[179];"[""5168"", ""Aristavora de Souza Santos""]"
legislaturas.55.so_api_intervalos[180];"[""5170"", ""Agimiro Dias da Costa""]"
legislaturas.55.so_api_intervalos[181];"[""5172"", ""Sanny Japiassú dos Santos""]"
legislaturas.55.so_api_intervalos[182];"[""5174"", ""Maria de Pompeia Lins Pessoa""]"
legislaturas.55.so_api_intervalos[183];"[""5176"", ""Nestor Duarte Guimarães Neto""]"
legislaturas.55.so_api_intervalos[184];"[""5180"", ""José Rodrigues da Silva""]"
legislaturas.55.so_api_intervalos[185];"[""5186"", ""João Claudino Fernandes""]"
legislaturas.55.so_api_intervalos[186];"[""5190"", ""Maria Luza de Aquino Machado""]"
legislaturas.55.so_api_intervalos[187];"[""5257"", ""Renzo Braz""]"
legislaturas.55.so_api_intervalos[188];"[""5281"", ""Nilda Gondim""]"
legislaturas.55.so_api_intervalos[189];"[""5350"", ""Jorginho Mello""]"
legislaturas.55.so_api_intervalos[190];"[""5352"", ""Rogério Carvalho""]"
legislaturas.55.so_api_intervalos[191];"[""5376"", ""Mara Gabrilli""]"
legislaturas.55.so_api_intervalos[192];"[""5385"", ""Irajá""]"
legislaturas.55.so_api_intervalos[193];"[""5411"", ""Weverton""]"
legislaturas.55.so_api_intervalos[194];"[""5416"", ""Francisco Wilson Ribeiro""]"
legislaturas.55.so_api_intervalos[195];"[""5418"", ""Ivanci Magno""]"
legislaturas.55.so_api_intervalos[196];"[""5420"", ""Ubiraci Picanço""]"
legislaturas.55.so_api_intervalos[197];"[""5422"", ""Marcos Rogério""]"
legislaturas.55.so_api_intervalos[198];"[""5502"", ""Plínio Valério""]"
legislaturas.55.so_api_intervalos[199];"[""5554"", ""Bebeto""]"
legislaturas.55.so_api_intervalos[200];"[""5559"", ""Bispo José""]"
legislaturas.55.so_api_intervalos[201];"[""5561"", ""Renilde Bulhões""]"
legislaturas.55.so_api_intervalos[202];"[""5563"", ""Severino Leão""]"
legislaturas.55.so_api_intervalos[203];"[""5565"", ""Dr. Helder Cavalcante""]"
legislaturas.55.so_api_intervalos[204];"[""5567"", ""Luis Mitoso""]"
legislaturas.55.so_api_intervalos[205];"[""5569"", ""Josiel""]"
legislaturas.55.so_api_intervalos[206];"[""5571"", ""Marquinho""]"
legislaturas.55.so_api_intervalos[207];"[""5573"", ""Abel Rebouças""]"
legislaturas.55.so_api_intervalos[208];"[""5575"", ""Marizete""]"
legislaturas.55.so_api_intervalos[209];"[""5577"", ""Fernando Façanha""]"
legislaturas.55.so_api_intervalos[210];"[""5579"", ""José Carlos Vasconcellos""]"
legislaturas.55.so_api_intervalos[211];"[""5581"", ""Fadi Faraj""]"
legislaturas.55.so_api_intervalos[212];"[""5583"", ""Schariff Moyses""]"
legislaturas.55.so_api_intervalos[213];"[""5587"", ""Eladio Carneiro""]"
legislaturas.55.so_api_intervalos[214];"[""5589"", ""Paulo Matos""]"
legislaturas.55.so_api_intervalos[215];"[""5591"", ""Manoel Motta""]"
legislaturas.55.so_api_intervalos[216];"[""5593"", ""Celso Dal Lago Rodrigues""]"
legislaturas.55.so_api_intervalos[217];"[""5595"", ""Moacir Kohl""]"
legislaturas.55.so_api_intervalos[218];"[""5599"", ""Pastor Ibanes Taveira""]"
legislaturas.55.so_api_intervalos[219];"[""5601"", ""Roosevelt Vita""]"
legislaturas.55.so_api_intervalos[220];"[""5603"", ""Carlos Augusto Costa""]"
legislaturas.55.so_api_intervalos[221];"[""5605"", ""Eliane Rodrigues""]"
legislaturas.55.so_api_intervalos[222];"[""5607"", ""Alzenir Porto""]"
legislaturas.55.so_api_intervalos[223];"[""5609"", ""Joel Malucelli""]"
legislaturas.55.so_api_intervalos[224];"[""5611"", ""Severino Araujo""]"
legislaturas.55.so_api_intervalos[225];"[""5613"", ""João Batista Lemos""]"
legislaturas.55.so_api_intervalos[226];"[""5623"", ""Christopher Goulart""]"
legislaturas.55.so_api_intervalos[227];"[""5625"", ""Adilson Silva dos Santos""]"
legislaturas.55.so_api_intervalos[228];"[""5629"", ""Theodorico Bezerra Netto""]"
legislaturas.55.so_api_intervalos[229];"[""5631"", ""Ayres Marchetti""]"
legislaturas.55.so_api_intervalos[230];"[""5633"", ""Atilio Francisco""]"
legislaturas.55.so_api_intervalos[231];"[""5666"", ""Major Olimpio""]"
legislaturas.55.so_api_intervalos[232];"[""5718"", ""Eliziane Gama""]"
legislaturas.55.so_api_intervalos[233];"[""5732"", ""Rodrigo Pacheco""]"
legislaturas.55.so_api_intervalos[234];"[""5740"", ""Fabio Garcia""]"
legislaturas.55.so_api_intervalos[235];"[""5748"", ""Veneziano Vital do Rêgo""]"
legislaturas.55.so_api_intervalos[236];"[""5783"", ""Zenaide Maia""]"
legislaturas.55.so_api_intervalos[237];"[""5837"", ""Davidson Magalhães""]"
legislaturas.55.so_api_intervalos[238];"[""5892"", ""Roberth Bringel""]"
legislaturas.55.so_api_intervalos[239];"[""5893"", ""Suely Pereira""]"
legislaturas.55.so_api_intervalos[240];"[""5894"", ""Flávio Bolsonaro""]"
legislaturas.55.so_api_intervalos[241];"[""5895"", ""Jorge Kajuru""]"
legislaturas.55.so_api_intervalos[242];"[""5896"", ""Benjamin Beze Junior""]"
legislaturas.55.so_api_intervalos[243];"[""5897"", ""Milton Mercêz""]"
legislaturas.55.so_api_intervalos[244];"[""5898"", ""Eliane Nogueira""]"
legislaturas.55.so_api_intervalos[245];"[""5899"", ""Vanderlan Cardoso""]"
legislaturas.55.so_api_intervalos[246];"[""5900"", ""Gil Paraibano""]"
legislaturas.55.so_api_intervalos[247];"[""5901"", ""Paulo Marinho""]"
legislaturas.55.so_api_intervalos[248];"[""5902"", ""Eduardo Velloso""]"
legislaturas.55.so_api_intervalos[249];"[""5903"", ""Leonardo Rodrigues""]"
legislaturas.55.so_api_intervalos[250];"[""5904"", ""Macapá""]"
legislaturas.55.so_api_intervalos[251];"[""5905"", ""Rodrigo Cunha""]"
legislaturas.55.so_api_intervalos[252];"[""5906"", ""Dra. Eudócia""]"
legislaturas.55.so_api_intervalos[253];"[""5907"", ""Henrique Arruda""]"
legislaturas.55.so_api_intervalos[254];"[""5908"", ""Maria das Vitórias""]"
legislaturas.55.so_api_intervalos[255];"[""5909"", ""Maria Alice""]"
legislaturas.55.so_api_intervalos[256];"[""5910"", ""José Hamilton""]"
legislaturas.55.so_api_intervalos[257];"[""5911"", ""Rosário Bezerra""]"
legislaturas.55.so_api_intervalos[258];"[""5912"", ""Jader Melo""]"
legislaturas.55.so_api_intervalos[259];"[""5913"", ""Rafael Tenório""]"
legislaturas.55.so_api_intervalos[260];"[""5914"", ""Waldemar Oliveira""]"
legislaturas.55.so_api_intervalos[261];"[""5915"", ""Marcia do Angico""]"
legislaturas.55.so_api_intervalos[262];"[""5916"", ""Silvania Barbosa""]"
legislaturas.55.so_api_intervalos[263];"[""5917"", ""Fernando Dueire""]"
legislaturas.55.so_api_intervalos[264];"[""5918"", ""Adilson Gomes""]"
legislaturas.55.so_api_intervalos[265];"[""5919"", ""Vilson Basso""]"
legislaturas.55.so_api_intervalos[266];"[""5920"", ""Flavio Vicente""]"
legislaturas.55.so_api_intervalos[267];"[""5921"", ""Paulo Salamuni""]"
legislaturas.55.so_api_intervalos[268];"[""5922"", ""Plinio Destro""]"
legislaturas.55.so_api_intervalos[269];"[""5923"", ""Alberto David""]"
legislaturas.55.so_api_intervalos[270];"[""5924"", ""Oriovisto Guimarães""]"
legislaturas.55.so_api_intervalos[271];"[""5925"", ""Pastor Gaia""]"
legislaturas.55.so_api_intervalos[272];"[""5926"", ""Lucas Barreto""]"
legislaturas.55.so_api_intervalos[273];"[""5927"", ""Paulo Albuquerque""]"
legislaturas.55.so_api_intervalos[274];"[""5928"", ""Patricia Costa""]"
legislaturas.55.so_api_intervalos[275];"[""5929"", ""Juíza Selma""]"
legislaturas.55.so_api_intervalos[276];"[""5931"", ""Jacira Souza""]"
legislaturas.55.so_api_intervalos[277];"[""5932"", ""Beto Possamai""]"
legislaturas.55.so_api_intervalos[278];"[""5933"", ""Clerie Fabiana""]"
legislaturas.55.so_api_intervalos[279];"[""5934"", ""Renata Guerra""]"
legislaturas.55.so_api_intervalos[280];"[""5935"", ""Miguel Biango""]"
legislaturas.55.so_api_intervalos[281];"[""5936"", ""Carlos Portinho""]"
legislaturas.55.so_api_intervalos[282];"[""5942"", ""Marcos do Val""]"
legislaturas.55.so_api_intervalos[283];"[""5944"", ""Rosana Foerst""]"
legislaturas.55.so_api_intervalos[284];"[""5945"", ""Ronaldo Libardi""]"
legislaturas.55.so_api_intervalos[285];"[""5950"", ""Ana Paula Tongo""]"
legislaturas.55.so_api_intervalos[286];"[""5952"", ""Bento""]"
legislaturas.55.so_api_intervalos[287];"[""5953"", ""Fabiano Contarato""]"
legislaturas.55.so_api_intervalos[288];"[""5959"", ""Styvenson Valentim""]"
legislaturas.55.so_api_intervalos[289];"[""5960"", ""Cândida Farias""]"
legislaturas.55.so_api_intervalos[290];"[""5962"", ""Alisson Taveira""]"
legislaturas.55.so_api_intervalos[291];"[""5963"", ""Coronel Margarida""]"
legislaturas.55.so_api_intervalos[292];"[""5965"", ""Júnior Souto""]"
legislaturas.55.so_api_intervalos[293];"[""5966"", ""Pastor Manoel Roberto""]"
legislaturas.55.so_api_intervalos[294];"[""5967"", ""Angelo Coronel""]"
legislaturas.55.so_api_intervalos[295];"[""5968"", ""Luis Felipe Belmonte""]"
legislaturas.55.so_api_intervalos[296];"[""5969"", ""Andre Filipe""]"
legislaturas.55.so_api_intervalos[297];"[""5971"", ""Prisco Bezerra""]"
legislaturas.55.so_api_intervalos[298];"[""5972"", ""Julio Ventura""]"
legislaturas.55.so_api_intervalos[299];"[""5973"", ""Cid Gomes""]"
legislaturas.55.so_api_intervalos[300];"[""5974"", ""Sargento Reginauro""]"
legislaturas.55.so_api_intervalos[301];"[""5975"", ""Dr. Guimarães""]"
legislaturas.55.so_api_intervalos[302];"[""5976"", ""Eduardo Girão""]"
legislaturas.55.so_api_intervalos[303];"[""5977"", ""Leany Lemos""]"
legislaturas.55.so_api_intervalos[304];"[""5978"", ""Ivonete Nascimento""]"
legislaturas.55.so_api_intervalos[305];"[""5979"", ""Leila Barros""]"
legislaturas.55.so_api_intervalos[306];"[""5980"", ""Fernando Carvalho""]"
legislaturas.55.so_api_intervalos[307];"[""5981"", ""Major Ildomario""]"
legislaturas.55.so_api_intervalos[308];"[""5982"", ""Alessandro Vieira""]"
legislaturas.55.so_api_intervalos[309];"[""5983"", ""José Chagas""]"
legislaturas.55.so_api_intervalos[310];"[""5984"", ""Professora Bazé""]"
legislaturas.55.so_api_intervalos[311];"[""5985"", ""Nelsinho Trad""]"
legislaturas.55.so_api_intervalos[312];"[""5986"", ""Rodolfo Nogueira""]"
legislaturas.55.so_api_intervalos[313];"[""5987"", ""Danny Fabricio""]"
legislaturas.55.so_api_intervalos[314];"[""5988"", ""Soraya Thronicke""]"
legislaturas.55.so_api_intervalos[315];"[""5989"", ""Ana Maria""]"
legislaturas.55.so_api_intervalos[316];"[""5990"", ""Carlos Viana""]"
legislaturas.55.so_api_intervalos[317];"[""5991"", ""Castellar Neto""]"
legislaturas.55.so_api_intervalos[318];"[""5992"", ""Danilo Martins de Oliveira""]"
legislaturas.55.so_api_intervalos[319];"[""5993"", ""Jorge Mitidieri""]"
legislaturas.55.so_api_intervalos[320];"[""5994"", ""Maria da Taiçoca""]"
legislaturas.55.so_api_intervalos[321];"[""5995"", ""Suely Santiago""]"
legislaturas.55.so_api_intervalos[322];"[""5996"", ""Diego Tavares""]"
legislaturas.55.so_api_intervalos[323];"[""5997"", ""Nailde Panta""]"
legislaturas.55.so_api_intervalos[324];"[""5998"", ""Daniella Ribeiro""]"
legislaturas.55.so_api_intervalos[325];"[""5999"", ""Helenilson Pontes""]"
legislaturas.55.so_api_intervalos[326];"[""6000"", ""Chamon""]"
legislaturas.55.so_api_intervalos[327];"[""6001"", ""Arlindo Silva""]"
legislaturas.55.so_api_intervalos[328];"[""6002"", ""Marinho Cunha""]"
legislaturas.55.so_api_intervalos[329];"[""6004"", ""Terciliano Gomes""]"
legislaturas.55.so_api_intervalos[330];"[""6005"", ""Siqueira Campos""]"
legislaturas.55.so_api_intervalos[331];"[""6006"", ""Ogari Pacheco""]"
legislaturas.55.so_api_intervalos[332];"[""6007"", ""Ivani Boscolo""]"
legislaturas.55.so_api_intervalos[333];"[""6008"", ""Giordano""]"
legislaturas.55.so_api_intervalos[334];"[""6010"", ""Ivete da Silveira""]"
legislaturas.55.so_api_intervalos[335];"[""6011"", ""Beto Martins""]"
legislaturas.55.so_api_intervalos[336];"[""6012"", ""Denise dos Santos""]"
legislaturas.55.so_api_intervalos[337];"[""6013"", ""Carlos Alberto""]"
legislaturas.55.so_api_intervalos[338];"[""6014"", ""Luciana Leão Muniz""]"
legislaturas.55.so_api_intervalos[339];"[""6015"", ""Ireneu Orth""]"
legislaturas.55.so_api_intervalos[340];"[""6016"", ""Drica de Lucena""]"
legislaturas.55.so_api_intervalos[341];"[""6017"", ""Cleonice Back""]"
legislaturas.55.so_api_intervalos[342];"[""6018"", ""Reginete Bispo""]"
legislaturas.55.so_api_intervalos[343];"[""6019"", ""Maria Eliza""]"
legislaturas.55.so_api_intervalos[344];"[""6020"", ""Carlos Milton Morais""]"
legislaturas.55.so_api_intervalos[345];"[""6021"", ""Dr. Samuel Araújo""]"
legislaturas.55.so_api_intervalos[346];"[""6022"", ""Pastor Severino""]"
legislaturas.55.so_api_intervalos[347];"[""6023"", ""Pedro Arthur""]"
legislaturas.55.so_api_intervalos[348];"[""6024"", ""Onésimo Cruz""]"
legislaturas.55.so_api_intervalos[349];"[""6025"", ""Roberta Acioly""]"
legislaturas.55.so_api_intervalos[350];"[""6026"", ""Afonso Parente""]"
legislaturas.55.so_api_intervalos[351];"[""6027"", ""Mecias de Jesus""]"
legislaturas.55.so_api_intervalos[352];"[""6287"", ""Marcos de Souza Costa""]"
legislaturas.55.so_api_intervalos[353];"[""6295"", ""Carlos Fávaro""]"
legislaturas.55.so_api_intervalos[354];"[""6304"", ""Margareth Buzetti""]"
legislaturas.55.so_api_intervalos[355];"[""6305"", ""José Lacerda""]"
legislaturas.55.senadores[0];"[""3"", ""Antonio Carlos Valadares""]"
legislaturas.55.senadores[1];"[""16"", ""Edison Lobão""]"
legislaturas.55.senadores[2];"[""30"", ""Gilvam Borges""]"
legislaturas.55.senadores[3];"[""35"", ""Jader Barbalho""]"
legislaturas.55.senadores[4];"[""40"", ""José Agripino""]"
legislaturas.55.senadores[5];"[""70"", ""Renan Calheiros""]"
legislaturas.55.senadores[6];"[""72"", ""Roberto Requião""]"
legislaturas.55.senadores[7];"[""73"", ""Romero Jucá""]"
legislaturas.55.senadores[8];"[""87"", ""Garibaldi Alves Filho""]"
legislaturas.55.senadores[9];"[""90"", ""José Serra""]"
legislaturas.55.senadores[10];"[""111"", ""Blairo Maggi""]"
legislaturas.55.senadores[11];"[""374"", ""Paulo Rocha""]"
legislaturas.55.senadores[12];"[""391"", ""Aécio Neves""]"
legislaturas.55.senadores[13];"[""456"", ""Ronaldo Caiado""]"
legislaturas.55.senadores[14];"[""558"", ""Vanessa Grazziotin""]"
legislaturas.55.senadores[15];"[""604"", ""Walter Pinheiro""]"
legislaturas.55.senadores[16];"[""612"", ""Eunício Oliveira""]"
legislaturas.55.senadores[17];"[""615"", ""José Pimentel""]"
legislaturas.55.senadores[18];"[""631"", ""Magno Malta""]"
legislaturas.55.senadores[19];"[""635"", ""Ricardo Ferraço""]"
legislaturas.55.senadores[20];"[""643"", ""Lúcia Vânia""]"
legislaturas.55.senadores[21];"[""677"", ""Roberto Rocha""]"
legislaturas.55.senadores[22];"[""715"", ""Armando Monteiro""]"
legislaturas.55.senadores[23];"[""739"", ""Ciro Nogueira""]"
legislaturas.55.senadores[24];"[""825"", ""Paulo Paim""]"
legislaturas.55.senadores[25];"[""846"", ""Aloysio Nunes Ferreira""]"
legislaturas.55.senadores[26];"[""878"", ""José Aníbal""]"
legislaturas.55.senadores[27];"[""916"", ""João Ribeiro""]"
legislaturas.55.senadores[28];"[""945"", ""Alvaro Dias""]"
legislaturas.55.senadores[29];"[""950"", ""João Alberto Souza""]"
legislaturas.55.senadores[30];"[""1023"", ""Maria do Carmo Alves""]"
legislaturas.55.senadores[31];"[""1173"", ""Wellington Fagundes""]"
legislaturas.55.senadores[32];"[""1176"", ""Waldemir Moka""]"
legislaturas.55.senadores[33];"[""1249"", ""Kátia Abreu""]"
legislaturas.55.senadores[34];"[""1754"", ""Itamar Franco""]"
legislaturas.55.senadores[35];"[""2207"", ""Raimundo Lira""]"
legislaturas.55.senadores[36];"[""2331"", ""Rose de Freitas""]"
legislaturas.55.senadores[37];"[""2632"", ""Fernando Ribeiro""]"
legislaturas.55.senadores[38];"[""3360"", ""Delcídio do Amaral""]"
legislaturas.55.senadores[39];"[""3361"", ""José Maranhão""]"
legislaturas.55.senadores[40];"[""3366"", ""Marcelo Crivella""]"
legislaturas.55.senadores[41];"[""3372"", ""Valdir Raupp""]"
legislaturas.55.senadores[42];"[""3394"", ""João Capiberibe""]"
legislaturas.55.senadores[43];"[""3396"", ""Tasso Jereissati""]"
legislaturas.55.senadores[44];"[""3398"", ""Cristovam Buarque""]"
legislaturas.55.senadores[45];"[""3399"", ""Demóstenes Torres""]"
legislaturas.55.senadores[46];"[""3597"", ""Wirlande da Luz""]"
legislaturas.55.senadores[47];"[""3634"", ""Flexa Ribeiro""]"
legislaturas.55.senadores[48];"[""3695"", ""Lindbergh Farias""]"
legislaturas.55.senadores[49];"[""3713"", ""Fátima Bezerra""]"
legislaturas.55.senadores[50];"[""3741"", ""Paulo Bauer""]"
legislaturas.55.senadores[51];"[""3811"", ""Wilson Santiago""]"
legislaturas.55.senadores[52];"[""3823"", ""Benedito de Lira""]"
legislaturas.55.senadores[53];"[""3830"", ""Davi Alcolumbre""]"
legislaturas.55.senadores[54];"[""4525"", ""Fernando Collor""]"
legislaturas.55.senadores[55];"[""4558"", ""Gladson Cameli""]"
legislaturas.55.senadores[56];"[""4560"", ""Sérgio Petecão""]"
legislaturas.55.senadores[57];"[""4575"", ""Lídice da Mata""]"
legislaturas.55.senadores[58];"[""4593"", ""Rodrigo Rollemberg""]"
legislaturas.55.senadores[59];"[""4606"", ""Pinto Itamaraty""]"
legislaturas.55.senadores[60];"[""4645"", ""Vital do Rêgo""]"
legislaturas.55.senadores[61];"[""4697"", ""Ângela Portela""]"
legislaturas.55.senadores[62];"[""4721"", ""Eduardo Amorim""]"
legislaturas.55.senadores[63];"[""4763"", ""Vicentinho Alves""]"
legislaturas.55.senadores[64];"[""4767"", ""Eduardo Lopes""]"
legislaturas.55.senadores[65];"[""4786"", ""Virginio de Carvalho""]"
legislaturas.55.senadores[66];"[""4969"", ""Elber Batalha""]"
legislaturas.55.senadores[67];"[""4981"", ""Acir Gurgacz""]"
legislaturas.55.senadores[68];"[""4988"", ""Ana Amélia""]"
legislaturas.55.senadores[69];"[""4990"", ""Jorge Viana""]"
legislaturas.55.senadores[70];"[""4994"", ""Eduardo Braga""]"
legislaturas.55.senadores[71];"[""4998"", ""Marinor Brito""]"
legislaturas.55.senadores[72];"[""5000"", ""Marta Suplicy""]"
legislaturas.55.senadores[73];"[""5002"", ""Luiz Henrique""]"
legislaturas.55.senadores[74];"[""5004"", ""Ivo Cassol""]"
legislaturas.55.senadores[75];"[""5006"", ""Gleisi Hoffmann""]"
legislaturas.55.senadores[76];"[""5008"", ""Humberto Costa""]"
legislaturas.55.senadores[77];"[""5010"", ""Pedro Taques""]"
legislaturas.55.senadores[78];"[""5012"", ""Randolfe Rodrigues""]"
legislaturas.55.senadores[79];"[""5016"", ""Wellington Dias""]"
legislaturas.55.senadores[80];"[""5018"", ""Pastor Bel""]"
legislaturas.55.senadores[81];"[""5030"", ""Givago Tenório""]"
legislaturas.55.senadores[82];"[""5038"", ""Sandra Braga""]"
legislaturas.55.senadores[83];"[""5052"", ""Roberto Muniz""]"
legislaturas.55.senadores[84];"[""5070"", ""Wilder Morais""]"
legislaturas.55.senadores[85];"[""5072"", ""Reditario Cassol""]"
legislaturas.55.senadores[86];"[""5076"", ""Ione Guimarães""]"
legislaturas.55.senadores[87];"[""5100"", ""Hélio José""]"
legislaturas.55.senadores[88];"[""5106"", ""Sérgio de Castro""]"
legislaturas.55.senadores[89];"[""5108"", ""Cidinho Santos""]"
legislaturas.55.senadores[90];"[""5110"", ""Rodrigues Palma""]"
legislaturas.55.senadores[91];"[""5112"", ""José Medeiros""]"
legislaturas.55.senadores[92];"[""5116"", ""Pedro Chaves""]"
legislaturas.55.senadores[93];"[""5132"", ""Dalirio Beber""]"
legislaturas.55.senadores[94];"[""5140"", ""Airton Sandoval""]"
legislaturas.55.senadores[95];"[""5144"", ""Zeze Perrella""]"
legislaturas.55.senadores[96];"[""5164"", ""Ataídes Oliveira""]"
legislaturas.55.senadores[97];"[""5178"", ""Douglas Cintra""]"
legislaturas.55.senadores[98];"[""5182"", ""Regina Sousa""]"
legislaturas.55.senadores[99];"[""5184"", ""Zé Santana""]"
legislaturas.55.senadores[100];"[""5197"", ""Cássio Cunha Lima""]"
legislaturas.55.senadores[101];"[""5199"", ""Deca""]"
legislaturas.55.senadores[102];"[""5236"", ""Reguffe""]"
legislaturas.55.senadores[103];"[""5322"", ""Romário""]"
legislaturas.55.senadores[104];"[""5523"", ""Otto Alencar""]"
legislaturas.55.senadores[105];"[""5525"", ""Omar Aziz""]"
legislaturas.55.senadores[106];"[""5527"", ""Simone Tebet""]"
legislaturas.55.senadores[107];"[""5529"", ""Antonio Anastasia""]"
legislaturas.55.senadores[108];"[""5531"", ""Elmano Férrer""]"
legislaturas.55.senadores[109];"[""5533"", ""Lasier Martins""]"
legislaturas.55.senadores[110];"[""5535"", ""Telmário Mota""]"
legislaturas.55.senadores[111];"[""5537"", ""Dário Berger""]"
legislaturas.55.senadores[112];"[""5540"", ""Fernando Bezerra Coelho""]"
legislaturas.55.senadores[113];"[""5557"", ""Mailza Gomes""]"
legislaturas.55.senadores[114];"[""5585"", ""Luiz Carlos do Carmo""]"
legislaturas.55.senadores[115];"[""5615"", ""Gilberto Piselo""]"
legislaturas.55.senadores[116];"[""5617"", ""Pastor Valadares""]"
legislaturas.55.senadores[117];"[""5619"", ""Thieres Pinto""]"
legislaturas.55.senadores[118];"[""5621"", ""Rudson Leite""]"
legislaturas.55.senadores[119];"[""5627"", ""Jean-Paul Prates""]"
legislaturas.55.senadores[120];"[""5635"", ""Ricardo Franco""]"
legislaturas.55.senadores[121];"[""5637"", ""Donizeti Nogueira""]"
legislaturas.55.senadores[122];"[""5639"", ""Guaracy Silveira""]"
legislaturas.55.senadores[123];"[""5849"", ""José Amauri""]"
legislaturas.56.portal;117
legislaturas.56.api_uniao_dos_intervalos;475
legislaturas.56.em_ambos;117
legislaturas.56.so_api_intervalos[0];"[""3"", ""Antonio Carlos Valadares""]"
legislaturas.56.so_api_intervalos[1];"[""16"", ""Edison Lobão""]"
legislaturas.56.so_api_intervalos[2];"[""30"", ""Gilvam Borges""]"
legislaturas.56.so_api_intervalos[3];"[""40"", ""José Agripino""]"
legislaturas.56.so_api_intervalos[4];"[""43"", ""José Eduardo Dutra""]"
legislaturas.56.so_api_intervalos[5];"[""64"", ""Odacir Soares""]"
legislaturas.56.so_api_intervalos[6];"[""72"", ""Roberto Requião""]"
legislaturas.56.so_api_intervalos[7];"[""73"", ""Romero Jucá""]"
legislaturas.56.so_api_intervalos[8];"[""87"", ""Garibaldi Alves Filho""]"
legislaturas.56.so_api_intervalos[9];"[""111"", ""Blairo Maggi""]"
legislaturas.56.so_api_intervalos[10];"[""196"", ""Geraldo Althoff""]"
legislaturas.56.so_api_intervalos[11];"[""288"", ""Nilson Mourão""]"
legislaturas.56.so_api_intervalos[12];"[""336"", ""Paulo Gouvêa""]"
legislaturas.56.so_api_intervalos[13];"[""375"", ""Valdir Ganzer""]"
legislaturas.56.so_api_intervalos[14];"[""380"", ""Nicias Ribeiro""]"
legislaturas.56.so_api_intervalos[15];"[""391"", ""Aécio Neves""]"
legislaturas.56.so_api_intervalos[16];"[""438"", ""Tilden Santiago""]"
legislaturas.56.so_api_intervalos[17];"[""453"", ""Pedro Chaves""]"
legislaturas.56.so_api_intervalos[18];"[""553"", ""Francisco Garcia""]"
legislaturas.56.so_api_intervalos[19];"[""558"", ""Vanessa Grazziotin""]"
legislaturas.56.so_api_intervalos[20];"[""604"", ""Walter Pinheiro""]"
legislaturas.56.so_api_intervalos[21];"[""612"", ""Eunício Oliveira""]"
legislaturas.56.so_api_intervalos[22];"[""615"", ""José Pimentel""]"
legislaturas.56.so_api_intervalos[23];"[""624"", ""Sérgio Novais""]"
legislaturas.56.so_api_intervalos[24];"[""631"", ""Magno Malta""]"
legislaturas.56.so_api_intervalos[25];"[""635"", ""Ricardo Ferraço""]"
legislaturas.56.so_api_intervalos[26];"[""643"", ""Lúcia Vânia""]"
legislaturas.56.so_api_intervalos[27];"[""670"", ""Mauro Fecury""]"
legislaturas.56.so_api_intervalos[28];"[""674"", ""Pedro Fernandes""]"
legislaturas.56.so_api_intervalos[29];"[""710"", ""Marcondes Gadelha""]"
legislaturas.56.so_api_intervalos[30];"[""715"", ""Armando Monteiro""]"
legislaturas.56.so_api_intervalos[31];"[""724"", ""Joaquim Francisco""]"
legislaturas.56.so_api_intervalos[32];"[""791"", ""Vivaldo Barbosa""]"
legislaturas.56.so_api_intervalos[33];"[""846"", ""Aloysio Nunes Ferreira""]"
legislaturas.56.so_api_intervalos[34];"[""916"", ""João Ribeiro""]"
legislaturas.56.so_api_intervalos[35];"[""918"", ""Pastor Amarildo""]"
legislaturas.56.so_api_intervalos[36];"[""950"", ""João Alberto Souza""]"
legislaturas.56.so_api_intervalos[37];"[""1176"", ""Waldemir Moka""]"
legislaturas.56.so_api_intervalos[38];"[""1754"", ""Itamar Franco""]"
legislaturas.56.so_api_intervalos[39];"[""1757"", ""Cunha Lima""]"
legislaturas.56.so_api_intervalos[40];"[""2207"", ""Raimundo Lira""]"
legislaturas.56.so_api_intervalos[41];"[""2632"", ""Fernando Ribeiro""]"
legislaturas.56.so_api_intervalos[42];"[""3360"", ""Delcídio do Amaral""]"
legislaturas.56.so_api_intervalos[43];"[""3366"", ""Marcelo Crivella""]"
legislaturas.56.so_api_intervalos[44];"[""3372"", ""Valdir Raupp""]"
legislaturas.56.so_api_intervalos[45];"[""3394"", ""João Capiberibe""]"
legislaturas.56.so_api_intervalos[46];"[""3398"", ""Cristovam Buarque""]"
legislaturas.56.so_api_intervalos[47];"[""3399"", ""Demóstenes Torres""]"
legislaturas.56.so_api_intervalos[48];"[""3579"", ""Lobão Filho""]"
legislaturas.56.so_api_intervalos[49];"[""3593"", ""João Faustino""]"
legislaturas.56.so_api_intervalos[50];"[""3597"", ""Wirlande da Luz""]"
legislaturas.56.so_api_intervalos[51];"[""3634"", ""Flexa Ribeiro""]"
legislaturas.56.so_api_intervalos[52];"[""3651"", ""Alfredo Cotait Neto""]"
legislaturas.56.so_api_intervalos[53];"[""3695"", ""Lindbergh Farias""]"
legislaturas.56.so_api_intervalos[54];"[""3741"", ""Paulo Bauer""]"
legislaturas.56.so_api_intervalos[55];"[""3811"", ""Wilson Santiago""]"
legislaturas.56.so_api_intervalos[56];"[""3823"", ""Benedito de Lira""]"
legislaturas.56.so_api_intervalos[57];"[""3881"", ""Clovis Fecury""]"
legislaturas.56.so_api_intervalos[58];"[""4522"", ""Geovani Borges""]"
legislaturas.56.so_api_intervalos[59];"[""4575"", ""Lídice da Mata""]"
legislaturas.56.so_api_intervalos[60];"[""4593"", ""Rodrigo Rollemberg""]"
legislaturas.56.so_api_intervalos[61];"[""4605"", ""Flávio Dino""]"
legislaturas.56.so_api_intervalos[62];"[""4606"", ""Pinto Itamaraty""]"
legislaturas.56.so_api_intervalos[63];"[""4639"", ""Beto Faro""]"
legislaturas.56.so_api_intervalos[64];"[""4642"", ""Efraim Filho""]"
legislaturas.56.so_api_intervalos[65];"[""4645"", ""Vital do Rêgo""]"
legislaturas.56.so_api_intervalos[66];"[""4694"", ""Rogerio Marinho""]"
legislaturas.56.so_api_intervalos[67];"[""4697"", ""Ângela Portela""]"
legislaturas.56.so_api_intervalos[68];"[""4721"", ""Eduardo Amorim""]"
legislaturas.56.so_api_intervalos[69];"[""4763"", ""Vicentinho Alves""]"
legislaturas.56.so_api_intervalos[70];"[""4767"", ""Eduardo Lopes""]"
legislaturas.56.so_api_intervalos[71];"[""4768"", ""Silvio Costa""]"
legislaturas.56.so_api_intervalos[72];"[""4774"", ""João Pedro""]"
legislaturas.56.so_api_intervalos[73];"[""4811"", ""Laércio Oliveira""]"
legislaturas.56.so_api_intervalos[74];"[""4847"", ""Salomão Alcolumbre Júnior""]"
legislaturas.56.so_api_intervalos[75];"[""4873"", ""Fleury""]"
legislaturas.56.so_api_intervalos[76];"[""4885"", ""Jorge Yanai""]"
legislaturas.56.so_api_intervalos[77];"[""4949"", ""Tomás Correia""]"
legislaturas.56.so_api_intervalos[78];"[""4951"", ""Manoel Angelo Chagas""]"
legislaturas.56.so_api_intervalos[79];"[""4969"", ""Elber Batalha""]"
legislaturas.56.so_api_intervalos[80];"[""4979"", ""Bene Camacho""]"
legislaturas.56.so_api_intervalos[81];"[""4988"", ""Ana Amélia""]"
legislaturas.56.so_api_intervalos[82];"[""4990"", ""Jorge Viana""]"
legislaturas.56.so_api_intervalos[83];"[""4998"", ""Marinor Brito""]"
legislaturas.56.so_api_intervalos[84];"[""5000"", ""Marta Suplicy""]"
legislaturas.56.so_api_intervalos[85];"[""5002"", ""Luiz Henrique""]"
legislaturas.56.so_api_intervalos[86];"[""5004"", ""Ivo Cassol""]"
legislaturas.56.so_api_intervalos[87];"[""5006"", ""Gleisi Hoffmann""]"
legislaturas.56.so_api_intervalos[88];"[""5010"", ""Pedro Taques""]"
legislaturas.56.so_api_intervalos[89];"[""5016"", ""Wellington Dias""]"
legislaturas.56.so_api_intervalos[90];"[""5018"", ""Pastor Bel""]"
legislaturas.56.so_api_intervalos[91];"[""5020"", ""Paulo Davim""]"
legislaturas.56.so_api_intervalos[92];"[""5022"", ""Janduhy Max Freire de Andrade""]"
legislaturas.56.so_api_intervalos[93];"[""5024"", ""Gabriel Maia Gelpke""]"
legislaturas.56.so_api_intervalos[94];"[""5026"", ""Fernando Carvalho Lage""]"
legislaturas.56.so_api_intervalos[95];"[""5028"", ""Armando José de Oliveira""]"
legislaturas.56.so_api_intervalos[96];"[""5030"", ""Givago Tenório""]"
legislaturas.56.so_api_intervalos[97];"[""5032"", ""Antônio Milton Pessoa Falcão Filho""]"
legislaturas.56.so_api_intervalos[98];"[""5034"", ""Fábio Luiz Araújo Lopes de Farias""]"
legislaturas.56.so_api_intervalos[99];"[""5036"", ""José de Macedo Ferreira""]"
legislaturas.56.so_api_intervalos[100];"[""5038"", ""Sandra Braga""]"
legislaturas.56.so_api_intervalos[101];"[""5040"", ""Lirio Albino Parisotto""]"
legislaturas.56.so_api_intervalos[102];"[""5042"", ""Alzira Ferreira Barros""]"
legislaturas.56.so_api_intervalos[103];"[""5044"", ""Clécio Luis Vilhena Vieira""]"
legislaturas.56.so_api_intervalos[104];"[""5046"", ""Andrelina Barbosa da Cunha""]"
legislaturas.56.so_api_intervalos[105];"[""5048"", ""Sergio Souza""]"
legislaturas.56.so_api_intervalos[106];"[""5050"", ""Pedro Irno Tonelli""]"
legislaturas.56.so_api_intervalos[107];"[""5052"", ""Roberto Muniz""]"
legislaturas.56.so_api_intervalos[108];"[""5054"", ""Francisco Simeão Rodrigues Neto""]"
legislaturas.56.so_api_intervalos[109];"[""5056"", ""Silvia Nascimento Cardoso dos Santos Cerqueira""]"
legislaturas.56.so_api_intervalos[110];"[""5058"", ""Luís Guilherme Gomes Mussi""]"
legislaturas.56.so_api_intervalos[111];"[""5060"", ""Olney Ribeiro Botelho""]"
legislaturas.56.so_api_intervalos[112];"[""5064"", ""Emir Simão Sader""]"
legislaturas.56.so_api_intervalos[113];"[""5066"", ""Juçara Feitosa de Oliveira""]"
legislaturas.56.so_api_intervalos[114];"[""5068"", ""Tânia Cristina Magalhães Bastos e Silva""]"
legislaturas.56.so_api_intervalos[115];"[""5070"", ""Wilder Morais""]"
legislaturas.56.so_api_intervalos[116];"[""5072"", ""Reditario Cassol""]"
legislaturas.56.so_api_intervalos[117];"[""5074"", ""Sander Fraxe Salomao""]"
legislaturas.56.so_api_intervalos[118];"[""5076"", ""Ione Guimarães""]"
legislaturas.56.so_api_intervalos[119];"[""5078"", ""Jose Nagib da Silva Lima""]"
legislaturas.56.so_api_intervalos[120];"[""5080"", ""Pablo Sergio Souza Bezerra""]"
legislaturas.56.so_api_intervalos[121];"[""5082"", ""Waldemir Catanho de Sena Júnior""]"
legislaturas.56.so_api_intervalos[122];"[""5084"", ""Veridiana Maria Tonini""]"
legislaturas.56.so_api_intervalos[123];"[""5086"", ""Miguel Dias de Souza""]"
legislaturas.56.so_api_intervalos[124];"[""5088"", ""Gilberto Corazza""]"
legislaturas.56.so_api_intervalos[125];"[""5090"", ""José Alberto Wenzel""]"
legislaturas.56.so_api_intervalos[126];"[""5092"", ""Luis Carlos Paes de Castro""]"
legislaturas.56.so_api_intervalos[127];"[""5094"", ""Márcio Bergonsi Turra""]"
legislaturas.56.so_api_intervalos[128];"[""5096"", ""Wilmar Lacerda""]"
legislaturas.56.so_api_intervalos[129];"[""5098"", ""Roberto Wagner Monteiro""]"
legislaturas.56.so_api_intervalos[130];"[""5100"", ""Hélio José""]"
legislaturas.56.so_api_intervalos[131];"[""5104"", ""Luis Cláudio da Costa Avelar""]"
legislaturas.56.so_api_intervalos[132];"[""5106"", ""Sérgio de Castro""]"
legislaturas.56.so_api_intervalos[133];"[""5108"", ""Cidinho Santos""]"
legislaturas.56.so_api_intervalos[134];"[""5110"", ""Rodrigues Palma""]"
legislaturas.56.so_api_intervalos[135];"[""5112"", ""José Medeiros""]"
legislaturas.56.so_api_intervalos[136];"[""5114"", ""Paulo Pereira Fíuza Filho""]"
legislaturas.56.so_api_intervalos[137];"[""5116"", ""Pedro Chaves""]"
legislaturas.56.so_api_intervalos[138];"[""5118"", ""Zonir Freitas Tetila""]"
legislaturas.56.so_api_intervalos[139];"[""5120"", ""José Antonio Guidoni""]"
legislaturas.56.so_api_intervalos[140];"[""5122"", ""Paulo Antenor de Oliveira""]"
legislaturas.56.so_api_intervalos[141];"[""5124"", ""Maria Antonieta Amorim dos Santos""]"
legislaturas.56.so_api_intervalos[142];"[""5126"", ""Enivaldo Euzébio dos Anjos""]"
legislaturas.56.so_api_intervalos[143];"[""5128"", ""Gino Jose Ferreira""]"
legislaturas.56.so_api_intervalos[144];"[""5130"", ""Valério Djalma Cavalcanti Marinho""]"
legislaturas.56.so_api_intervalos[145];"[""5132"", ""Dalirio Beber""]"
legislaturas.56.so_api_intervalos[146];"[""5134"", ""Antônio Marcos Gavazzoni""]"
legislaturas.56.so_api_intervalos[147];"[""5136"", ""Cesar Antonio de Souza""]"
legislaturas.56.so_api_intervalos[148];"[""5138"", ""Athos de Almeida Lopes""]"
legislaturas.56.so_api_intervalos[149];"[""5140"", ""Airton Sandoval""]"
legislaturas.56.so_api_intervalos[150];"[""5142"", ""Marta Maria Freire da Costa""]"
legislaturas.56.so_api_intervalos[151];"[""5144"", ""Zeze Perrella""]"
legislaturas.56.so_api_intervalos[152];"[""5146"", ""Elaine Matozinhos Ribeiro""]"
legislaturas.56.so_api_intervalos[153];"[""5148"", ""Elmiro Alves do Nascimento""]"
legislaturas.56.so_api_intervalos[154];"[""5150"", ""Antonio Carlos Rodrigues""]"
legislaturas.56.so_api_intervalos[155];"[""5152"", ""Paulo Frateschi""]"
legislaturas.56.so_api_intervalos[156];"[""5154"", ""Abiancy Cadoso Rosa""]"
legislaturas.56.so_api_intervalos[157];"[""5156"", ""Lauro Antonio""]"
legislaturas.56.so_api_intervalos[158];"[""5158"", ""Kaká Andrade""]"
legislaturas.56.so_api_intervalos[159];"[""5160"", ""Edivaldo Edilson Pantoja da Silva""]"
legislaturas.56.so_api_intervalos[160];"[""5162"", ""Félix Urano Gama de Souza""]"
legislaturas.56.so_api_intervalos[161];"[""5164"", ""Ataídes Oliveira""]"
legislaturas.56.so_api_intervalos[162];"[""5166"", ""João Costa""]"
legislaturas.56.so_api_intervalos[163];"[""5168"", ""Aristavora de Souza Santos""]"
legislaturas.56.so_api_intervalos[164];"[""5170"", ""Agimiro Dias da Costa""]"
legislaturas.56.so_api_intervalos[165];"[""5172"", ""Sanny Japiassú dos Santos""]"
legislaturas.56.so_api_intervalos[166];"[""5174"", ""Maria de Pompeia Lins Pessoa""]"
legislaturas.56.so_api_intervalos[167];"[""5176"", ""Nestor Duarte Guimarães Neto""]"
legislaturas.56.so_api_intervalos[168];"[""5178"", ""Douglas Cintra""]"
legislaturas.56.so_api_intervalos[169];"[""5180"", ""José Rodrigues da Silva""]"
legislaturas.56.so_api_intervalos[170];"[""5182"", ""Regina Sousa""]"
legislaturas.56.so_api_intervalos[171];"[""5184"", ""Zé Santana""]"
legislaturas.56.so_api_intervalos[172];"[""5186"", ""João Claudino Fernandes""]"
legislaturas.56.so_api_intervalos[173];"[""5190"", ""Maria Luza de Aquino Machado""]"
legislaturas.56.so_api_intervalos[174];"[""5197"", ""Cássio Cunha Lima""]"
legislaturas.56.so_api_intervalos[175];"[""5199"", ""Deca""]"
legislaturas.56.so_api_intervalos[176];"[""5207"", ""Renan Filho""]"
legislaturas.56.so_api_intervalos[177];"[""5257"", ""Renzo Braz""]"
legislaturas.56.so_api_intervalos[178];"[""5386"", ""Professora Dorinha Seabra""]"
legislaturas.56.so_api_intervalos[179];"[""5416"", ""Francisco Wilson Ribeiro""]"
legislaturas.56.so_api_intervalos[180];"[""5418"", ""Ivanci Magno""]"
legislaturas.56.so_api_intervalos[181];"[""5420"", ""Ubiraci Picanço""]"
legislaturas.56.so_api_intervalos[182];"[""5554"", ""Bebeto""]"
legislaturas.56.so_api_intervalos[183];"[""5563"", ""Severino Leão""]"
legislaturas.56.so_api_intervalos[184];"[""5565"", ""Dr. Helder Cavalcante""]"
legislaturas.56.so_api_intervalos[185];"[""5567"", ""Luis Mitoso""]"
legislaturas.56.so_api_intervalos[186];"[""5569"", ""Josiel""]"
legislaturas.56.so_api_intervalos[187];"[""5571"", ""Marquinho""]"
legislaturas.56.so_api_intervalos[188];"[""5573"", ""Abel Rebouças""]"
legislaturas.56.so_api_intervalos[189];"[""5575"", ""Marizete""]"
legislaturas.56.so_api_intervalos[190];"[""5577"", ""Fernando Façanha""]"
legislaturas.56.so_api_intervalos[191];"[""5579"", ""José Carlos Vasconcellos""]"
legislaturas.56.so_api_intervalos[192];"[""5581"", ""Fadi Faraj""]"
legislaturas.56.so_api_intervalos[193];"[""5583"", ""Schariff Moyses""]"
legislaturas.56.so_api_intervalos[194];"[""5587"", ""Eladio Carneiro""]"
legislaturas.56.so_api_intervalos[195];"[""5589"", ""Paulo Matos""]"
legislaturas.56.so_api_intervalos[196];"[""5591"", ""Manoel Motta""]"
legislaturas.56.so_api_intervalos[197];"[""5593"", ""Celso Dal Lago Rodrigues""]"
legislaturas.56.so_api_intervalos[198];"[""5595"", ""Moacir Kohl""]"
legislaturas.56.so_api_intervalos[199];"[""5599"", ""Pastor Ibanes Taveira""]"
legislaturas.56.so_api_intervalos[200];"[""5601"", ""Roosevelt Vita""]"
legislaturas.56.so_api_intervalos[201];"[""5603"", ""Carlos Augusto Costa""]"
legislaturas.56.so_api_intervalos[202];"[""5605"", ""Eliane Rodrigues""]"
legislaturas.56.so_api_intervalos[203];"[""5607"", ""Alzenir Porto""]"
legislaturas.56.so_api_intervalos[204];"[""5609"", ""Joel Malucelli""]"
legislaturas.56.so_api_intervalos[205];"[""5611"", ""Severino Araujo""]"
legislaturas.56.so_api_intervalos[206];"[""5613"", ""João Batista Lemos""]"
legislaturas.56.so_api_intervalos[207];"[""5615"", ""Gilberto Piselo""]"
legislaturas.56.so_api_intervalos[208];"[""5617"", ""Pastor Valadares""]"
legislaturas.56.so_api_intervalos[209];"[""5619"", ""Thieres Pinto""]"
legislaturas.56.so_api_intervalos[210];"[""5621"", ""Rudson Leite""]"
legislaturas.56.so_api_intervalos[211];"[""5623"", ""Christopher Goulart""]"
legislaturas.56.so_api_intervalos[212];"[""5625"", ""Adilson Silva dos Santos""]"
legislaturas.56.so_api_intervalos[213];"[""5629"", ""Theodorico Bezerra Netto""]"
legislaturas.56.so_api_intervalos[214];"[""5631"", ""Ayres Marchetti""]"
legislaturas.56.so_api_intervalos[215];"[""5633"", ""Atilio Francisco""]"
legislaturas.56.so_api_intervalos[216];"[""5635"", ""Ricardo Franco""]"
legislaturas.56.so_api_intervalos[217];"[""5637"", ""Donizeti Nogueira""]"
legislaturas.56.so_api_intervalos[218];"[""5672"", ""Alan Rick""]"
legislaturas.56.so_api_intervalos[219];"[""5736"", ""Tereza Cristina""]"
legislaturas.56.so_api_intervalos[220];"[""5793"", ""Dr. Hiran""]"
legislaturas.56.so_api_intervalos[221];"[""5837"", ""Davidson Magalhães""]"
legislaturas.56.so_api_intervalos[222];"[""5849"", ""José Amauri""]"
legislaturas.56.so_api_intervalos[223];"[""5893"", ""Suely Pereira""]"
legislaturas.56.so_api_intervalos[224];"[""5896"", ""Benjamin Beze Junior""]"
legislaturas.56.so_api_intervalos[225];"[""5897"", ""Milton Mercêz""]"
legislaturas.56.so_api_intervalos[226];"[""5900"", ""Gil Paraibano""]"
legislaturas.56.so_api_intervalos[227];"[""5901"", ""Paulo Marinho""]"
legislaturas.56.so_api_intervalos[228];"[""5903"", ""Leonardo Rodrigues""]"
legislaturas.56.so_api_intervalos[229];"[""5904"", ""Macapá""]"
legislaturas.56.so_api_intervalos[230];"[""5907"", ""Henrique Arruda""]"
legislaturas.56.so_api_intervalos[231];"[""5909"", ""Maria Alice""]"
legislaturas.56.so_api_intervalos[232];"[""5910"", ""José Hamilton""]"
legislaturas.56.so_api_intervalos[233];"[""5911"", ""Rosário Bezerra""]"
legislaturas.56.so_api_intervalos[234];"[""5912"", ""Jader Melo""]"
legislaturas.56.so_api_intervalos[235];"[""5914"", ""Waldemar Oliveira""]"
legislaturas.56.so_api_intervalos[236];"[""5915"", ""Marcia do Angico""]"
legislaturas.56.so_api_intervalos[237];"[""5916"", ""Silvania Barbosa""]"
legislaturas.56.so_api_intervalos[238];"[""5918"", ""Adilson Gomes""]"
legislaturas.56.so_api_intervalos[239];"[""5919"", ""Vilson Basso""]"
legislaturas.56.so_api_intervalos[240];"[""5920"", ""Flavio Vicente""]"
legislaturas.56.so_api_intervalos[241];"[""5921"", ""Paulo Salamuni""]"
legislaturas.56.so_api_intervalos[242];"[""5922"", ""Plinio Destro""]"
legislaturas.56.so_api_intervalos[243];"[""5923"", ""Alberto David""]"
legislaturas.56.so_api_intervalos[244];"[""5925"", ""Pastor Gaia""]"
legislaturas.56.so_api_intervalos[245];"[""5928"", ""Patricia Costa""]"
legislaturas.56.so_api_intervalos[246];"[""5931"", ""Jacira Souza""]"
legislaturas.56.so_api_intervalos[247];"[""5932"", ""Beto Possamai""]"
legislaturas.56.so_api_intervalos[248];"[""5933"", ""Clerie Fabiana""]"
legislaturas.56.so_api_intervalos[249];"[""5934"", ""Renata Guerra""]"
legislaturas.56.so_api_intervalos[250];"[""5935"", ""Miguel Biango""]"
legislaturas.56.so_api_intervalos[251];"[""5944"", ""Rosana Foerst""]"
legislaturas.56.so_api_intervalos[252];"[""5945"", ""Ronaldo Libardi""]"
legislaturas.56.so_api_intervalos[253];"[""5950"", ""Ana Paula Tongo""]"
legislaturas.56.so_api_intervalos[254];"[""5952"", ""Bento""]"
legislaturas.56.so_api_intervalos[255];"[""5960"", ""Cândida Farias""]"
legislaturas.56.so_api_intervalos[256];"[""5962"", ""Alisson Taveira""]"
legislaturas.56.so_api_intervalos[257];"[""5963"", ""Coronel Margarida""]"
legislaturas.56.so_api_intervalos[258];"[""5965"", ""Júnior Souto""]"
legislaturas.56.so_api_intervalos[259];"[""5966"", ""Pastor Manoel Roberto""]"
legislaturas.56.so_api_intervalos[260];"[""5968"", ""Luis Felipe Belmonte""]"
legislaturas.56.so_api_intervalos[261];"[""5969"", ""Andre Filipe""]"
legislaturas.56.so_api_intervalos[262];"[""5974"", ""Sargento Reginauro""]"
legislaturas.56.so_api_intervalos[263];"[""5975"", ""Dr. Guimarães""]"
legislaturas.56.so_api_intervalos[264];"[""5977"", ""Leany Lemos""]"
legislaturas.56.so_api_intervalos[265];"[""5978"", ""Ivonete Nascimento""]"
legislaturas.56.so_api_intervalos[266];"[""5980"", ""Fernando Carvalho""]"
legislaturas.56.so_api_intervalos[267];"[""5981"", ""Major Ildomario""]"
legislaturas.56.so_api_intervalos[268];"[""5983"", ""José Chagas""]"
legislaturas.56.so_api_intervalos[269];"[""5984"", ""Professora Bazé""]"
legislaturas.56.so_api_intervalos[270];"[""5986"", ""Rodolfo Nogueira""]"
legislaturas.56.so_api_intervalos[271];"[""5987"", ""Danny Fabricio""]"
legislaturas.56.so_api_intervalos[272];"[""5989"", ""Ana Maria""]"
legislaturas.56.so_api_intervalos[273];"[""5991"", ""Castellar Neto""]"
legislaturas.56.so_api_intervalos[274];"[""5992"", ""Danilo Martins de Oliveira""]"
legislaturas.56.so_api_intervalos[275];"[""5993"", ""Jorge Mitidieri""]"
legislaturas.56.so_api_intervalos[276];"[""5994"", ""Maria da Taiçoca""]"
legislaturas.56.so_api_intervalos[277];"[""5995"", ""Suely Santiago""]"
legislaturas.56.so_api_intervalos[278];"[""5999"", ""Helenilson Pontes""]"
legislaturas.56.so_api_intervalos[279];"[""6000"", ""Chamon""]"
legislaturas.56.so_api_intervalos[280];"[""6001"", ""Arlindo Silva""]"
legislaturas.56.so_api_intervalos[281];"[""6002"", ""Marinho Cunha""]"
legislaturas.56.so_api_intervalos[282];"[""6004"", ""Terciliano Gomes""]"
legislaturas.56.so_api_intervalos[283];"[""6007"", ""Ivani Boscolo""]"
legislaturas.56.so_api_intervalos[284];"[""6009"", ""Astronauta Marcos Pontes""]"
legislaturas.56.so_api_intervalos[285];"[""6011"", ""Beto Martins""]"
legislaturas.56.so_api_intervalos[286];"[""6012"", ""Denise dos Santos""]"
legislaturas.56.so_api_intervalos[287];"[""6013"", ""Carlos Alberto""]"
legislaturas.56.so_api_intervalos[288];"[""6014"", ""Luciana Leão Muniz""]"
legislaturas.56.so_api_intervalos[289];"[""6015"", ""Ireneu Orth""]"
legislaturas.56.so_api_intervalos[290];"[""6016"", ""Drica de Lucena""]"
legislaturas.56.so_api_intervalos[291];"[""6017"", ""Cleonice Back""]"
legislaturas.56.so_api_intervalos[292];"[""6018"", ""Reginete Bispo""]"
legislaturas.56.so_api_intervalos[293];"[""6020"", ""Carlos Milton Morais""]"
legislaturas.56.so_api_intervalos[294];"[""6022"", ""Pastor Severino""]"
legislaturas.56.so_api_intervalos[295];"[""6023"", ""Pedro Arthur""]"
legislaturas.56.so_api_intervalos[296];"[""6024"", ""Onésimo Cruz""]"
legislaturas.56.so_api_intervalos[297];"[""6025"", ""Roberta Acioly""]"
legislaturas.56.so_api_intervalos[298];"[""6026"", ""Afonso Parente""]"
legislaturas.56.so_api_intervalos[299];"[""6112"", ""Liziane Bayer""]"
legislaturas.56.so_api_intervalos[300];"[""6287"", ""Marcos de Souza Costa""]"
legislaturas.56.so_api_intervalos[301];"[""6305"", ""José Lacerda""]"
legislaturas.56.so_api_intervalos[302];"[""6331"", ""Sergio Moro""]"
legislaturas.56.so_api_intervalos[303];"[""6332"", ""Tenente Portela""]"
legislaturas.56.so_api_intervalos[304];"[""6333"", ""Paulo Salomão""]"
legislaturas.56.so_api_intervalos[305];"[""6334"", ""Cheila Moreira""]"
legislaturas.56.so_api_intervalos[306];"[""6335"", ""Damares Alves""]"
legislaturas.56.so_api_intervalos[307];"[""6336"", ""Camilo Santana""]"
legislaturas.56.so_api_intervalos[308];"[""6337"", ""Cleitinho""]"
legislaturas.56.so_api_intervalos[309];"[""6338"", ""Teresa Leitão""]"
legislaturas.56.so_api_intervalos[310];"[""6340"", ""Jaime Bagattoli""]"
legislaturas.56.so_api_intervalos[311];"[""6341"", ""Hamilton Mourão""]"
legislaturas.56.so_api_intervalos[312];"[""6342"", ""Jorge Seif""]"
legislaturas.56.so_api_intervalos[313];"[""6343"", ""Gemil Junior""]"
legislaturas.56.so_api_intervalos[314];"[""6344"", ""Coronel Casagrande""]"
legislaturas.56.so_api_intervalos[315];"[""6345"", ""Fernando Farias""]"
legislaturas.56.so_api_intervalos[316];"[""6346"", ""Adélia Maria""]"
legislaturas.56.so_api_intervalos[317];"[""6347"", ""Breno""]"
legislaturas.56.so_api_intervalos[318];"[""6348"", ""Terence Lessa""]"
legislaturas.56.so_api_intervalos[319];"[""6349"", ""Hildinha Menezes""]"
legislaturas.56.so_api_intervalos[320];"[""6350"", ""Augusta Brito""]"
legislaturas.56.so_api_intervalos[321];"[""6351"", ""Janaína Farias""]"
legislaturas.56.so_api_intervalos[322];"[""6352"", ""Manoel Arruda""]"
legislaturas.56.so_api_intervalos[323];"[""6353"", ""Pastor Egmar""]"
legislaturas.56.so_api_intervalos[324];"[""6354"", ""Marcinha Macedo""]"
legislaturas.56.so_api_intervalos[325];"[""6355"", ""Tenente Emerson""]"
legislaturas.56.so_api_intervalos[326];"[""6356"", ""Izaura Cardoso""]"
legislaturas.56.so_api_intervalos[327];"[""6357"", ""Hélio Araújo""]"
legislaturas.56.so_api_intervalos[328];"[""6358"", ""Ana Paula Lobato""]"
legislaturas.56.so_api_intervalos[329];"[""6359"", ""Lourdinha Pereira""]"
legislaturas.56.so_api_intervalos[330];"[""6360"", ""Alex Diniz""]"
legislaturas.56.so_api_intervalos[331];"[""6361"", ""Wander de Souza""]"
legislaturas.56.so_api_intervalos[332];"[""6362"", ""Mauro Carvalho Junior""]"
legislaturas.56.so_api_intervalos[333];"[""6363"", ""Rosana Martinelli""]"
legislaturas.56.so_api_intervalos[334];"[""6364"", ""Josenir""]"
legislaturas.56.so_api_intervalos[335];"[""6365"", ""Leny Campêlo""]"
legislaturas.56.so_api_intervalos[336];"[""6366"", ""André Amaral""]"
legislaturas.56.so_api_intervalos[337];"[""6367"", ""Erik Marinho""]"
legislaturas.56.so_api_intervalos[338];"[""6368"", ""Francisco Alexandre""]"
legislaturas.56.so_api_intervalos[339];"[""6369"", ""Jussara Lima""]"
legislaturas.56.so_api_intervalos[340];"[""6370"", ""Luis Felipe Cunha""]"
legislaturas.56.so_api_intervalos[341];"[""6371"", ""Ricardo Guerra""]"
legislaturas.56.so_api_intervalos[342];"[""6372"", ""Bruno Bonetti""]"
legislaturas.56.so_api_intervalos[343];"[""6373"", ""Andrea Fontes""]"
legislaturas.56.so_api_intervalos[344];"[""6374"", ""Flavio Azevedo""]"
legislaturas.56.so_api_intervalos[345];"[""6375"", ""Igor Targino""]"
legislaturas.56.so_api_intervalos[346];"[""6377"", ""Dheep Rover""]"
legislaturas.56.so_api_intervalos[347];"[""6378"", ""Jr Rodrigues""]"
legislaturas.56.so_api_intervalos[348];"[""6379"", ""Aline Rezende""]"
legislaturas.56.so_api_intervalos[349];"[""6380"", ""Coronel Andreuzza""]"
legislaturas.56.so_api_intervalos[350];"[""6381"", ""Hermes Klann""]"
legislaturas.56.so_api_intervalos[351];"[""6382"", ""Adrian da Blukit""]"
legislaturas.56.so_api_intervalos[352];"[""6383"", ""Janier""]"
legislaturas.56.so_api_intervalos[353];"[""6384"", ""Fernando Carvalho""]"
legislaturas.56.so_api_intervalos[354];"[""6385"", ""Professor Alberto""]"
legislaturas.56.so_api_intervalos[355];"[""6386"", ""Sirlange Manga""]"
legislaturas.56.so_api_intervalos[356];"[""6387"", ""Professora Lu""]"
legislaturas.56.so_api_intervalos[357];"[""6388"", ""Mauricio Buffon""]"
legislaturas.56.senadores[0];"[""22"", ""Esperidião Amin""]"
legislaturas.56.senadores[1];"[""35"", ""Jader Barbalho""]"
legislaturas.56.senadores[2];"[""63"", ""Ney Suassuna""]"
legislaturas.56.senadores[3];"[""70"", ""Renan Calheiros""]"
legislaturas.56.senadores[4];"[""90"", ""José Serra""]"
legislaturas.56.senadores[5];"[""151"", ""Luiz Pastore""]"
legislaturas.56.senadores[6];"[""285"", ""Marcio Bittar""]"
legislaturas.56.senadores[7];"[""345"", ""Flávio Arns""]"
legislaturas.56.senadores[8];"[""374"", ""Paulo Rocha""]"
legislaturas.56.senadores[9];"[""415"", ""Lael Varella""]"
legislaturas.56.senadores[10];"[""456"", ""Ronaldo Caiado""]"
legislaturas.56.senadores[11];"[""470"", ""Chico Rodrigues""]"
legislaturas.56.senadores[12];"[""475"", ""Confúcio Moura""]"
legislaturas.56.senadores[13];"[""581"", ""Jaques Wagner""]"
legislaturas.56.senadores[14];"[""611"", ""Chiquinho Feitosa""]"
legislaturas.56.senadores[15];"[""677"", ""Roberto Rocha""]"
legislaturas.56.senadores[16];"[""739"", ""Ciro Nogueira""]"
legislaturas.56.senadores[17];"[""742"", ""Marcelo Castro""]"
legislaturas.56.senadores[18];"[""751"", ""Arolde de Oliveira""]"
legislaturas.56.senadores[19];"[""825"", ""Paulo Paim""]"
legislaturas.56.senadores[20];"[""878"", ""José Aníbal""]"
legislaturas.56.senadores[21];"[""945"", ""Alvaro Dias""]"
legislaturas.56.senadores[22];"[""1023"", ""Maria do Carmo Alves""]"
legislaturas.56.senadores[23];"[""1173"", ""Wellington Fagundes""]"
legislaturas.56.senadores[24];"[""1186"", ""Luis Carlos Heinze""]"
legislaturas.56.senadores[25];"[""1249"", ""Kátia Abreu""]"
legislaturas.56.senadores[26];"[""2331"", ""Rose de Freitas""]"
legislaturas.56.senadores[27];"[""3361"", ""José Maranhão""]"
legislaturas.56.senadores[28];"[""3396"", ""Tasso Jereissati""]"
legislaturas.56.senadores[29];"[""3713"", ""Fátima Bezerra""]"
legislaturas.56.senadores[30];"[""3777"", ""Eduardo Gomes""]"
legislaturas.56.senadores[31];"[""3806"", ""Zequinha Marinho""]"
legislaturas.56.senadores[32];"[""3830"", ""Davi Alcolumbre""]"
legislaturas.56.senadores[33];"[""4525"", ""Fernando Collor""]"
legislaturas.56.senadores[34];"[""4531"", ""Jayme Campos""]"
legislaturas.56.senadores[35];"[""4545"", ""Jarbas Vasconcelos""]"
legislaturas.56.senadores[36];"[""4558"", ""Gladson Cameli""]"
legislaturas.56.senadores[37];"[""4560"", ""Sérgio Petecão""]"
legislaturas.56.senadores[38];"[""4610"", ""Alexandre Silveira""]"
legislaturas.56.senadores[39];"[""4770"", ""Izalci Lucas""]"
legislaturas.56.senadores[40];"[""4786"", ""Virginio de Carvalho""]"
legislaturas.56.senadores[41];"[""4981"", ""Acir Gurgacz""]"
legislaturas.56.senadores[42];"[""4994"", ""Eduardo Braga""]"
legislaturas.56.senadores[43];"[""5008"", ""Humberto Costa""]"
legislaturas.56.senadores[44];"[""5012"", ""Randolfe Rodrigues""]"
legislaturas.56.senadores[45];"[""5236"", ""Reguffe""]"
legislaturas.56.senadores[46];"[""5281"", ""Nilda Gondim""]"
legislaturas.56.senadores[47];"[""5322"", ""Romário""]"
legislaturas.56.senadores[48];"[""5350"", ""Jorginho Mello""]"
legislaturas.56.senadores[49];"[""5352"", ""Rogério Carvalho""]"
legislaturas.56.senadores[50];"[""5376"", ""Mara Gabrilli""]"
legislaturas.56.senadores[51];"[""5385"", ""Irajá""]"
legislaturas.56.senadores[52];"[""5411"", ""Weverton""]"
legislaturas.56.senadores[53];"[""5422"", ""Marcos Rogério""]"
legislaturas.56.senadores[54];"[""5502"", ""Plínio Valério""]"
legislaturas.56.senadores[55];"[""5523"", ""Otto Alencar""]"
legislaturas.56.senadores[56];"[""5525"", ""Omar Aziz""]"
legislaturas.56.senadores[57];"[""5527"", ""Simone Tebet""]"
legislaturas.56.senadores[58];"[""5529"", ""Antonio Anastasia""]"
legislaturas.56.senadores[59];"[""5531"", ""Elmano Férrer""]"
legislaturas.56.senadores[60];"[""5533"", ""Lasier Martins""]"
legislaturas.56.senadores[61];"[""5535"", ""Telmário Mota""]"
legislaturas.56.senadores[62];"[""5537"", ""Dário Berger""]"
legislaturas.56.senadores[63];"[""5540"", ""Fernando Bezerra Coelho""]"
legislaturas.56.senadores[64];"[""5557"", ""Mailza Gomes""]"
legislaturas.56.senadores[65];"[""5559"", ""Bispo José""]"
legislaturas.56.senadores[66];"[""5561"", ""Renilde Bulhões""]"
legislaturas.56.senadores[67];"[""5585"", ""Luiz Carlos do Carmo""]"
legislaturas.56.senadores[68];"[""5627"", ""Jean-Paul Prates""]"
legislaturas.56.senadores[69];"[""5639"", ""Guaracy Silveira""]"
legislaturas.56.senadores[70];"[""5666"", ""Major Olimpio""]"
legislaturas.56.senadores[71];"[""5718"", ""Eliziane Gama""]"
legislaturas.56.senadores[72];"[""5732"", ""Rodrigo Pacheco""]"
legislaturas.56.senadores[73];"[""5740"", ""Fabio Garcia""]"
legislaturas.56.senadores[74];"[""5748"", ""Veneziano Vital do Rêgo""]"
legislaturas.56.senadores[75];"[""5783"", ""Zenaide Maia""]"
legislaturas.56.senadores[76];"[""5892"", ""Roberth Bringel""]"
legislaturas.56.senadores[77];"[""5894"", ""Flávio Bolsonaro""]"
legislaturas.56.senadores[78];"[""5895"", ""Jorge Kajuru""]"
legislaturas.56.senadores[79];"[""5898"", ""Eliane Nogueira""]"
legislaturas.56.senadores[80];"[""5899"", ""Vanderlan Cardoso""]"
legislaturas.56.senadores[81];"[""5902"", ""Eduardo Velloso""]"
legislaturas.56.senadores[82];"[""5905"", ""Rodrigo Cunha""]"
legislaturas.56.senadores[83];"[""5906"", ""Dra. Eudócia""]"
legislaturas.56.senadores[84];"[""5908"", ""Maria das Vitórias""]"
legislaturas.56.senadores[85];"[""5913"", ""Rafael Tenório""]"
legislaturas.56.senadores[86];"[""5917"", ""Fernando Dueire""]"
legislaturas.56.senadores[87];"[""5924"", ""Oriovisto Guimarães""]"
legislaturas.56.senadores[88];"[""5926"", ""Lucas Barreto""]"
legislaturas.56.senadores[89];"[""5927"", ""Paulo Albuquerque""]"
legislaturas.56.senadores[90];"[""5929"", ""Juíza Selma""]"
legislaturas.56.senadores[91];"[""5936"", ""Carlos Portinho""]"
legislaturas.56.senadores[92];"[""5942"", ""Marcos do Val""]"
legislaturas.56.senadores[93];"[""5953"", ""Fabiano Contarato""]"
legislaturas.56.senadores[94];"[""5959"", ""Styvenson Valentim""]"
legislaturas.56.senadores[95];"[""5967"", ""Angelo Coronel""]"
legislaturas.56.senadores[96];"[""5971"", ""Prisco Bezerra""]"
legislaturas.56.senadores[97];"[""5972"", ""Julio Ventura""]"
legislaturas.56.senadores[98];"[""5973"", ""Cid Gomes""]"
legislaturas.56.senadores[99];"[""5976"", ""Eduardo Girão""]"
legislaturas.56.senadores[100];"[""5979"", ""Leila Barros""]"
legislaturas.56.senadores[101];"[""5982"", ""Alessandro Vieira""]"
legislaturas.56.senadores[102];"[""5985"", ""Nelsinho Trad""]"
legislaturas.56.senadores[103];"[""5988"", ""Soraya Thronicke""]"
legislaturas.56.senadores[104];"[""5990"", ""Carlos Viana""]"
legislaturas.56.senadores[105];"[""5996"", ""Diego Tavares""]"
legislaturas.56.senadores[106];"[""5997"", ""Nailde Panta""]"
legislaturas.56.senadores[107];"[""5998"", ""Daniella Ribeiro""]"
legislaturas.56.senadores[108];"[""6005"", ""Siqueira Campos""]"
legislaturas.56.senadores[109];"[""6006"", ""Ogari Pacheco""]"
legislaturas.56.senadores[110];"[""6008"", ""Giordano""]"
legislaturas.56.senadores[111];"[""6010"", ""Ivete da Silveira""]"
legislaturas.56.senadores[112];"[""6019"", ""Maria Eliza""]"
legislaturas.56.senadores[113];"[""6021"", ""Dr. Samuel Araújo""]"
legislaturas.56.senadores[114];"[""6027"", ""Mecias de Jesus""]"
legislaturas.56.senadores[115];"[""6295"", ""Carlos Fávaro""]"
legislaturas.56.senadores[116];"[""6304"", ""Margareth Buzetti""]"
legislaturas.57.portal;109
legislaturas.57.api_uniao_dos_intervalos;318
legislaturas.57.em_ambos;109
legislaturas.57.so_api_intervalos[0];"[""63"", ""Ney Suassuna""]"
legislaturas.57.so_api_intervalos[1];"[""90"", ""José Serra""]"
legislaturas.57.so_api_intervalos[2];"[""151"", ""Luiz Pastore""]"
legislaturas.57.so_api_intervalos[3];"[""196"", ""Geraldo Althoff""]"
legislaturas.57.so_api_intervalos[4];"[""336"", ""Paulo Gouvêa""]"
legislaturas.57.so_api_intervalos[5];"[""374"", ""Paulo Rocha""]"
legislaturas.57.so_api_intervalos[6];"[""375"", ""Valdir Ganzer""]"
legislaturas.57.so_api_intervalos[7];"[""415"", ""Lael Varella""]"
legislaturas.57.so_api_intervalos[8];"[""456"", ""Ronaldo Caiado""]"
legislaturas.57.so_api_intervalos[9];"[""611"", ""Chiquinho Feitosa""]"
legislaturas.57.so_api_intervalos[10];"[""674"", ""Pedro Fernandes""]"
legislaturas.57.so_api_intervalos[11];"[""677"", ""Roberto Rocha""]"
legislaturas.57.so_api_intervalos[12];"[""791"", ""Vivaldo Barbosa""]"
legislaturas.57.so_api_intervalos[13];"[""878"", ""José Aníbal""]"
legislaturas.57.so_api_intervalos[14];"[""945"", ""Alvaro Dias""]"
legislaturas.57.so_api_intervalos[15];"[""1023"", ""Maria do Carmo Alves""]"
legislaturas.57.so_api_intervalos[16];"[""1249"", ""Kátia Abreu""]"
legislaturas.57.so_api_intervalos[17];"[""2331"", ""Rose de Freitas""]"
legislaturas.57.so_api_intervalos[18];"[""3361"", ""José Maranhão""]"
legislaturas.57.so_api_intervalos[19];"[""3396"", ""Tasso Jereissati""]"
legislaturas.57.so_api_intervalos[20];"[""3651"", ""Alfredo Cotait Neto""]"
legislaturas.57.so_api_intervalos[21];"[""3713"", ""Fátima Bezerra""]"
legislaturas.57.so_api_intervalos[22];"[""4525"", ""Fernando Collor""]"
legislaturas.57.so_api_intervalos[23];"[""4558"", ""Gladson Cameli""]"
legislaturas.57.so_api_intervalos[24];"[""4606"", ""Pinto Itamaraty""]"
legislaturas.57.so_api_intervalos[25];"[""4610"", ""Alexandre Silveira""]"
legislaturas.57.so_api_intervalos[26];"[""4768"", ""Silvio Costa""]"
legislaturas.57.so_api_intervalos[27];"[""4774"", ""João Pedro""]"
legislaturas.57.so_api_intervalos[28];"[""4786"", ""Virginio de Carvalho""]"
legislaturas.57.so_api_intervalos[29];"[""4885"", ""Jorge Yanai""]"
legislaturas.57.so_api_intervalos[30];"[""4981"", ""Acir Gurgacz""]"
legislaturas.57.so_api_intervalos[31];"[""5038"", ""Sandra Braga""]"
legislaturas.57.so_api_intervalos[32];"[""5056"", ""Silvia Nascimento Cardoso dos Santos Cerqueira""]"
legislaturas.57.so_api_intervalos[33];"[""5236"", ""Reguffe""]"
legislaturas.57.so_api_intervalos[34];"[""5257"", ""Renzo Braz""]"
legislaturas.57.so_api_intervalos[35];"[""5281"", ""Nilda Gondim""]"
legislaturas.57.so_api_intervalos[36];"[""5527"", ""Simone Tebet""]"
legislaturas.57.so_api_intervalos[37];"[""5529"", ""Antonio Anastasia""]"
legislaturas.57.so_api_intervalos[38];"[""5531"", ""Elmano Férrer""]"
legislaturas.57.so_api_intervalos[39];"[""5533"", ""Lasier Martins""]"
legislaturas.57.so_api_intervalos[40];"[""5535"", ""Telmário Mota""]"
legislaturas.57.so_api_intervalos[41];"[""5537"", ""Dário Berger""]"
legislaturas.57.so_api_intervalos[42];"[""5540"", ""Fernando Bezerra Coelho""]"
legislaturas.57.so_api_intervalos[43];"[""5554"", ""Bebeto""]"
legislaturas.57.so_api_intervalos[44];"[""5557"", ""Mailza Gomes""]"
legislaturas.57.so_api_intervalos[45];"[""5559"", ""Bispo José""]"
legislaturas.57.so_api_intervalos[46];"[""5561"", ""Renilde Bulhões""]"
legislaturas.57.so_api_intervalos[47];"[""5563"", ""Severino Leão""]"
legislaturas.57.so_api_intervalos[48];"[""5565"", ""Dr. Helder Cavalcante""]"
legislaturas.57.so_api_intervalos[49];"[""5567"", ""Luis Mitoso""]"
legislaturas.57.so_api_intervalos[50];"[""5569"", ""Josiel""]"
legislaturas.57.so_api_intervalos[51];"[""5571"", ""Marquinho""]"
legislaturas.57.so_api_intervalos[52];"[""5573"", ""Abel Rebouças""]"
legislaturas.57.so_api_intervalos[53];"[""5575"", ""Marizete""]"
legislaturas.57.so_api_intervalos[54];"[""5577"", ""Fernando Façanha""]"
legislaturas.57.so_api_intervalos[55];"[""5579"", ""José Carlos Vasconcellos""]"
legislaturas.57.so_api_intervalos[56];"[""5581"", ""Fadi Faraj""]"
legislaturas.57.so_api_intervalos[57];"[""5583"", ""Schariff Moyses""]"
legislaturas.57.so_api_intervalos[58];"[""5585"", ""Luiz Carlos do Carmo""]"
legislaturas.57.so_api_intervalos[59];"[""5587"", ""Eladio Carneiro""]"
legislaturas.57.so_api_intervalos[60];"[""5589"", ""Paulo Matos""]"
legislaturas.57.so_api_intervalos[61];"[""5591"", ""Manoel Motta""]"
legislaturas.57.so_api_intervalos[62];"[""5593"", ""Celso Dal Lago Rodrigues""]"
legislaturas.57.so_api_intervalos[63];"[""5595"", ""Moacir Kohl""]"
legislaturas.57.so_api_intervalos[64];"[""5599"", ""Pastor Ibanes Taveira""]"
legislaturas.57.so_api_intervalos[65];"[""5601"", ""Roosevelt Vita""]"
legislaturas.57.so_api_intervalos[66];"[""5603"", ""Carlos Augusto Costa""]"
legislaturas.57.so_api_intervalos[67];"[""5605"", ""Eliane Rodrigues""]"
legislaturas.57.so_api_intervalos[68];"[""5607"", ""Alzenir Porto""]"
legislaturas.57.so_api_intervalos[69];"[""5609"", ""Joel Malucelli""]"
legislaturas.57.so_api_intervalos[70];"[""5611"", ""Severino Araujo""]"
legislaturas.57.so_api_intervalos[71];"[""5613"", ""João Batista Lemos""]"
legislaturas.57.so_api_intervalos[72];"[""5615"", ""Gilberto Piselo""]"
legislaturas.57.so_api_intervalos[73];"[""5617"", ""Pastor Valadares""]"
legislaturas.57.so_api_intervalos[74];"[""5619"", ""Thieres Pinto""]"
legislaturas.57.so_api_intervalos[75];"[""5621"", ""Rudson Leite""]"
legislaturas.57.so_api_intervalos[76];"[""5623"", ""Christopher Goulart""]"
legislaturas.57.so_api_intervalos[77];"[""5625"", ""Adilson Silva dos Santos""]"
legislaturas.57.so_api_intervalos[78];"[""5627"", ""Jean-Paul Prates""]"
legislaturas.57.so_api_intervalos[79];"[""5629"", ""Theodorico Bezerra Netto""]"
legislaturas.57.so_api_intervalos[80];"[""5631"", ""Ayres Marchetti""]"
legislaturas.57.so_api_intervalos[81];"[""5633"", ""Atilio Francisco""]"
legislaturas.57.so_api_intervalos[82];"[""5635"", ""Ricardo Franco""]"
legislaturas.57.so_api_intervalos[83];"[""5637"", ""Donizeti Nogueira""]"
legislaturas.57.so_api_intervalos[84];"[""5639"", ""Guaracy Silveira""]"
legislaturas.57.so_api_intervalos[85];"[""5740"", ""Fabio Garcia""]"
legislaturas.57.so_api_intervalos[86];"[""5837"", ""Davidson Magalhães""]"
legislaturas.57.so_api_intervalos[87];"[""5849"", ""José Amauri""]"
legislaturas.57.so_api_intervalos[88];"[""5892"", ""Roberth Bringel""]"
legislaturas.57.so_api_intervalos[89];"[""5893"", ""Suely Pereira""]"
legislaturas.57.so_api_intervalos[90];"[""5896"", ""Benjamin Beze Junior""]"
legislaturas.57.so_api_intervalos[91];"[""5897"", ""Milton Mercêz""]"
legislaturas.57.so_api_intervalos[92];"[""5898"", ""Eliane Nogueira""]"
legislaturas.57.so_api_intervalos[93];"[""5900"", ""Gil Paraibano""]"
legislaturas.57.so_api_intervalos[94];"[""5901"", ""Paulo Marinho""]"
legislaturas.57.so_api_intervalos[95];"[""5902"", ""Eduardo Velloso""]"
legislaturas.57.so_api_intervalos[96];"[""5903"", ""Leonardo Rodrigues""]"
legislaturas.57.so_api_intervalos[97];"[""5904"", ""Macapá""]"
legislaturas.57.so_api_intervalos[98];"[""5907"", ""Henrique Arruda""]"
legislaturas.57.so_api_intervalos[99];"[""5908"", ""Maria das Vitórias""]"
legislaturas.57.so_api_intervalos[100];"[""5909"", ""Maria Alice""]"
legislaturas.57.so_api_intervalos[101];"[""5910"", ""José Hamilton""]"
legislaturas.57.so_api_intervalos[102];"[""5911"", ""Rosário Bezerra""]"
legislaturas.57.so_api_intervalos[103];"[""5912"", ""Jader Melo""]"
legislaturas.57.so_api_intervalos[104];"[""5913"", ""Rafael Tenório""]"
legislaturas.57.so_api_intervalos[105];"[""5914"", ""Waldemar Oliveira""]"
legislaturas.57.so_api_intervalos[106];"[""5915"", ""Marcia do Angico""]"
legislaturas.57.so_api_intervalos[107];"[""5916"", ""Silvania Barbosa""]"
legislaturas.57.so_api_intervalos[108];"[""5918"", ""Adilson Gomes""]"
legislaturas.57.so_api_intervalos[109];"[""5919"", ""Vilson Basso""]"
legislaturas.57.so_api_intervalos[110];"[""5920"", ""Flavio Vicente""]"
legislaturas.57.so_api_intervalos[111];"[""5921"", ""Paulo Salamuni""]"
legislaturas.57.so_api_intervalos[112];"[""5922"", ""Plinio Destro""]"
legislaturas.57.so_api_intervalos[113];"[""5923"", ""Alberto David""]"
legislaturas.57.so_api_intervalos[114];"[""5925"", ""Pastor Gaia""]"
legislaturas.57.so_api_intervalos[115];"[""5927"", ""Paulo Albuquerque""]"
legislaturas.57.so_api_intervalos[116];"[""5928"", ""Patricia Costa""]"
legislaturas.57.so_api_intervalos[117];"[""5931"", ""Jacira Souza""]"
legislaturas.57.so_api_intervalos[118];"[""5932"", ""Beto Possamai""]"
legislaturas.57.so_api_intervalos[119];"[""5933"", ""Clerie Fabiana""]"
legislaturas.57.so_api_intervalos[120];"[""5934"", ""Renata Guerra""]"
legislaturas.57.so_api_intervalos[121];"[""5935"", ""Miguel Biango""]"
legislaturas.57.so_api_intervalos[122];"[""5944"", ""Rosana Foerst""]"
legislaturas.57.so_api_intervalos[123];"[""5945"", ""Ronaldo Libardi""]"
legislaturas.57.so_api_intervalos[124];"[""5950"", ""Ana Paula Tongo""]"
legislaturas.57.so_api_intervalos[125];"[""5952"", ""Bento""]"
legislaturas.57.so_api_intervalos[126];"[""5960"", ""Cândida Farias""]"
legislaturas.57.so_api_intervalos[127];"[""5962"", ""Alisson Taveira""]"
legislaturas.57.so_api_intervalos[128];"[""5963"", ""Coronel Margarida""]"
legislaturas.57.so_api_intervalos[129];"[""5965"", ""Júnior Souto""]"
legislaturas.57.so_api_intervalos[130];"[""5966"", ""Pastor Manoel Roberto""]"
legislaturas.57.so_api_intervalos[131];"[""5968"", ""Luis Felipe Belmonte""]"
legislaturas.57.so_api_intervalos[132];"[""5969"", ""Andre Filipe""]"
legislaturas.57.so_api_intervalos[133];"[""5971"", ""Prisco Bezerra""]"
legislaturas.57.so_api_intervalos[134];"[""5972"", ""Julio Ventura""]"
legislaturas.57.so_api_intervalos[135];"[""5975"", ""Dr. Guimarães""]"
legislaturas.57.so_api_intervalos[136];"[""5977"", ""Leany Lemos""]"
legislaturas.57.so_api_intervalos[137];"[""5978"", ""Ivonete Nascimento""]"
legislaturas.57.so_api_intervalos[138];"[""5980"", ""Fernando Carvalho""]"
legislaturas.57.so_api_intervalos[139];"[""5981"", ""Major Ildomario""]"
legislaturas.57.so_api_intervalos[140];"[""5983"", ""José Chagas""]"
legislaturas.57.so_api_intervalos[141];"[""5984"", ""Professora Bazé""]"
legislaturas.57.so_api_intervalos[142];"[""5986"", ""Rodolfo Nogueira""]"
legislaturas.57.so_api_intervalos[143];"[""5987"", ""Danny Fabricio""]"
legislaturas.57.so_api_intervalos[144];"[""5989"", ""Ana Maria""]"
legislaturas.57.so_api_intervalos[145];"[""5992"", ""Danilo Martins de Oliveira""]"
legislaturas.57.so_api_intervalos[146];"[""5993"", ""Jorge Mitidieri""]"
legislaturas.57.so_api_intervalos[147];"[""5994"", ""Maria da Taiçoca""]"
legislaturas.57.so_api_intervalos[148];"[""5995"", ""Suely Santiago""]"
legislaturas.57.so_api_intervalos[149];"[""5996"", ""Diego Tavares""]"
legislaturas.57.so_api_intervalos[150];"[""5997"", ""Nailde Panta""]"
legislaturas.57.so_api_intervalos[151];"[""5999"", ""Helenilson Pontes""]"
legislaturas.57.so_api_intervalos[152];"[""6000"", ""Chamon""]"
legislaturas.57.so_api_intervalos[153];"[""6001"", ""Arlindo Silva""]"
legislaturas.57.so_api_intervalos[154];"[""6002"", ""Marinho Cunha""]"
legislaturas.57.so_api_intervalos[155];"[""6004"", ""Terciliano Gomes""]"
legislaturas.57.so_api_intervalos[156];"[""6005"", ""Siqueira Campos""]"
legislaturas.57.so_api_intervalos[157];"[""6006"", ""Ogari Pacheco""]"
legislaturas.57.so_api_intervalos[158];"[""6007"", ""Ivani Boscolo""]"
legislaturas.57.so_api_intervalos[159];"[""6012"", ""Denise dos Santos""]"
legislaturas.57.so_api_intervalos[160];"[""6013"", ""Carlos Alberto""]"
legislaturas.57.so_api_intervalos[161];"[""6014"", ""Luciana Leão Muniz""]"
legislaturas.57.so_api_intervalos[162];"[""6016"", ""Drica de Lucena""]"
legislaturas.57.so_api_intervalos[163];"[""6017"", ""Cleonice Back""]"
legislaturas.57.so_api_intervalos[164];"[""6018"", ""Reginete Bispo""]"
legislaturas.57.so_api_intervalos[165];"[""6019"", ""Maria Eliza""]"
legislaturas.57.so_api_intervalos[166];"[""6020"", ""Carlos Milton Morais""]"
legislaturas.57.so_api_intervalos[167];"[""6022"", ""Pastor Severino""]"
legislaturas.57.so_api_intervalos[168];"[""6023"", ""Pedro Arthur""]"
legislaturas.57.so_api_intervalos[169];"[""6024"", ""Onésimo Cruz""]"
legislaturas.57.so_api_intervalos[170];"[""6026"", ""Afonso Parente""]"
legislaturas.57.so_api_intervalos[171];"[""6112"", ""Liziane Bayer""]"
legislaturas.57.so_api_intervalos[172];"[""6287"", ""Marcos de Souza Costa""]"
legislaturas.57.so_api_intervalos[173];"[""6332"", ""Tenente Portela""]"
legislaturas.57.so_api_intervalos[174];"[""6333"", ""Paulo Salomão""]"
legislaturas.57.so_api_intervalos[175];"[""6334"", ""Cheila Moreira""]"
legislaturas.57.so_api_intervalos[176];"[""6343"", ""Gemil Junior""]"
legislaturas.57.so_api_intervalos[177];"[""6344"", ""Coronel Casagrande""]"
legislaturas.57.so_api_intervalos[178];"[""6346"", ""Adélia Maria""]"
legislaturas.57.so_api_intervalos[179];"[""6347"", ""Breno""]"
legislaturas.57.so_api_intervalos[180];"[""6348"", ""Terence Lessa""]"
legislaturas.57.so_api_intervalos[181];"[""6349"", ""Hildinha Menezes""]"
legislaturas.57.so_api_intervalos[182];"[""6352"", ""Manoel Arruda""]"
legislaturas.57.so_api_intervalos[183];"[""6353"", ""Pastor Egmar""]"
legislaturas.57.so_api_intervalos[184];"[""6354"", ""Marcinha Macedo""]"
legislaturas.57.so_api_intervalos[185];"[""6355"", ""Tenente Emerson""]"
legislaturas.57.so_api_intervalos[186];"[""6356"", ""Izaura Cardoso""]"
legislaturas.57.so_api_intervalos[187];"[""6357"", ""Hélio Araújo""]"
legislaturas.57.so_api_intervalos[188];"[""6360"", ""Alex Diniz""]"
legislaturas.57.so_api_intervalos[189];"[""6361"", ""Wander de Souza""]"
legislaturas.57.so_api_intervalos[190];"[""6364"", ""Josenir""]"
legislaturas.57.so_api_intervalos[191];"[""6365"", ""Leny Campêlo""]"
legislaturas.57.so_api_intervalos[192];"[""6367"", ""Erik Marinho""]"
legislaturas.57.so_api_intervalos[193];"[""6368"", ""Francisco Alexandre""]"
legislaturas.57.so_api_intervalos[194];"[""6370"", ""Luis Felipe Cunha""]"
legislaturas.57.so_api_intervalos[195];"[""6371"", ""Ricardo Guerra""]"
legislaturas.57.so_api_intervalos[196];"[""6373"", ""Andrea Fontes""]"
legislaturas.57.so_api_intervalos[197];"[""6375"", ""Igor Targino""]"
legislaturas.57.so_api_intervalos[198];"[""6377"", ""Dheep Rover""]"
legislaturas.57.so_api_intervalos[199];"[""6378"", ""Jr Rodrigues""]"
legislaturas.57.so_api_intervalos[200];"[""6379"", ""Aline Rezende""]"
legislaturas.57.so_api_intervalos[201];"[""6380"", ""Coronel Andreuzza""]"
legislaturas.57.so_api_intervalos[202];"[""6382"", ""Adrian da Blukit""]"
legislaturas.57.so_api_intervalos[203];"[""6383"", ""Janier""]"
legislaturas.57.so_api_intervalos[204];"[""6384"", ""Fernando Carvalho""]"
legislaturas.57.so_api_intervalos[205];"[""6385"", ""Professor Alberto""]"
legislaturas.57.so_api_intervalos[206];"[""6386"", ""Sirlange Manga""]"
legislaturas.57.so_api_intervalos[207];"[""6387"", ""Professora Lu""]"
legislaturas.57.so_api_intervalos[208];"[""6388"", ""Mauricio Buffon""]"
legislaturas.57.senadores[0];"[""22"", ""Esperidião Amin""]"
legislaturas.57.senadores[1];"[""35"", ""Jader Barbalho""]"
legislaturas.57.senadores[2];"[""70"", ""Renan Calheiros""]"
legislaturas.57.senadores[3];"[""285"", ""Marcio Bittar""]"
legislaturas.57.senadores[4];"[""345"", ""Flávio Arns""]"
legislaturas.57.senadores[5];"[""453"", ""Pedro Chaves""]"
legislaturas.57.senadores[6];"[""470"", ""Chico Rodrigues""]"
legislaturas.57.senadores[7];"[""475"", ""Confúcio Moura""]"
legislaturas.57.senadores[8];"[""581"", ""Jaques Wagner""]"
legislaturas.57.senadores[9];"[""631"", ""Magno Malta""]"
legislaturas.57.senadores[10];"[""739"", ""Ciro Nogueira""]"
legislaturas.57.senadores[11];"[""742"", ""Marcelo Castro""]"
legislaturas.57.senadores[12];"[""751"", ""Arolde de Oliveira""]"
legislaturas.57.senadores[13];"[""825"", ""Paulo Paim""]"
legislaturas.57.senadores[14];"[""1173"", ""Wellington Fagundes""]"
legislaturas.57.senadores[15];"[""1186"", ""Luis Carlos Heinze""]"
legislaturas.57.senadores[16];"[""3777"", ""Eduardo Gomes""]"
legislaturas.57.senadores[17];"[""3806"", ""Zequinha Marinho""]"
legislaturas.57.senadores[18];"[""3830"", ""Davi Alcolumbre""]"
legislaturas.57.senadores[19];"[""4531"", ""Jayme Campos""]"
legislaturas.57.senadores[20];"[""4545"", ""Jarbas Vasconcelos""]"
legislaturas.57.senadores[21];"[""4560"", ""Sérgio Petecão""]"
legislaturas.57.senadores[22];"[""4605"", ""Flávio Dino""]"
legislaturas.57.senadores[23];"[""4639"", ""Beto Faro""]"
legislaturas.57.senadores[24];"[""4642"", ""Efraim Filho""]"
legislaturas.57.senadores[25];"[""4694"", ""Rogerio Marinho""]"
legislaturas.57.senadores[26];"[""4770"", ""Izalci Lucas""]"
legislaturas.57.senadores[27];"[""4811"", ""Laércio Oliveira""]"
legislaturas.57.senadores[28];"[""4979"", ""Bene Camacho""]"
legislaturas.57.senadores[29];"[""4994"", ""Eduardo Braga""]"
legislaturas.57.senadores[30];"[""5008"", ""Humberto Costa""]"
legislaturas.57.senadores[31];"[""5012"", ""Randolfe Rodrigues""]"
legislaturas.57.senadores[32];"[""5016"", ""Wellington Dias""]"
legislaturas.57.senadores[33];"[""5070"", ""Wilder Morais""]"
legislaturas.57.senadores[34];"[""5207"", ""Renan Filho""]"
legislaturas.57.senadores[35];"[""5322"", ""Romário""]"
legislaturas.57.senadores[36];"[""5350"", ""Jorginho Mello""]"
legislaturas.57.senadores[37];"[""5352"", ""Rogério Carvalho""]"
legislaturas.57.senadores[38];"[""5376"", ""Mara Gabrilli""]"
legislaturas.57.senadores[39];"[""5385"", ""Irajá""]"
legislaturas.57.senadores[40];"[""5386"", ""Professora Dorinha Seabra""]"
legislaturas.57.senadores[41];"[""5411"", ""Weverton""]"
legislaturas.57.senadores[42];"[""5422"", ""Marcos Rogério""]"
legislaturas.57.senadores[43];"[""5502"", ""Plínio Valério""]"
legislaturas.57.senadores[44];"[""5523"", ""Otto Alencar""]"
legislaturas.57.senadores[45];"[""5525"", ""Omar Aziz""]"
legislaturas.57.senadores[46];"[""5666"", ""Major Olimpio""]"
legislaturas.57.senadores[47];"[""5672"", ""Alan Rick""]"
legislaturas.57.senadores[48];"[""5718"", ""Eliziane Gama""]"
legislaturas.57.senadores[49];"[""5732"", ""Rodrigo Pacheco""]"
legislaturas.57.senadores[50];"[""5736"", ""Tereza Cristina""]"
legislaturas.57.senadores[51];"[""5748"", ""Veneziano Vital do Rêgo""]"
legislaturas.57.senadores[52];"[""5783"", ""Zenaide Maia""]"
legislaturas.57.senadores[53];"[""5793"", ""Dr. Hiran""]"
legislaturas.57.senadores[54];"[""5894"", ""Flávio Bolsonaro""]"
legislaturas.57.senadores[55];"[""5895"", ""Jorge Kajuru""]"
legislaturas.57.senadores[56];"[""5899"", ""Vanderlan Cardoso""]"
legislaturas.57.senadores[57];"[""5905"", ""Rodrigo Cunha""]"
legislaturas.57.senadores[58];"[""5906"", ""Dra. Eudócia""]"
legislaturas.57.senadores[59];"[""5917"", ""Fernando Dueire""]"
legislaturas.57.senadores[60];"[""5924"", ""Oriovisto Guimarães""]"
legislaturas.57.senadores[61];"[""5926"", ""Lucas Barreto""]"
legislaturas.57.senadores[62];"[""5929"", ""Juíza Selma""]"
legislaturas.57.senadores[63];"[""5936"", ""Carlos Portinho""]"
legislaturas.57.senadores[64];"[""5942"", ""Marcos do Val""]"
legislaturas.57.senadores[65];"[""5953"", ""Fabiano Contarato""]"
legislaturas.57.senadores[66];"[""5959"", ""Styvenson Valentim""]"
legislaturas.57.senadores[67];"[""5967"", ""Angelo Coronel""]"
legislaturas.57.senadores[68];"[""5973"", ""Cid Gomes""]"
legislaturas.57.senadores[69];"[""5974"", ""Sargento Reginauro""]"
legislaturas.57.senadores[70];"[""5976"", ""Eduardo Girão""]"
legislaturas.57.senadores[71];"[""5979"", ""Leila Barros""]"
legislaturas.57.senadores[72];"[""5982"", ""Alessandro Vieira""]"
legislaturas.57.senadores[73];"[""5985"", ""Nelsinho Trad""]"
legislaturas.57.senadores[74];"[""5988"", ""Soraya Thronicke""]"
legislaturas.57.senadores[75];"[""5990"", ""Carlos Viana""]"
legislaturas.57.senadores[76];"[""5991"", ""Castellar Neto""]"
legislaturas.57.senadores[77];"[""5998"", ""Daniella Ribeiro""]"
legislaturas.57.senadores[78];"[""6008"", ""Giordano""]"
legislaturas.57.senadores[79];"[""6009"", ""Astronauta Marcos Pontes""]"
legislaturas.57.senadores[80];"[""6010"", ""Ivete da Silveira""]"
legislaturas.57.senadores[81];"[""6011"", ""Beto Martins""]"
legislaturas.57.senadores[82];"[""6015"", ""Ireneu Orth""]"
legislaturas.57.senadores[83];"[""6021"", ""Dr. Samuel Araújo""]"
legislaturas.57.senadores[84];"[""6025"", ""Roberta Acioly""]"
legislaturas.57.senadores[85];"[""6027"", ""Mecias de Jesus""]"
legislaturas.57.senadores[86];"[""6295"", ""Carlos Fávaro""]"
legislaturas.57.senadores[87];"[""6304"", ""Margareth Buzetti""]"
legislaturas.57.senadores[88];"[""6305"", ""José Lacerda""]"
legislaturas.57.senadores[89];"[""6331"", ""Sergio Moro""]"
legislaturas.57.senadores[90];"[""6335"", ""Damares Alves""]"
legislaturas.57.senadores[91];"[""6336"", ""Camilo Santana""]"
legislaturas.57.senadores[92];"[""6337"", ""Cleitinho""]"
legislaturas.57.senadores[93];"[""6338"", ""Teresa Leitão""]"
legislaturas.57.senadores[94];"[""6340"", ""Jaime Bagattoli""]"
legislaturas.57.senadores[95];"[""6341"", ""Hamilton Mourão""]"
legislaturas.57.senadores[96];"[""6342"", ""Jorge Seif""]"
legislaturas.57.senadores[97];"[""6345"", ""Fernando Farias""]"
legislaturas.57.senadores[98];"[""6350"", ""Augusta Brito""]"
legislaturas.57.senadores[99];"[""6351"", ""Janaína Farias""]"
legislaturas.57.senadores[100];"[""6358"", ""Ana Paula Lobato""]"
legislaturas.57.senadores[101];"[""6359"", ""Lourdinha Pereira""]"
legislaturas.57.senadores[102];"[""6362"", ""Mauro Carvalho Junior""]"
legislaturas.57.senadores[103];"[""6363"", ""Rosana Martinelli""]"
legislaturas.57.senadores[104];"[""6366"", ""André Amaral""]"
legislaturas.57.senadores[105];"[""6369"", ""Jussara Lima""]"
legislaturas.57.senadores[106];"[""6372"", ""Bruno Bonetti""]"
legislaturas.57.senadores[107];"[""6374"", ""Flavio Azevedo""]"
legislaturas.57.senadores[108];"[""6381"", ""Hermes Klann""]"
