Lei;Casa;Data;Proposição;Descrição oficial;Partido;Sim;Não;Abstenção ou obstrução
LEI 11340/2006;Câmara;2005-11-29;PL 4559/2004;"Aprovado o Requerimento de Urgência (Art. 155 do RICD). Sim: 382; Não: 2; Abst.: 0; Total: 384.";PCdoB;9;0;0
LEI 11340/2006;Câmara;2005-11-29;PL 4559/2004;"Aprovado o Requerimento de Urgência (Art. 155 do RICD). Sim: 382; Não: 2; Abst.: 0; Total: 384.";PDT;16;0;0
LEI 11340/2006;Câmara;2005-11-29;PL 4559/2004;"Aprovado o Requerimento de Urgência (Art. 155 do RICD). Sim: 382; Não: 2; Abst.: 0; Total: 384.";PFL;41;0;0
LEI 11340/2006;Câmara;2005-11-29;PL 4559/2004;"Aprovado o Requerimento de Urgência (Art. 155 do RICD). Sim: 382; Não: 2; Abst.: 0; Total: 384.";PL;25;0;0
LEI 11340/2006;Câmara;2005-11-29;PL 4559/2004;"Aprovado o Requerimento de Urgência (Art. 155 do RICD). Sim: 382; Não: 2; Abst.: 0; Total: 384.";PMDB;58;1;1
LEI 11340/2006;Câmara;2005-11-29;PL 4559/2004;"Aprovado o Requerimento de Urgência (Art. 155 do RICD). Sim: 382; Não: 2; Abst.: 0; Total: 384.";PMR;2;0;0
LEI 11340/2006;Câmara;2005-11-29;PL 4559/2004;"Aprovado o Requerimento de Urgência (Art. 155 do RICD). Sim: 382; Não: 2; Abst.: 0; Total: 384.";PP;34;1;2
LEI 11340/2006;Câmara;2005-11-29;PL 4559/2004;"Aprovado o Requerimento de Urgência (Art. 155 do RICD). Sim: 382; Não: 2; Abst.: 0; Total: 384.";PPS;14;0;0
LEI 11340/2006;Câmara;2005-11-29;PL 4559/2004;"Aprovado o Requerimento de Urgência (Art. 155 do RICD). Sim: 382; Não: 2; Abst.: 0; Total: 384.";PRONA;2;0;0
LEI 11340/2006;Câmara;2005-11-29;PL 4559/2004;"Aprovado o Requerimento de Urgência (Art. 155 do RICD). Sim: 382; Não: 2; Abst.: 0; Total: 384.";PSB;23;0;0
LEI 11340/2006;Câmara;2005-11-29;PL 4559/2004;"Aprovado o Requerimento de Urgência (Art. 155 do RICD). Sim: 382; Não: 2; Abst.: 0; Total: 384.";PSC;5;0;0
LEI 11340/2006;Câmara;2005-11-29;PL 4559/2004;"Aprovado o Requerimento de Urgência (Art. 155 do RICD). Sim: 382; Não: 2; Abst.: 0; Total: 384.";PSDB;40;0;0
LEI 11340/2006;Câmara;2005-11-29;PL 4559/2004;"Aprovado o Requerimento de Urgência (Art. 155 do RICD). Sim: 382; Não: 2; Abst.: 0; Total: 384.";PSOL;5;0;0
LEI 11340/2006;Câmara;2005-11-29;PL 4559/2004;"Aprovado o Requerimento de Urgência (Art. 155 do RICD). Sim: 382; Não: 2; Abst.: 0; Total: 384.";PT;68;0;0
LEI 11340/2006;Câmara;2005-11-29;PL 4559/2004;"Aprovado o Requerimento de Urgência (Art. 155 do RICD). Sim: 382; Não: 2; Abst.: 0; Total: 384.";PTB;36;0;0
LEI 11340/2006;Câmara;2005-11-29;PL 4559/2004;"Aprovado o Requerimento de Urgência (Art. 155 do RICD). Sim: 382; Não: 2; Abst.: 0; Total: 384.";PV;4;0;0
LEI 11466/2007;Câmara;2007-02-14;PL 7225/2006;"Aprovada a Proposta do Senado Federal para que possa tramitar o Projeto de Lei nº 7.225, de 2006, em razão de rejeição de matéria idêntica ao Projeto de Lei nº 7.298, de 2002 e apensados. (Votação nominal, aprovada pela maioria absoluta dos deputados, nos temos do art. 110, do RICD, combinado com art. 67, da Constituição Federal.) Sim: 398; Não: 2; Abst.: 4; Total: 404.";PAN;5;0;0
LEI 11466/2007;Câmara;2007-02-14;PL 7225/2006;"Aprovada a Proposta do Senado Federal para que possa tramitar o Projeto de Lei nº 7.225, de 2006, em razão de rejeição de matéria idêntica ao Projeto de Lei nº 7.298, de 2002 e apensados. (Votação nominal, aprovada pela maioria absoluta dos deputados, nos temos do art. 110, do RICD, combinado com art. 67, da Constituição Federal.) Sim: 398; Não: 2; Abst.: 4; Total: 404.";PCdoB;10;0;0
LEI 11466/2007;Câmara;2007-02-14;PL 7225/2006;"Aprovada a Proposta do Senado Federal para que possa tramitar o Projeto de Lei nº 7.225, de 2006, em razão de rejeição de matéria idêntica ao Projeto de Lei nº 7.298, de 2002 e apensados. (Votação nominal, aprovada pela maioria absoluta dos deputados, nos temos do art. 110, do RICD, combinado com art. 67, da Constituição Federal.) Sim: 398; Não: 2; Abst.: 4; Total: 404.";PDT;17;0;0
LEI 11466/2007;Câmara;2007-02-14;PL 7225/2006;"Aprovada a Proposta do Senado Federal para que possa tramitar o Projeto de Lei nº 7.225, de 2006, em razão de rejeição de matéria idêntica ao Projeto de Lei nº 7.298, de 2002 e apensados. (Votação nominal, aprovada pela maioria absoluta dos deputados, nos temos do art. 110, do RICD, combinado com art. 67, da Constituição Federal.) Sim: 398; Não: 2; Abst.: 4; Total: 404.";PFL;53;0;0
LEI 11466/2007;Câmara;2007-02-14;PL 7225/2006;"Aprovada a Proposta do Senado Federal para que possa tramitar o Projeto de Lei nº 7.225, de 2006, em razão de rejeição de matéria idêntica ao Projeto de Lei nº 7.298, de 2002 e apensados. (Votação nominal, aprovada pela maioria absoluta dos deputados, nos temos do art. 110, do RICD, combinado com art. 67, da Constituição Federal.) Sim: 398; Não: 2; Abst.: 4; Total: 404.";PHS;1;0;0
LEI 11466/2007;Câmara;2007-02-14;PL 7225/2006;"Aprovada a Proposta do Senado Federal para que possa tramitar o Projeto de Lei nº 7.225, de 2006, em razão de rejeição de matéria idêntica ao Projeto de Lei nº 7.298, de 2002 e apensados. (Votação nominal, aprovada pela maioria absoluta dos deputados, nos temos do art. 110, do RICD, combinado com art. 67, da Constituição Federal.) Sim: 398; Não: 2; Abst.: 4; Total: 404.";PMDB;71;0;0
LEI 11466/2007;Câmara;2007-02-14;PL 7225/2006;"Aprovada a Proposta do Senado Federal para que possa tramitar o Projeto de Lei nº 7.225, de 2006, em razão de rejeição de matéria idêntica ao Projeto de Lei nº 7.298, de 2002 e apensados. (Votação nominal, aprovada pela maioria absoluta dos deputados, nos temos do art. 110, do RICD, combinado com art. 67, da Constituição Federal.) Sim: 398; Não: 2; Abst.: 4; Total: 404.";PMN;4;0;0
LEI 11466/2007;Câmara;2007-02-14;PL 7225/2006;"Aprovada a Proposta do Senado Federal para que possa tramitar o Projeto de Lei nº 7.225, de 2006, em razão de rejeição de matéria idêntica ao Projeto de Lei nº 7.298, de 2002 e apensados. (Votação nominal, aprovada pela maioria absoluta dos deputados, nos temos do art. 110, do RICD, combinado com art. 67, da Constituição Federal.) Sim: 398; Não: 2; Abst.: 4; Total: 404.";PP;26;0;1
LEI 11466/2007;Câmara;2007-02-14;PL 7225/2006;"Aprovada a Proposta do Senado Federal para que possa tramitar o Projeto de Lei nº 7.225, de 2006, em razão de rejeição de matéria idêntica ao Projeto de Lei nº 7.298, de 2002 e apensados. (Votação nominal, aprovada pela maioria absoluta dos deputados, nos temos do art. 110, do RICD, combinado com art. 67, da Constituição Federal.) Sim: 398; Não: 2; Abst.: 4; Total: 404.";PPS;11;1;0
LEI 11466/2007;Câmara;2007-02-14;PL 7225/2006;"Aprovada a Proposta do Senado Federal para que possa tramitar o Projeto de Lei nº 7.225, de 2006, em razão de rejeição de matéria idêntica ao Projeto de Lei nº 7.298, de 2002 e apensados. (Votação nominal, aprovada pela maioria absoluta dos deputados, nos temos do art. 110, do RICD, combinado com art. 67, da Constituição Federal.) Sim: 398; Não: 2; Abst.: 4; Total: 404.";PR;19;0;0
LEI 11466/2007;Câmara;2007-02-14;PL 7225/2006;"Aprovada a Proposta do Senado Federal para que possa tramitar o Projeto de Lei nº 7.225, de 2006, em razão de rejeição de matéria idêntica ao Projeto de Lei nº 7.298, de 2002 e apensados. (Votação nominal, aprovada pela maioria absoluta dos deputados, nos temos do art. 110, do RICD, combinado com art. 67, da Constituição Federal.) Sim: 398; Não: 2; Abst.: 4; Total: 404.";PRB;1;0;0
LEI 11466/2007;Câmara;2007-02-14;PL 7225/2006;"Aprovada a Proposta do Senado Federal para que possa tramitar o Projeto de Lei nº 7.225, de 2006, em razão de rejeição de matéria idêntica ao Projeto de Lei nº 7.298, de 2002 e apensados. (Votação nominal, aprovada pela maioria absoluta dos deputados, nos temos do art. 110, do RICD, combinado com art. 67, da Constituição Federal.) Sim: 398; Não: 2; Abst.: 4; Total: 404.";PSB;23;0;0
LEI 11466/2007;Câmara;2007-02-14;PL 7225/2006;"Aprovada a Proposta do Senado Federal para que possa tramitar o Projeto de Lei nº 7.225, de 2006, em razão de rejeição de matéria idêntica ao Projeto de Lei nº 7.298, de 2002 e apensados. (Votação nominal, aprovada pela maioria absoluta dos deputados, nos temos do art. 110, do RICD, combinado com art. 67, da Constituição Federal.) Sim: 398; Não: 2; Abst.: 4; Total: 404.";PSC;4;0;0
LEI 11466/2007;Câmara;2007-02-14;PL 7225/2006;"Aprovada a Proposta do Senado Federal para que possa tramitar o Projeto de Lei nº 7.225, de 2006, em razão de rejeição de matéria idêntica ao Projeto de Lei nº 7.298, de 2002 e apensados. (Votação nominal, aprovada pela maioria absoluta dos deputados, nos temos do art. 110, do RICD, combinado com art. 67, da Constituição Federal.) Sim: 398; Não: 2; Abst.: 4; Total: 404.";PSDB;51;1;1
LEI 11466/2007;Câmara;2007-02-14;PL 7225/2006;"Aprovada a Proposta do Senado Federal para que possa tramitar o Projeto de Lei nº 7.225, de 2006, em razão de rejeição de matéria idêntica ao Projeto de Lei nº 7.298, de 2002 e apensados. (Votação nominal, aprovada pela maioria absoluta dos deputados, nos temos do art. 110, do RICD, combinado com art. 67, da Constituição Federal.) Sim: 398; Não: 2; Abst.: 4; Total: 404.";PSOL;1;0;1
LEI 11466/2007;Câmara;2007-02-14;PL 7225/2006;"Aprovada a Proposta do Senado Federal para que possa tramitar o Projeto de Lei nº 7.225, de 2006, em razão de rejeição de matéria idêntica ao Projeto de Lei nº 7.298, de 2002 e apensados. (Votação nominal, aprovada pela maioria absoluta dos deputados, nos temos do art. 110, do RICD, combinado com art. 67, da Constituição Federal.) Sim: 398; Não: 2; Abst.: 4; Total: 404.";PT;67;0;1
LEI 11466/2007;Câmara;2007-02-14;PL 7225/2006;"Aprovada a Proposta do Senado Federal para que possa tramitar o Projeto de Lei nº 7.225, de 2006, em razão de rejeição de matéria idêntica ao Projeto de Lei nº 7.298, de 2002 e apensados. (Votação nominal, aprovada pela maioria absoluta dos deputados, nos temos do art. 110, do RICD, combinado com art. 67, da Constituição Federal.) Sim: 398; Não: 2; Abst.: 4; Total: 404.";PTB;18;0;0
LEI 11466/2007;Câmara;2007-02-14;PL 7225/2006;"Aprovada a Proposta do Senado Federal para que possa tramitar o Projeto de Lei nº 7.225, de 2006, em razão de rejeição de matéria idêntica ao Projeto de Lei nº 7.298, de 2002 e apensados. (Votação nominal, aprovada pela maioria absoluta dos deputados, nos temos do art. 110, do RICD, combinado com art. 67, da Constituição Federal.) Sim: 398; Não: 2; Abst.: 4; Total: 404.";PTC;3;0;0
LEI 11466/2007;Câmara;2007-02-14;PL 7225/2006;"Aprovada a Proposta do Senado Federal para que possa tramitar o Projeto de Lei nº 7.225, de 2006, em razão de rejeição de matéria idêntica ao Projeto de Lei nº 7.298, de 2002 e apensados. (Votação nominal, aprovada pela maioria absoluta dos deputados, nos temos do art. 110, do RICD, combinado com art. 67, da Constituição Federal.) Sim: 398; Não: 2; Abst.: 4; Total: 404.";PTdoB;1;0;0
LEI 11466/2007;Câmara;2007-02-14;PL 7225/2006;"Aprovada a Proposta do Senado Federal para que possa tramitar o Projeto de Lei nº 7.225, de 2006, em razão de rejeição de matéria idêntica ao Projeto de Lei nº 7.298, de 2002 e apensados. (Votação nominal, aprovada pela maioria absoluta dos deputados, nos temos do art. 110, do RICD, combinado com art. 67, da Constituição Federal.) Sim: 398; Não: 2; Abst.: 4; Total: 404.";PV;11;0;0
LEI 11466/2007;Câmara;2007-02-14;PL 7225/2006;"Aprovada a Proposta do Senado Federal para que possa tramitar o Projeto de Lei nº 7.225, de 2006, em razão de rejeição de matéria idêntica ao Projeto de Lei nº 7.298, de 2002 e apensados. (Votação nominal, aprovada pela maioria absoluta dos deputados, nos temos do art. 110, do RICD, combinado com art. 67, da Constituição Federal.) Sim: 398; Não: 2; Abst.: 4; Total: 404.";S.PART.;1;0;0
LEI 12550/2011;Câmara;2011-09-20;PL 1749/2011;"Aprovado o Substitutivo adotado pela Comissão Especial, ressalvados os destaques. Sim: 240; não: 112; abstenção: 4; total: 356.";DEM;2;24;3
LEI 12550/2011;Câmara;2011-09-20;PL 1749/2011;"Aprovado o Substitutivo adotado pela Comissão Especial, ressalvados os destaques. Sim: 240; não: 112; abstenção: 4; total: 356.";PCdoB;7;6;0
LEI 12550/2011;Câmara;2011-09-20;PL 1749/2011;"Aprovado o Substitutivo adotado pela Comissão Especial, ressalvados os destaques. Sim: 240; não: 112; abstenção: 4; total: 356.";PDT;17;4;0
LEI 12550/2011;Câmara;2011-09-20;PL 1749/2011;"Aprovado o Substitutivo adotado pela Comissão Especial, ressalvados os destaques. Sim: 240; não: 112; abstenção: 4; total: 356.";PHS;2;0;0
LEI 12550/2011;Câmara;2011-09-20;PL 1749/2011;"Aprovado o Substitutivo adotado pela Comissão Especial, ressalvados os destaques. Sim: 240; não: 112; abstenção: 4; total: 356.";PMDB;50;3;0
LEI 12550/2011;Câmara;2011-09-20;PL 1749/2011;"Aprovado o Substitutivo adotado pela Comissão Especial, ressalvados os destaques. Sim: 240; não: 112; abstenção: 4; total: 356.";PMN;3;1;0
LEI 12550/2011;Câmara;2011-09-20;PL 1749/2011;"Aprovado o Substitutivo adotado pela Comissão Especial, ressalvados os destaques. Sim: 240; não: 112; abstenção: 4; total: 356.";PP;16;1;0
LEI 12550/2011;Câmara;2011-09-20;PL 1749/2011;"Aprovado o Substitutivo adotado pela Comissão Especial, ressalvados os destaques. Sim: 240; não: 112; abstenção: 4; total: 356.";PPS;3;7;0
LEI 12550/2011;Câmara;2011-09-20;PL 1749/2011;"Aprovado o Substitutivo adotado pela Comissão Especial, ressalvados os destaques. Sim: 240; não: 112; abstenção: 4; total: 356.";PR;23;3;0
LEI 12550/2011;Câmara;2011-09-20;PL 1749/2011;"Aprovado o Substitutivo adotado pela Comissão Especial, ressalvados os destaques. Sim: 240; não: 112; abstenção: 4; total: 356.";PRB;9;1;0
LEI 12550/2011;Câmara;2011-09-20;PL 1749/2011;"Aprovado o Substitutivo adotado pela Comissão Especial, ressalvados os destaques. Sim: 240; não: 112; abstenção: 4; total: 356.";PRP;1;0;0
LEI 12550/2011;Câmara;2011-09-20;PL 1749/2011;"Aprovado o Substitutivo adotado pela Comissão Especial, ressalvados os destaques. Sim: 240; não: 112; abstenção: 4; total: 356.";PRTB;1;0;0
LEI 12550/2011;Câmara;2011-09-20;PL 1749/2011;"Aprovado o Substitutivo adotado pela Comissão Especial, ressalvados os destaques. Sim: 240; não: 112; abstenção: 4; total: 356.";PSB;16;7;2
LEI 12550/2011;Câmara;2011-09-20;PL 1749/2011;"Aprovado o Substitutivo adotado pela Comissão Especial, ressalvados os destaques. Sim: 240; não: 112; abstenção: 4; total: 356.";PSC;9;6;0
LEI 12550/2011;Câmara;2011-09-20;PL 1749/2011;"Aprovado o Substitutivo adotado pela Comissão Especial, ressalvados os destaques. Sim: 240; não: 112; abstenção: 4; total: 356.";PSDB;1;36;0
LEI 12550/2011;Câmara;2011-09-20;PL 1749/2011;"Aprovado o Substitutivo adotado pela Comissão Especial, ressalvados os destaques. Sim: 240; não: 112; abstenção: 4; total: 356.";PSL;2;0;0
LEI 12550/2011;Câmara;2011-09-20;PL 1749/2011;"Aprovado o Substitutivo adotado pela Comissão Especial, ressalvados os destaques. Sim: 240; não: 112; abstenção: 4; total: 356.";PSOL;0;3;0
LEI 12550/2011;Câmara;2011-09-20;PL 1749/2011;"Aprovado o Substitutivo adotado pela Comissão Especial, ressalvados os destaques. Sim: 240; não: 112; abstenção: 4; total: 356.";PT;59;4;1
LEI 12550/2011;Câmara;2011-09-20;PL 1749/2011;"Aprovado o Substitutivo adotado pela Comissão Especial, ressalvados os destaques. Sim: 240; não: 112; abstenção: 4; total: 356.";PTB;10;4;0
LEI 12550/2011;Câmara;2011-09-20;PL 1749/2011;"Aprovado o Substitutivo adotado pela Comissão Especial, ressalvados os destaques. Sim: 240; não: 112; abstenção: 4; total: 356.";PTdoB;1;0;0
LEI 12550/2011;Câmara;2011-09-20;PL 1749/2011;"Aprovado o Substitutivo adotado pela Comissão Especial, ressalvados os destaques. Sim: 240; não: 112; abstenção: 4; total: 356.";PV;8;2;0
LEI 12550/2011;Câmara;2011-09-20;PL 1749/2011;Em votação nominal, o Parecer com Complementação de Voto foi aprovado, com 13 votos favoráveis e 4 contrários. Votaram a favor os Deputados Devanir Ribeiro, Newton Lima, Rogério Carvalho, Danilo Forte, Osmar Terra, Roberto Britto, Dr. Paulo César, Ribamar Alves, Nazareno Fonteles, Geraldo Resende, Darcísio Perondi, Dr. Ubiali e Manato. Votaram contra os Deputados Raimundo Gomes de Matos, João Ananias, Marcus Pestana e Mandetta.;DEM;0;1;0
LEI 12550/2011;Câmara;2011-09-20;PL 1749/2011;Em votação nominal, o Parecer com Complementação de Voto foi aprovado, com 13 votos favoráveis e 4 contrários. Votaram a favor os Deputados Devanir Ribeiro, Newton Lima, Rogério Carvalho, Danilo Forte, Osmar Terra, Roberto Britto, Dr. Paulo César, Ribamar Alves, Nazareno Fonteles, Geraldo Resende, Darcísio Perondi, Dr. Ubiali e Manato. Votaram contra os Deputados Raimundo Gomes de Matos, João Ananias, Marcus Pestana e Mandetta.;PCdoB;0;1;0
LEI 12550/2011;Câmara;2011-09-20;PL 1749/2011;Em votação nominal, o Parecer com Complementação de Voto foi aprovado, com 13 votos favoráveis e 4 contrários. Votaram a favor os Deputados Devanir Ribeiro, Newton Lima, Rogério Carvalho, Danilo Forte, Osmar Terra, Roberto Britto, Dr. Paulo César, Ribamar Alves, Nazareno Fonteles, Geraldo Resende, Darcísio Perondi, Dr. Ubiali e Manato. Votaram contra os Deputados Raimundo Gomes de Matos, João Ananias, Marcus Pestana e Mandetta.;PDT;1;0;0
LEI 12550/2011;Câmara;2011-09-20;PL 1749/2011;Em votação nominal, o Parecer com Complementação de Voto foi aprovado, com 13 votos favoráveis e 4 contrários. Votaram a favor os Deputados Devanir Ribeiro, Newton Lima, Rogério Carvalho, Danilo Forte, Osmar Terra, Roberto Britto, Dr. Paulo César, Ribamar Alves, Nazareno Fonteles, Geraldo Resende, Darcísio Perondi, Dr. Ubiali e Manato. Votaram contra os Deputados Raimundo Gomes de Matos, João Ananias, Marcus Pestana e Mandetta.;PMDB;4;0;0
LEI 12550/2011;Câmara;2011-09-20;PL 1749/2011;Em votação nominal, o Parecer com Complementação de Voto foi aprovado, com 13 votos favoráveis e 4 contrários. Votaram a favor os Deputados Devanir Ribeiro, Newton Lima, Rogério Carvalho, Danilo Forte, Osmar Terra, Roberto Britto, Dr. Paulo César, Ribamar Alves, Nazareno Fonteles, Geraldo Resende, Darcísio Perondi, Dr. Ubiali e Manato. Votaram contra os Deputados Raimundo Gomes de Matos, João Ananias, Marcus Pestana e Mandetta.;PP;1;0;0
LEI 12550/2011;Câmara;2011-09-20;PL 1749/2011;Em votação nominal, o Parecer com Complementação de Voto foi aprovado, com 13 votos favoráveis e 4 contrários. Votaram a favor os Deputados Devanir Ribeiro, Newton Lima, Rogério Carvalho, Danilo Forte, Osmar Terra, Roberto Britto, Dr. Paulo César, Ribamar Alves, Nazareno Fonteles, Geraldo Resende, Darcísio Perondi, Dr. Ubiali e Manato. Votaram contra os Deputados Raimundo Gomes de Matos, João Ananias, Marcus Pestana e Mandetta.;PR;1;0;0
LEI 12550/2011;Câmara;2011-09-20;PL 1749/2011;Em votação nominal, o Parecer com Complementação de Voto foi aprovado, com 13 votos favoráveis e 4 contrários. Votaram a favor os Deputados Devanir Ribeiro, Newton Lima, Rogério Carvalho, Danilo Forte, Osmar Terra, Roberto Britto, Dr. Paulo César, Ribamar Alves, Nazareno Fonteles, Geraldo Resende, Darcísio Perondi, Dr. Ubiali e Manato. Votaram contra os Deputados Raimundo Gomes de Matos, João Ananias, Marcus Pestana e Mandetta.;PSB;2;0;0
LEI 12550/2011;Câmara;2011-09-20;PL 1749/2011;Em votação nominal, o Parecer com Complementação de Voto foi aprovado, com 13 votos favoráveis e 4 contrários. Votaram a favor os Deputados Devanir Ribeiro, Newton Lima, Rogério Carvalho, Danilo Forte, Osmar Terra, Roberto Britto, Dr. Paulo César, Ribamar Alves, Nazareno Fonteles, Geraldo Resende, Darcísio Perondi, Dr. Ubiali e Manato. Votaram contra os Deputados Raimundo Gomes de Matos, João Ananias, Marcus Pestana e Mandetta.;PSDB;0;2;0
LEI 12550/2011;Câmara;2011-09-20;PL 1749/2011;Em votação nominal, o Parecer com Complementação de Voto foi aprovado, com 13 votos favoráveis e 4 contrários. Votaram a favor os Deputados Devanir Ribeiro, Newton Lima, Rogério Carvalho, Danilo Forte, Osmar Terra, Roberto Britto, Dr. Paulo César, Ribamar Alves, Nazareno Fonteles, Geraldo Resende, Darcísio Perondi, Dr. Ubiali e Manato. Votaram contra os Deputados Raimundo Gomes de Matos, João Ananias, Marcus Pestana e Mandetta.;PT;4;0;0
LEI 12550/2011;Senado;2011-11-23;PLC 79/2011;votação do Projeto de Lei da Câmara nº 79, de 2011. Resultado: Aprovado;PDT;2;2;1
LEI 12550/2011;Senado;2011-11-23;PLC 79/2011;votação do Projeto de Lei da Câmara nº 79, de 2011. Resultado: Aprovado;PL;6;0;1
LEI 12550/2011;Senado;2011-11-23;PLC 79/2011;votação do Projeto de Lei da Câmara nº 79, de 2011. Resultado: Aprovado;PSDB;0;9;1
LEI 12550/2011;Senado;2011-11-23;PLC 79/2011;votação do Projeto de Lei da Câmara nº 79, de 2011. Resultado: Aprovado;PP;3;0;2
LEI 12550/2011;Senado;2011-11-23;PLC 79/2011;votação do Projeto de Lei da Câmara nº 79, de 2011. Resultado: Aprovado;PT;11;0;2
LEI 12550/2011;Senado;2011-11-23;PLC 79/2011;votação do Projeto de Lei da Câmara nº 79, de 2011. Resultado: Aprovado;PSB;3;0;0
LEI 12550/2011;Senado;2011-11-23;PLC 79/2011;votação do Projeto de Lei da Câmara nº 79, de 2011. Resultado: Aprovado;PTB;2;0;4
LEI 12550/2011;Senado;2011-11-23;PLC 79/2011;votação do Projeto de Lei da Câmara nº 79, de 2011. Resultado: Aprovado;MDB;12;1;5
LEI 12550/2011;Senado;2011-11-23;PLC 79/2011;votação do Projeto de Lei da Câmara nº 79, de 2011. Resultado: Aprovado;DEM;0;2;3
LEI 12550/2011;Senado;2011-11-23;PLC 79/2011;votação do Projeto de Lei da Câmara nº 79, de 2011. Resultado: Aprovado;PSC;0;1;0
LEI 12550/2011;Senado;2011-11-23;PLC 79/2011;votação do Projeto de Lei da Câmara nº 79, de 2011. Resultado: Aprovado;PCdoB;0;1;1
LEI 12550/2011;Senado;2011-11-23;PLC 79/2011;votação do Projeto de Lei da Câmara nº 79, de 2011. Resultado: Aprovado;PSD;1;0;1
LEI 12550/2011;Senado;2011-11-23;PLC 79/2011;votação do Projeto de Lei da Câmara nº 79, de 2011. Resultado: Aprovado;REPUBLICANOS;1;0;0
LEI 12550/2011;Senado;2011-11-23;PLC 79/2011;votação do Projeto de Lei da Câmara nº 79, de 2011. Resultado: Aprovado;PSOL;1;1;0
LEI 12550/2011;Senado;2011-11-23;PLC 79/2011;votação do Projeto de Lei da Câmara nº 79, de 2011. Resultado: Aprovado;PV;0;1;0
LEI 12720/2012;Câmara;2009-12-16;PL 370/2007;Rejeitado o destaque, contra os votos dos Deputados Francisco Tenorio, Marcelo Melo, Bispo Gê Tenuta, Guilherme Campos e Paes de Lira.;DEM;0;2;0
LEI 12720/2012;Câmara;2009-12-16;PL 370/2007;Rejeitado o destaque, contra os votos dos Deputados Francisco Tenorio, Marcelo Melo, Bispo Gê Tenuta, Guilherme Campos e Paes de Lira.;PCdoB;1;0;0
LEI 12720/2012;Câmara;2009-12-16;PL 370/2007;Rejeitado o destaque, contra os votos dos Deputados Francisco Tenorio, Marcelo Melo, Bispo Gê Tenuta, Guilherme Campos e Paes de Lira.;PMDB;0;1;0
LEI 12720/2012;Câmara;2009-12-16;PL 370/2007;Rejeitado o destaque, contra os votos dos Deputados Francisco Tenorio, Marcelo Melo, Bispo Gê Tenuta, Guilherme Campos e Paes de Lira.;PMN;0;1;0
LEI 12720/2012;Câmara;2009-12-16;PL 370/2007;Rejeitado o destaque, contra os votos dos Deputados Francisco Tenorio, Marcelo Melo, Bispo Gê Tenuta, Guilherme Campos e Paes de Lira.;PPS;1;0;0
LEI 12720/2012;Câmara;2009-12-16;PL 370/2007;Rejeitado o destaque, contra os votos dos Deputados Francisco Tenorio, Marcelo Melo, Bispo Gê Tenuta, Guilherme Campos e Paes de Lira.;PSB;1;0;0
LEI 12720/2012;Câmara;2009-12-16;PL 370/2007;Rejeitado o destaque, contra os votos dos Deputados Francisco Tenorio, Marcelo Melo, Bispo Gê Tenuta, Guilherme Campos e Paes de Lira.;PT;5;0;0
LEI 12720/2012;Câmara;2009-12-16;PL 370/2007;Rejeitado o destaque, contra os votos dos Deputados Francisco Tenorio, Marcelo Melo, Bispo Gê Tenuta, Guilherme Campos e Paes de Lira.;PTC;0;1;0
LEI 12737/2012;Câmara;2012-11-07;PL 2793/2011;"Rejeitado o Requerimento. Sim: 5; não: 263; abstenção: 2; total: 270.";DEM;1;3;10
LEI 12737/2012;Câmara;2012-11-07;PL 2793/2011;"Rejeitado o Requerimento. Sim: 5; não: 263; abstenção: 2; total: 270.";PCdoB;0;9;0
LEI 12737/2012;Câmara;2012-11-07;PL 2793/2011;"Rejeitado o Requerimento. Sim: 5; não: 263; abstenção: 2; total: 270.";PDT;0;6;9
LEI 12737/2012;Câmara;2012-11-07;PL 2793/2011;"Rejeitado o Requerimento. Sim: 5; não: 263; abstenção: 2; total: 270.";PEN;0;1;0
LEI 12737/2012;Câmara;2012-11-07;PL 2793/2011;"Rejeitado o Requerimento. Sim: 5; não: 263; abstenção: 2; total: 270.";PHS;0;1;0
LEI 12737/2012;Câmara;2012-11-07;PL 2793/2011;"Rejeitado o Requerimento. Sim: 5; não: 263; abstenção: 2; total: 270.";PMDB;0;38;0
LEI 12737/2012;Câmara;2012-11-07;PL 2793/2011;"Rejeitado o Requerimento. Sim: 5; não: 263; abstenção: 2; total: 270.";PMN;0;1;0
LEI 12737/2012;Câmara;2012-11-07;PL 2793/2011;"Rejeitado o Requerimento. Sim: 5; não: 263; abstenção: 2; total: 270.";PP;0;20;1
LEI 12737/2012;Câmara;2012-11-07;PL 2793/2011;"Rejeitado o Requerimento. Sim: 5; não: 263; abstenção: 2; total: 270.";PPS;1;6;0
LEI 12737/2012;Câmara;2012-11-07;PL 2793/2011;"Rejeitado o Requerimento. Sim: 5; não: 263; abstenção: 2; total: 270.";PR;1;17;0
LEI 12737/2012;Câmara;2012-11-07;PL 2793/2011;"Rejeitado o Requerimento. Sim: 5; não: 263; abstenção: 2; total: 270.";PRB;0;6;0
LEI 12737/2012;Câmara;2012-11-07;PL 2793/2011;"Rejeitado o Requerimento. Sim: 5; não: 263; abstenção: 2; total: 270.";PRP;0;1;0
LEI 12737/2012;Câmara;2012-11-07;PL 2793/2011;"Rejeitado o Requerimento. Sim: 5; não: 263; abstenção: 2; total: 270.";PRTB;0;1;0
LEI 12737/2012;Câmara;2012-11-07;PL 2793/2011;"Rejeitado o Requerimento. Sim: 5; não: 263; abstenção: 2; total: 270.";PSB;0;15;0
LEI 12737/2012;Câmara;2012-11-07;PL 2793/2011;"Rejeitado o Requerimento. Sim: 5; não: 263; abstenção: 2; total: 270.";PSC;0;10;0
LEI 12737/2012;Câmara;2012-11-07;PL 2793/2011;"Rejeitado o Requerimento. Sim: 5; não: 263; abstenção: 2; total: 270.";PSD;2;32;0
LEI 12737/2012;Câmara;2012-11-07;PL 2793/2011;"Rejeitado o Requerimento. Sim: 5; não: 263; abstenção: 2; total: 270.";PSDB;0;29;0
LEI 12737/2012;Câmara;2012-11-07;PL 2793/2011;"Rejeitado o Requerimento. Sim: 5; não: 263; abstenção: 2; total: 270.";PSL;0;1;0
LEI 12737/2012;Câmara;2012-11-07;PL 2793/2011;"Rejeitado o Requerimento. Sim: 5; não: 263; abstenção: 2; total: 270.";PSOL;0;1;0
LEI 12737/2012;Câmara;2012-11-07;PL 2793/2011;"Rejeitado o Requerimento. Sim: 5; não: 263; abstenção: 2; total: 270.";PT;0;49;0
LEI 12737/2012;Câmara;2012-11-07;PL 2793/2011;"Rejeitado o Requerimento. Sim: 5; não: 263; abstenção: 2; total: 270.";PTB;0;8;0
LEI 12737/2012;Câmara;2012-11-07;PL 2793/2011;"Rejeitado o Requerimento. Sim: 5; não: 263; abstenção: 2; total: 270.";PTdoB;0;1;0
LEI 12737/2012;Câmara;2012-11-07;PL 2793/2011;"Rejeitado o Requerimento. Sim: 5; não: 263; abstenção: 2; total: 270.";PV;0;7;0
LEI 13008/2014;Câmara;2012-06-13;PL 643/2011;"Aprovada a Emenda oferecida pelo Relator da Comissão de Constituição e Justiça e de Cidadania. Sim: 236; não: 22; total: 258.";DEM;10;1;0
LEI 13008/2014;Câmara;2012-06-13;PL 643/2011;"Aprovada a Emenda oferecida pelo Relator da Comissão de Constituição e Justiça e de Cidadania. Sim: 236; não: 22; total: 258.";PCdoB;4;0;0
LEI 13008/2014;Câmara;2012-06-13;PL 643/2011;"Aprovada a Emenda oferecida pelo Relator da Comissão de Constituição e Justiça e de Cidadania. Sim: 236; não: 22; total: 258.";PDT;16;0;0
LEI 13008/2014;Câmara;2012-06-13;PL 643/2011;"Aprovada a Emenda oferecida pelo Relator da Comissão de Constituição e Justiça e de Cidadania. Sim: 236; não: 22; total: 258.";PHS;1;0;0
LEI 13008/2014;Câmara;2012-06-13;PL 643/2011;"Aprovada a Emenda oferecida pelo Relator da Comissão de Constituição e Justiça e de Cidadania. Sim: 236; não: 22; total: 258.";PMDB;39;0;0
LEI 13008/2014;Câmara;2012-06-13;PL 643/2011;"Aprovada a Emenda oferecida pelo Relator da Comissão de Constituição e Justiça e de Cidadania. Sim: 236; não: 22; total: 258.";PMN;1;0;0
LEI 13008/2014;Câmara;2012-06-13;PL 643/2011;"Aprovada a Emenda oferecida pelo Relator da Comissão de Constituição e Justiça e de Cidadania. Sim: 236; não: 22; total: 258.";PP;19;0;0
LEI 13008/2014;Câmara;2012-06-13;PL 643/2011;"Aprovada a Emenda oferecida pelo Relator da Comissão de Constituição e Justiça e de Cidadania. Sim: 236; não: 22; total: 258.";PPS;4;0;0
LEI 13008/2014;Câmara;2012-06-13;PL 643/2011;"Aprovada a Emenda oferecida pelo Relator da Comissão de Constituição e Justiça e de Cidadania. Sim: 236; não: 22; total: 258.";PR;14;0;0
LEI 13008/2014;Câmara;2012-06-13;PL 643/2011;"Aprovada a Emenda oferecida pelo Relator da Comissão de Constituição e Justiça e de Cidadania. Sim: 236; não: 22; total: 258.";PRB;5;0;0
LEI 13008/2014;Câmara;2012-06-13;PL 643/2011;"Aprovada a Emenda oferecida pelo Relator da Comissão de Constituição e Justiça e de Cidadania. Sim: 236; não: 22; total: 258.";PSB;14;1;0
LEI 13008/2014;Câmara;2012-06-13;PL 643/2011;"Aprovada a Emenda oferecida pelo Relator da Comissão de Constituição e Justiça e de Cidadania. Sim: 236; não: 22; total: 258.";PSC;11;0;0
LEI 13008/2014;Câmara;2012-06-13;PL 643/2011;"Aprovada a Emenda oferecida pelo Relator da Comissão de Constituição e Justiça e de Cidadania. Sim: 236; não: 22; total: 258.";PSD;25;0;0
LEI 13008/2014;Câmara;2012-06-13;PL 643/2011;"Aprovada a Emenda oferecida pelo Relator da Comissão de Constituição e Justiça e de Cidadania. Sim: 236; não: 22; total: 258.";PSDB;4;20;0
LEI 13008/2014;Câmara;2012-06-13;PL 643/2011;"Aprovada a Emenda oferecida pelo Relator da Comissão de Constituição e Justiça e de Cidadania. Sim: 236; não: 22; total: 258.";PSOL;2;0;0
LEI 13008/2014;Câmara;2012-06-13;PL 643/2011;"Aprovada a Emenda oferecida pelo Relator da Comissão de Constituição e Justiça e de Cidadania. Sim: 236; não: 22; total: 258.";PT;49;0;0
LEI 13008/2014;Câmara;2012-06-13;PL 643/2011;"Aprovada a Emenda oferecida pelo Relator da Comissão de Constituição e Justiça e de Cidadania. Sim: 236; não: 22; total: 258.";PTB;11;0;0
LEI 13008/2014;Câmara;2012-06-13;PL 643/2011;"Aprovada a Emenda oferecida pelo Relator da Comissão de Constituição e Justiça e de Cidadania. Sim: 236; não: 22; total: 258.";PTdoB;3;0;0
LEI 13008/2014;Câmara;2012-06-13;PL 643/2011;"Aprovada a Emenda oferecida pelo Relator da Comissão de Constituição e Justiça e de Cidadania. Sim: 236; não: 22; total: 258.";PV;4;0;0
LEI 13445/2017;Câmara;2016-12-06;PL 2516/2015;"Mantido o texto. Sim: 207; Não: 83; Abstenção: 1;Total: 291.";DEM;1;17;0
LEI 13445/2017;Câmara;2016-12-06;PL 2516/2015;"Mantido o texto. Sim: 207; Não: 83; Abstenção: 1;Total: 291.";PCdoB;10;0;0
LEI 13445/2017;Câmara;2016-12-06;PL 2516/2015;"Mantido o texto. Sim: 207; Não: 83; Abstenção: 1;Total: 291.";PDT;5;0;0
LEI 13445/2017;Câmara;2016-12-06;PL 2516/2015;"Mantido o texto. Sim: 207; Não: 83; Abstenção: 1;Total: 291.";PEN;0;1;0
LEI 13445/2017;Câmara;2016-12-06;PL 2516/2015;"Mantido o texto. Sim: 207; Não: 83; Abstenção: 1;Total: 291.";PHS;1;1;0
LEI 13445/2017;Câmara;2016-12-06;PL 2516/2015;"Mantido o texto. Sim: 207; Não: 83; Abstenção: 1;Total: 291.";PMB;1;0;0
LEI 13445/2017;Câmara;2016-12-06;PL 2516/2015;"Mantido o texto. Sim: 207; Não: 83; Abstenção: 1;Total: 291.";PMDB;24;11;0
LEI 13445/2017;Câmara;2016-12-06;PL 2516/2015;"Mantido o texto. Sim: 207; Não: 83; Abstenção: 1;Total: 291.";PP;9;21;0
LEI 13445/2017;Câmara;2016-12-06;PL 2516/2015;"Mantido o texto. Sim: 207; Não: 83; Abstenção: 1;Total: 291.";PPS;7;0;0
LEI 13445/2017;Câmara;2016-12-06;PL 2516/2015;"Mantido o texto. Sim: 207; Não: 83; Abstenção: 1;Total: 291.";PR;12;11;0
LEI 13445/2017;Câmara;2016-12-06;PL 2516/2015;"Mantido o texto. Sim: 207; Não: 83; Abstenção: 1;Total: 291.";PRB;6;2;0
LEI 13445/2017;Câmara;2016-12-06;PL 2516/2015;"Mantido o texto. Sim: 207; Não: 83; Abstenção: 1;Total: 291.";PROS;4;1;0
LEI 13445/2017;Câmara;2016-12-06;PL 2516/2015;"Mantido o texto. Sim: 207; Não: 83; Abstenção: 1;Total: 291.";PRP;0;1;0
LEI 13445/2017;Câmara;2016-12-06;PL 2516/2015;"Mantido o texto. Sim: 207; Não: 83; Abstenção: 1;Total: 291.";PSB;17;0;0
LEI 13445/2017;Câmara;2016-12-06;PL 2516/2015;"Mantido o texto. Sim: 207; Não: 83; Abstenção: 1;Total: 291.";PSC;0;4;0
LEI 13445/2017;Câmara;2016-12-06;PL 2516/2015;"Mantido o texto. Sim: 207; Não: 83; Abstenção: 1;Total: 291.";PSD;23;3;0
LEI 13445/2017;Câmara;2016-12-06;PL 2516/2015;"Mantido o texto. Sim: 207; Não: 83; Abstenção: 1;Total: 291.";PSDB;36;0;0
LEI 13445/2017;Câmara;2016-12-06;PL 2516/2015;"Mantido o texto. Sim: 207; Não: 83; Abstenção: 1;Total: 291.";PSL;1;0;1
LEI 13445/2017;Câmara;2016-12-06;PL 2516/2015;"Mantido o texto. Sim: 207; Não: 83; Abstenção: 1;Total: 291.";PSOL;4;0;0
LEI 13445/2017;Câmara;2016-12-06;PL 2516/2015;"Mantido o texto. Sim: 207; Não: 83; Abstenção: 1;Total: 291.";PT;23;0;0
LEI 13445/2017;Câmara;2016-12-06;PL 2516/2015;"Mantido o texto. Sim: 207; Não: 83; Abstenção: 1;Total: 291.";PTB;4;1;0
LEI 13445/2017;Câmara;2016-12-06;PL 2516/2015;"Mantido o texto. Sim: 207; Não: 83; Abstenção: 1;Total: 291.";PTN;8;2;0
LEI 13445/2017;Câmara;2016-12-06;PL 2516/2015;"Mantido o texto. Sim: 207; Não: 83; Abstenção: 1;Total: 291.";PTdoB;3;0;0
LEI 13445/2017;Câmara;2016-12-06;PL 2516/2015;"Mantido o texto. Sim: 207; Não: 83; Abstenção: 1;Total: 291.";PV;1;1;0
LEI 13445/2017;Câmara;2016-12-06;PL 2516/2015;"Mantido o texto. Sim: 207; Não: 83; Abstenção: 1;Total: 291.";REDE;4;0;0
LEI 13445/2017;Câmara;2016-12-06;PL 2516/2015;"Mantido o texto. Sim: 207; Não: 83; Abstenção: 1;Total: 291.";SD;3;6;0
LEI 13606/2018;Câmara;2017-11-29;PL 9206/2017;"Aprovado o Requerimento de Urgência (Art. 155 do RICD). Sim: 325; não: 29; abstenção: 2; total: 356.";AVANTE;3;1;0
LEI 13606/2018;Câmara;2017-11-29;PL 9206/2017;"Aprovado o Requerimento de Urgência (Art. 155 do RICD). Sim: 325; não: 29; abstenção: 2; total: 356.";DEM;17;0;0
LEI 13606/2018;Câmara;2017-11-29;PL 9206/2017;"Aprovado o Requerimento de Urgência (Art. 155 do RICD). Sim: 325; não: 29; abstenção: 2; total: 356.";PCdoB;0;6;0
LEI 13606/2018;Câmara;2017-11-29;PL 9206/2017;"Aprovado o Requerimento de Urgência (Art. 155 do RICD). Sim: 325; não: 29; abstenção: 2; total: 356.";PDT;18;0;0
LEI 13606/2018;Câmara;2017-11-29;PL 9206/2017;"Aprovado o Requerimento de Urgência (Art. 155 do RICD). Sim: 325; não: 29; abstenção: 2; total: 356.";PEN;3;0;0
LEI 13606/2018;Câmara;2017-11-29;PL 9206/2017;"Aprovado o Requerimento de Urgência (Art. 155 do RICD). Sim: 325; não: 29; abstenção: 2; total: 356.";PHS;7;0;0
LEI 13606/2018;Câmara;2017-11-29;PL 9206/2017;"Aprovado o Requerimento de Urgência (Art. 155 do RICD). Sim: 325; não: 29; abstenção: 2; total: 356.";PMDB;39;0;0
LEI 13606/2018;Câmara;2017-11-29;PL 9206/2017;"Aprovado o Requerimento de Urgência (Art. 155 do RICD). Sim: 325; não: 29; abstenção: 2; total: 356.";PODE;12;1;0
LEI 13606/2018;Câmara;2017-11-29;PL 9206/2017;"Aprovado o Requerimento de Urgência (Art. 155 do RICD). Sim: 325; não: 29; abstenção: 2; total: 356.";PP;29;2;1
LEI 13606/2018;Câmara;2017-11-29;PL 9206/2017;"Aprovado o Requerimento de Urgência (Art. 155 do RICD). Sim: 325; não: 29; abstenção: 2; total: 356.";PPS;6;0;0
LEI 13606/2018;Câmara;2017-11-29;PL 9206/2017;"Aprovado o Requerimento de Urgência (Art. 155 do RICD). Sim: 325; não: 29; abstenção: 2; total: 356.";PR;24;4;0
LEI 13606/2018;Câmara;2017-11-29;PL 9206/2017;"Aprovado o Requerimento de Urgência (Art. 155 do RICD). Sim: 325; não: 29; abstenção: 2; total: 356.";PRB;16;0;0
LEI 13606/2018;Câmara;2017-11-29;PL 9206/2017;"Aprovado o Requerimento de Urgência (Art. 155 do RICD). Sim: 325; não: 29; abstenção: 2; total: 356.";PROS;3;0;0
LEI 13606/2018;Câmara;2017-11-29;PL 9206/2017;"Aprovado o Requerimento de Urgência (Art. 155 do RICD). Sim: 325; não: 29; abstenção: 2; total: 356.";PRP;1;0;0
LEI 13606/2018;Câmara;2017-11-29;PL 9206/2017;"Aprovado o Requerimento de Urgência (Art. 155 do RICD). Sim: 325; não: 29; abstenção: 2; total: 356.";PSB;11;3;8
LEI 13606/2018;Câmara;2017-11-29;PL 9206/2017;"Aprovado o Requerimento de Urgência (Art. 155 do RICD). Sim: 325; não: 29; abstenção: 2; total: 356.";PSC;10;0;0
LEI 13606/2018;Câmara;2017-11-29;PL 9206/2017;"Aprovado o Requerimento de Urgência (Art. 155 do RICD). Sim: 325; não: 29; abstenção: 2; total: 356.";PSD;26;0;0
LEI 13606/2018;Câmara;2017-11-29;PL 9206/2017;"Aprovado o Requerimento de Urgência (Art. 155 do RICD). Sim: 325; não: 29; abstenção: 2; total: 356.";PSDB;32;1;0
LEI 13606/2018;Câmara;2017-11-29;PL 9206/2017;"Aprovado o Requerimento de Urgência (Art. 155 do RICD). Sim: 325; não: 29; abstenção: 2; total: 356.";PSL;2;0;0
LEI 13606/2018;Câmara;2017-11-29;PL 9206/2017;"Aprovado o Requerimento de Urgência (Art. 155 do RICD). Sim: 325; não: 29; abstenção: 2; total: 356.";PSOL;0;0;5
LEI 13606/2018;Câmara;2017-11-29;PL 9206/2017;"Aprovado o Requerimento de Urgência (Art. 155 do RICD). Sim: 325; não: 29; abstenção: 2; total: 356.";PT;40;11;0
LEI 13606/2018;Câmara;2017-11-29;PL 9206/2017;"Aprovado o Requerimento de Urgência (Art. 155 do RICD). Sim: 325; não: 29; abstenção: 2; total: 356.";PTB;9;0;1
LEI 13606/2018;Câmara;2017-11-29;PL 9206/2017;"Aprovado o Requerimento de Urgência (Art. 155 do RICD). Sim: 325; não: 29; abstenção: 2; total: 356.";PV;4;0;0
LEI 13606/2018;Câmara;2017-11-29;PL 9206/2017;"Aprovado o Requerimento de Urgência (Art. 155 do RICD). Sim: 325; não: 29; abstenção: 2; total: 356.";REDE;1;0;2
LEI 13606/2018;Câmara;2017-11-29;PL 9206/2017;"Aprovado o Requerimento de Urgência (Art. 155 do RICD). Sim: 325; não: 29; abstenção: 2; total: 356.";S.PART.;3;0;0
LEI 13606/2018;Câmara;2017-11-29;PL 9206/2017;"Aprovado o Requerimento de Urgência (Art. 155 do RICD). Sim: 325; não: 29; abstenção: 2; total: 356.";SD;9;0;0
LEI 13869/2019;Câmara;2019-08-14;PL 7596/2017;"Mantido o texto. Sim: 325; não: 133; abstenção: 1; total: 459.";AVANTE;4;3;0
LEI 13869/2019;Câmara;2019-08-14;PL 7596/2017;"Mantido o texto. Sim: 325; não: 133; abstenção: 1; total: 459.";CIDADANIA;2;6;0
LEI 13869/2019;Câmara;2019-08-14;PL 7596/2017;"Mantido o texto. Sim: 325; não: 133; abstenção: 1; total: 459.";DEM;21;4;0
LEI 13869/2019;Câmara;2019-08-14;PL 7596/2017;"Mantido o texto. Sim: 325; não: 133; abstenção: 1; total: 459.";MDB;27;3;0
LEI 13869/2019;Câmara;2019-08-14;PL 7596/2017;"Mantido o texto. Sim: 325; não: 133; abstenção: 1; total: 459.";NOVO;0;8;0
LEI 13869/2019;Câmara;2019-08-14;PL 7596/2017;"Mantido o texto. Sim: 325; não: 133; abstenção: 1; total: 459.";PATRIOTA;3;2;0
LEI 13869/2019;Câmara;2019-08-14;PL 7596/2017;"Mantido o texto. Sim: 325; não: 133; abstenção: 1; total: 459.";PCdoB;6;0;0
LEI 13869/2019;Câmara;2019-08-14;PL 7596/2017;"Mantido o texto. Sim: 325; não: 133; abstenção: 1; total: 459.";PDT;18;3;0
LEI 13869/2019;Câmara;2019-08-14;PL 7596/2017;"Mantido o texto. Sim: 325; não: 133; abstenção: 1; total: 459.";PL;27;8;0
LEI 13869/2019;Câmara;2019-08-14;PL 7596/2017;"Mantido o texto. Sim: 325; não: 133; abstenção: 1; total: 459.";PMN;0;1;0
LEI 13869/2019;Câmara;2019-08-14;PL 7596/2017;"Mantido o texto. Sim: 325; não: 133; abstenção: 1; total: 459.";PODE;2;8;1
LEI 13869/2019;Câmara;2019-08-14;PL 7596/2017;"Mantido o texto. Sim: 325; não: 133; abstenção: 1; total: 459.";PP;29;5;0
LEI 13869/2019;Câmara;2019-08-14;PL 7596/2017;"Mantido o texto. Sim: 325; não: 133; abstenção: 1; total: 459.";PRB;30;1;0
LEI 13869/2019;Câmara;2019-08-14;PL 7596/2017;"Mantido o texto. Sim: 325; não: 133; abstenção: 1; total: 459.";PROS;6;4;0
LEI 13869/2019;Câmara;2019-08-14;PL 7596/2017;"Mantido o texto. Sim: 325; não: 133; abstenção: 1; total: 459.";PSB;20;8;0
LEI 13869/2019;Câmara;2019-08-14;PL 7596/2017;"Mantido o texto. Sim: 325; não: 133; abstenção: 1; total: 459.";PSC;5;2;0
LEI 13869/2019;Câmara;2019-08-14;PL 7596/2017;"Mantido o texto. Sim: 325; não: 133; abstenção: 1; total: 459.";PSD;24;7;0
LEI 13869/2019;Câmara;2019-08-14;PL 7596/2017;"Mantido o texto. Sim: 325; não: 133; abstenção: 1; total: 459.";PSDB;23;6;0
LEI 13869/2019;Câmara;2019-08-14;PL 7596/2017;"Mantido o texto. Sim: 325; não: 133; abstenção: 1; total: 459.";PSL;0;48;0
LEI 13869/2019;Câmara;2019-08-14;PL 7596/2017;"Mantido o texto. Sim: 325; não: 133; abstenção: 1; total: 459.";PSOL;10;0;0
LEI 13869/2019;Câmara;2019-08-14;PL 7596/2017;"Mantido o texto. Sim: 325; não: 133; abstenção: 1; total: 459.";PT;48;0;0
LEI 13869/2019;Câmara;2019-08-14;PL 7596/2017;"Mantido o texto. Sim: 325; não: 133; abstenção: 1; total: 459.";PTB;7;1;0
LEI 13869/2019;Câmara;2019-08-14;PL 7596/2017;"Mantido o texto. Sim: 325; não: 133; abstenção: 1; total: 459.";PV;1;3;0
LEI 13869/2019;Câmara;2019-08-14;PL 7596/2017;"Mantido o texto. Sim: 325; não: 133; abstenção: 1; total: 459.";REDE;1;0;0
LEI 13869/2019;Câmara;2019-08-14;PL 7596/2017;"Mantido o texto. Sim: 325; não: 133; abstenção: 1; total: 459.";SOLIDARIEDADE;11;2;0
LEI 13869/2019;Câmara;2019-08-14;PL 7596/2017;"Aprovado o Requerimento de Urgência (Art. 155 do RICD). Sim: 342; não: 83; total: 425.";AVANTE;7;0;0
LEI 13869/2019;Câmara;2019-08-14;PL 7596/2017;"Aprovado o Requerimento de Urgência (Art. 155 do RICD). Sim: 342; não: 83; total: 425.";CIDADANIA;1;7;0
LEI 13869/2019;Câmara;2019-08-14;PL 7596/2017;"Aprovado o Requerimento de Urgência (Art. 155 do RICD). Sim: 342; não: 83; total: 425.";DEM;22;0;0
LEI 13869/2019;Câmara;2019-08-14;PL 7596/2017;"Aprovado o Requerimento de Urgência (Art. 155 do RICD). Sim: 342; não: 83; total: 425.";MDB;23;1;0
LEI 13869/2019;Câmara;2019-08-14;PL 7596/2017;"Aprovado o Requerimento de Urgência (Art. 155 do RICD). Sim: 342; não: 83; total: 425.";NOVO;0;8;0
LEI 13869/2019;Câmara;2019-08-14;PL 7596/2017;"Aprovado o Requerimento de Urgência (Art. 155 do RICD). Sim: 342; não: 83; total: 425.";PATRIOTA;1;3;0
LEI 13869/2019;Câmara;2019-08-14;PL 7596/2017;"Aprovado o Requerimento de Urgência (Art. 155 do RICD). Sim: 342; não: 83; total: 425.";PCdoB;8;0;0
LEI 13869/2019;Câmara;2019-08-14;PL 7596/2017;"Aprovado o Requerimento de Urgência (Art. 155 do RICD). Sim: 342; não: 83; total: 425.";PDT;24;2;0
LEI 13869/2019;Câmara;2019-08-14;PL 7596/2017;"Aprovado o Requerimento de Urgência (Art. 155 do RICD). Sim: 342; não: 83; total: 425.";PHS;1;0;0
LEI 13869/2019;Câmara;2019-08-14;PL 7596/2017;"Aprovado o Requerimento de Urgência (Art. 155 do RICD). Sim: 342; não: 83; total: 425.";PL;24;5;0
LEI 13869/2019;Câmara;2019-08-14;PL 7596/2017;"Aprovado o Requerimento de Urgência (Art. 155 do RICD). Sim: 342; não: 83; total: 425.";PMN;0;1;0
LEI 13869/2019;Câmara;2019-08-14;PL 7596/2017;"Aprovado o Requerimento de Urgência (Art. 155 do RICD). Sim: 342; não: 83; total: 425.";PODE;5;5;0
LEI 13869/2019;Câmara;2019-08-14;PL 7596/2017;"Aprovado o Requerimento de Urgência (Art. 155 do RICD). Sim: 342; não: 83; total: 425.";PP;29;1;0
LEI 13869/2019;Câmara;2019-08-14;PL 7596/2017;"Aprovado o Requerimento de Urgência (Art. 155 do RICD). Sim: 342; não: 83; total: 425.";PRB;30;0;0
LEI 13869/2019;Câmara;2019-08-14;PL 7596/2017;"Aprovado o Requerimento de Urgência (Art. 155 do RICD). Sim: 342; não: 83; total: 425.";PROS;8;1;0
LEI 13869/2019;Câmara;2019-08-14;PL 7596/2017;"Aprovado o Requerimento de Urgência (Art. 155 do RICD). Sim: 342; não: 83; total: 425.";PSB;26;2;0
LEI 13869/2019;Câmara;2019-08-14;PL 7596/2017;"Aprovado o Requerimento de Urgência (Art. 155 do RICD). Sim: 342; não: 83; total: 425.";PSC;5;0;0
LEI 13869/2019;Câmara;2019-08-14;PL 7596/2017;"Aprovado o Requerimento de Urgência (Art. 155 do RICD). Sim: 342; não: 83; total: 425.";PSD;24;4;0
LEI 13869/2019;Câmara;2019-08-14;PL 7596/2017;"Aprovado o Requerimento de Urgência (Art. 155 do RICD). Sim: 342; não: 83; total: 425.";PSDB;22;1;0
LEI 13869/2019;Câmara;2019-08-14;PL 7596/2017;"Aprovado o Requerimento de Urgência (Art. 155 do RICD). Sim: 342; não: 83; total: 425.";PSL;4;41;0
LEI 13869/2019;Câmara;2019-08-14;PL 7596/2017;"Aprovado o Requerimento de Urgência (Art. 155 do RICD). Sim: 342; não: 83; total: 425.";PSOL;10;0;0
LEI 13869/2019;Câmara;2019-08-14;PL 7596/2017;"Aprovado o Requerimento de Urgência (Art. 155 do RICD). Sim: 342; não: 83; total: 425.";PT;45;0;0
LEI 13869/2019;Câmara;2019-08-14;PL 7596/2017;"Aprovado o Requerimento de Urgência (Art. 155 do RICD). Sim: 342; não: 83; total: 425.";PTB;8;0;0
LEI 13869/2019;Câmara;2019-08-14;PL 7596/2017;"Aprovado o Requerimento de Urgência (Art. 155 do RICD). Sim: 342; não: 83; total: 425.";PV;2;1;0
LEI 13869/2019;Câmara;2019-08-14;PL 7596/2017;"Aprovado o Requerimento de Urgência (Art. 155 do RICD). Sim: 342; não: 83; total: 425.";REDE;1;0;0
LEI 13869/2019;Câmara;2019-08-14;PL 7596/2017;"Aprovado o Requerimento de Urgência (Art. 155 do RICD). Sim: 342; não: 83; total: 425.";SOLIDARIEDADE;12;0;0
LEI 13869/2019;Senado;2017-04-26;PLS 85/2017;Votação que define os crimes de abuso de autoridade e dá outras providências. Resultado: Aprovado;PDT;1;1;0
LEI 13869/2019;Senado;2017-04-26;PLS 85/2017;Votação que define os crimes de abuso de autoridade e dá outras providências. Resultado: Aprovado;MDB;18;2;2
LEI 13869/2019;Senado;2017-04-26;PLS 85/2017;Votação que define os crimes de abuso de autoridade e dá outras providências. Resultado: Aprovado;PV;0;1;0
LEI 13869/2019;Senado;2017-04-26;PLS 85/2017;Votação que define os crimes de abuso de autoridade e dá outras providências. Resultado: Aprovado;PP;4;2;1
LEI 13869/2019;Senado;2017-04-26;PLS 85/2017;Votação que define os crimes de abuso de autoridade e dá outras providências. Resultado: Aprovado;PSDB;8;3;0
LEI 13869/2019;Senado;2017-04-26;PLS 85/2017;Votação que define os crimes de abuso de autoridade e dá outras providências. Resultado: Aprovado;PSB;5;2;0
LEI 13869/2019;Senado;2017-04-26;PLS 85/2017;Votação que define os crimes de abuso de autoridade e dá outras providências. Resultado: Aprovado;PTB;1;1;0
LEI 13869/2019;Senado;2017-04-26;PLS 85/2017;Votação que define os crimes de abuso de autoridade e dá outras providências. Resultado: Aprovado;PL;2;1;1
LEI 13869/2019;Senado;2017-04-26;PLS 85/2017;Votação que define os crimes de abuso de autoridade e dá outras providências. Resultado: Aprovado;CIDADANIA;0;1;0
LEI 13869/2019;Senado;2017-04-26;PLS 85/2017;Votação que define os crimes de abuso de autoridade e dá outras providências. Resultado: Aprovado;DEM;3;0;1
LEI 13869/2019;Senado;2017-04-26;PLS 85/2017;Votação que define os crimes de abuso de autoridade e dá outras providências. Resultado: Aprovado;REPUBLICANOS;1;0;0
LEI 13869/2019;Senado;2017-04-26;PLS 85/2017;Votação que define os crimes de abuso de autoridade e dá outras providências. Resultado: Aprovado;PTC;1;0;0
LEI 13869/2019;Senado;2017-04-26;PLS 85/2017;Votação que define os crimes de abuso de autoridade e dá outras providências. Resultado: Aprovado;PT;7;1;1
LEI 13869/2019;Senado;2017-04-26;PLS 85/2017;Votação que define os crimes de abuso de autoridade e dá outras providências. Resultado: Aprovado;PSD;2;1;2
LEI 13869/2019;Senado;2017-04-26;PLS 85/2017;Votação que define os crimes de abuso de autoridade e dá outras providências. Resultado: Aprovado;PSC;0;1;0
LEI 13869/2019;Senado;2017-04-26;PLS 85/2017;Votação que define os crimes de abuso de autoridade e dá outras providências. Resultado: Aprovado;REDE;0;1;0
LEI 13869/2019;Senado;2017-04-26;PLS 85/2017;Votação que define os crimes de abuso de autoridade e dá outras providências. Resultado: Aprovado;S/Partido;0;1;0
LEI 13869/2019;Senado;2017-04-26;PLS 85/2017;Votação que define os crimes de abuso de autoridade e dá outras providências. Resultado: Aprovado;PCdoB;1;0;0
LEI 13964/2019;Câmara;2019-12-04;PL 10372/2018;"Mantido o texto. Sim 256; não 147; abstenção 1; total 404.";AVANTE;6;1;0
LEI 13964/2019;Câmara;2019-12-04;PL 10372/2018;"Mantido o texto. Sim 256; não 147; abstenção 1; total 404.";CIDADANIA;0;7;0
LEI 13964/2019;Câmara;2019-12-04;PL 10372/2018;"Mantido o texto. Sim 256; não 147; abstenção 1; total 404.";DEM;12;10;0
LEI 13964/2019;Câmara;2019-12-04;PL 10372/2018;"Mantido o texto. Sim 256; não 147; abstenção 1; total 404.";MDB;18;6;0
LEI 13964/2019;Câmara;2019-12-04;PL 10372/2018;"Mantido o texto. Sim 256; não 147; abstenção 1; total 404.";NOVO;0;8;0
LEI 13964/2019;Câmara;2019-12-04;PL 10372/2018;"Mantido o texto. Sim 256; não 147; abstenção 1; total 404.";PATRIOTA;2;2;0
LEI 13964/2019;Câmara;2019-12-04;PL 10372/2018;"Mantido o texto. Sim 256; não 147; abstenção 1; total 404.";PCdoB;7;0;0
LEI 13964/2019;Câmara;2019-12-04;PL 10372/2018;"Mantido o texto. Sim 256; não 147; abstenção 1; total 404.";PDT;22;1;0
LEI 13964/2019;Câmara;2019-12-04;PL 10372/2018;"Mantido o texto. Sim 256; não 147; abstenção 1; total 404.";PL;20;8;0
LEI 13964/2019;Câmara;2019-12-04;PL 10372/2018;"Mantido o texto. Sim 256; não 147; abstenção 1; total 404.";PMN;0;1;0
LEI 13964/2019;Câmara;2019-12-04;PL 10372/2018;"Mantido o texto. Sim 256; não 147; abstenção 1; total 404.";PODE;0;7;0
LEI 13964/2019;Câmara;2019-12-04;PL 10372/2018;"Mantido o texto. Sim 256; não 147; abstenção 1; total 404.";PP;27;5;0
LEI 13964/2019;Câmara;2019-12-04;PL 10372/2018;"Mantido o texto. Sim 256; não 147; abstenção 1; total 404.";PROS;3;5;0
LEI 13964/2019;Câmara;2019-12-04;PL 10372/2018;"Mantido o texto. Sim 256; não 147; abstenção 1; total 404.";PSB;22;5;0
LEI 13964/2019;Câmara;2019-12-04;PL 10372/2018;"Mantido o texto. Sim 256; não 147; abstenção 1; total 404.";PSC;2;3;0
LEI 13964/2019;Câmara;2019-12-04;PL 10372/2018;"Mantido o texto. Sim 256; não 147; abstenção 1; total 404.";PSD;21;9;1
LEI 13964/2019;Câmara;2019-12-04;PL 10372/2018;"Mantido o texto. Sim 256; não 147; abstenção 1; total 404.";PSDB;3;21;0
LEI 13964/2019;Câmara;2019-12-04;PL 10372/2018;"Mantido o texto. Sim 256; não 147; abstenção 1; total 404.";PSL;0;41;0
LEI 13964/2019;Câmara;2019-12-04;PL 10372/2018;"Mantido o texto. Sim 256; não 147; abstenção 1; total 404.";PSOL;9;0;0
LEI 13964/2019;Câmara;2019-12-04;PL 10372/2018;"Mantido o texto. Sim 256; não 147; abstenção 1; total 404.";PT;41;0;0
LEI 13964/2019;Câmara;2019-12-04;PL 10372/2018;"Mantido o texto. Sim 256; não 147; abstenção 1; total 404.";PTB;6;5;0
LEI 13964/2019;Câmara;2019-12-04;PL 10372/2018;"Mantido o texto. Sim 256; não 147; abstenção 1; total 404.";PV;3;0;0
LEI 13964/2019;Câmara;2019-12-04;PL 10372/2018;"Mantido o texto. Sim 256; não 147; abstenção 1; total 404.";REDE;1;0;0
LEI 13964/2019;Câmara;2019-12-04;PL 10372/2018;"Mantido o texto. Sim 256; não 147; abstenção 1; total 404.";REPUBLICANOS;23;0;0
LEI 13964/2019;Câmara;2019-12-04;PL 10372/2018;"Mantido o texto. Sim 256; não 147; abstenção 1; total 404.";SOLIDARIEDADE;8;2;0
LEI 13964/2019;Câmara;2019-12-04;PL 10372/2018;"Aprovado o Substitutivo ao Projeto de Lei 10.372, de 2018, adotado pelo Relator da Comissão Especial, ressalvado o destaque. Sim 408; não 9; abstenção 2; total 419.";AVANTE;8;0;0
LEI 13964/2019;Câmara;2019-12-04;PL 10372/2018;"Aprovado o Substitutivo ao Projeto de Lei 10.372, de 2018, adotado pelo Relator da Comissão Especial, ressalvado o destaque. Sim 408; não 9; abstenção 2; total 419.";CIDADANIA;8;0;0
LEI 13964/2019;Câmara;2019-12-04;PL 10372/2018;"Aprovado o Substitutivo ao Projeto de Lei 10.372, de 2018, adotado pelo Relator da Comissão Especial, ressalvado o destaque. Sim 408; não 9; abstenção 2; total 419.";DEM;26;0;0
LEI 13964/2019;Câmara;2019-12-04;PL 10372/2018;"Aprovado o Substitutivo ao Projeto de Lei 10.372, de 2018, adotado pelo Relator da Comissão Especial, ressalvado o destaque. Sim 408; não 9; abstenção 2; total 419.";MDB;26;0;0
LEI 13964/2019;Câmara;2019-12-04;PL 10372/2018;"Aprovado o Substitutivo ao Projeto de Lei 10.372, de 2018, adotado pelo Relator da Comissão Especial, ressalvado o destaque. Sim 408; não 9; abstenção 2; total 419.";NOVO;8;0;0
LEI 13964/2019;Câmara;2019-12-04;PL 10372/2018;"Aprovado o Substitutivo ao Projeto de Lei 10.372, de 2018, adotado pelo Relator da Comissão Especial, ressalvado o destaque. Sim 408; não 9; abstenção 2; total 419.";PATRIOTA;4;0;0
LEI 13964/2019;Câmara;2019-12-04;PL 10372/2018;"Aprovado o Substitutivo ao Projeto de Lei 10.372, de 2018, adotado pelo Relator da Comissão Especial, ressalvado o destaque. Sim 408; não 9; abstenção 2; total 419.";PCdoB;5;0;0
LEI 13964/2019;Câmara;2019-12-04;PL 10372/2018;"Aprovado o Substitutivo ao Projeto de Lei 10.372, de 2018, adotado pelo Relator da Comissão Especial, ressalvado o destaque. Sim 408; não 9; abstenção 2; total 419.";PDT;24;0;0
LEI 13964/2019;Câmara;2019-12-04;PL 10372/2018;"Aprovado o Substitutivo ao Projeto de Lei 10.372, de 2018, adotado pelo Relator da Comissão Especial, ressalvado o destaque. Sim 408; não 9; abstenção 2; total 419.";PL;28;0;0
LEI 13964/2019;Câmara;2019-12-04;PL 10372/2018;"Aprovado o Substitutivo ao Projeto de Lei 10.372, de 2018, adotado pelo Relator da Comissão Especial, ressalvado o destaque. Sim 408; não 9; abstenção 2; total 419.";PMN;1;0;0
LEI 13964/2019;Câmara;2019-12-04;PL 10372/2018;"Aprovado o Substitutivo ao Projeto de Lei 10.372, de 2018, adotado pelo Relator da Comissão Especial, ressalvado o destaque. Sim 408; não 9; abstenção 2; total 419.";PODE;7;0;0
LEI 13964/2019;Câmara;2019-12-04;PL 10372/2018;"Aprovado o Substitutivo ao Projeto de Lei 10.372, de 2018, adotado pelo Relator da Comissão Especial, ressalvado o destaque. Sim 408; não 9; abstenção 2; total 419.";PP;27;0;0
LEI 13964/2019;Câmara;2019-12-04;PL 10372/2018;"Aprovado o Substitutivo ao Projeto de Lei 10.372, de 2018, adotado pelo Relator da Comissão Especial, ressalvado o destaque. Sim 408; não 9; abstenção 2; total 419.";PROS;8;0;0
LEI 13964/2019;Câmara;2019-12-04;PL 10372/2018;"Aprovado o Substitutivo ao Projeto de Lei 10.372, de 2018, adotado pelo Relator da Comissão Especial, ressalvado o destaque. Sim 408; não 9; abstenção 2; total 419.";PSB;28;0;0
LEI 13964/2019;Câmara;2019-12-04;PL 10372/2018;"Aprovado o Substitutivo ao Projeto de Lei 10.372, de 2018, adotado pelo Relator da Comissão Especial, ressalvado o destaque. Sim 408; não 9; abstenção 2; total 419.";PSC;5;0;0
LEI 13964/2019;Câmara;2019-12-04;PL 10372/2018;"Aprovado o Substitutivo ao Projeto de Lei 10.372, de 2018, adotado pelo Relator da Comissão Especial, ressalvado o destaque. Sim 408; não 9; abstenção 2; total 419.";PSD;34;0;0
LEI 13964/2019;Câmara;2019-12-04;PL 10372/2018;"Aprovado o Substitutivo ao Projeto de Lei 10.372, de 2018, adotado pelo Relator da Comissão Especial, ressalvado o destaque. Sim 408; não 9; abstenção 2; total 419.";PSDB;27;0;0
LEI 13964/2019;Câmara;2019-12-04;PL 10372/2018;"Aprovado o Substitutivo ao Projeto de Lei 10.372, de 2018, adotado pelo Relator da Comissão Especial, ressalvado o destaque. Sim 408; não 9; abstenção 2; total 419.";PSL;44;0;0
LEI 13964/2019;Câmara;2019-12-04;PL 10372/2018;"Aprovado o Substitutivo ao Projeto de Lei 10.372, de 2018, adotado pelo Relator da Comissão Especial, ressalvado o destaque. Sim 408; não 9; abstenção 2; total 419.";PSOL;3;6;0
LEI 13964/2019;Câmara;2019-12-04;PL 10372/2018;"Aprovado o Substitutivo ao Projeto de Lei 10.372, de 2018, adotado pelo Relator da Comissão Especial, ressalvado o destaque. Sim 408; não 9; abstenção 2; total 419.";PT;38;3;2
LEI 13964/2019;Câmara;2019-12-04;PL 10372/2018;"Aprovado o Substitutivo ao Projeto de Lei 10.372, de 2018, adotado pelo Relator da Comissão Especial, ressalvado o destaque. Sim 408; não 9; abstenção 2; total 419.";PTB;10;0;0
LEI 13964/2019;Câmara;2019-12-04;PL 10372/2018;"Aprovado o Substitutivo ao Projeto de Lei 10.372, de 2018, adotado pelo Relator da Comissão Especial, ressalvado o destaque. Sim 408; não 9; abstenção 2; total 419.";PV;3;0;0
LEI 13964/2019;Câmara;2019-12-04;PL 10372/2018;"Aprovado o Substitutivo ao Projeto de Lei 10.372, de 2018, adotado pelo Relator da Comissão Especial, ressalvado o destaque. Sim 408; não 9; abstenção 2; total 419.";REDE;1;0;0
LEI 13964/2019;Câmara;2019-12-04;PL 10372/2018;"Aprovado o Substitutivo ao Projeto de Lei 10.372, de 2018, adotado pelo Relator da Comissão Especial, ressalvado o destaque. Sim 408; não 9; abstenção 2; total 419.";REPUBLICANOS;23;0;0
LEI 13964/2019;Câmara;2019-12-04;PL 10372/2018;"Aprovado o Substitutivo ao Projeto de Lei 10.372, de 2018, adotado pelo Relator da Comissão Especial, ressalvado o destaque. Sim 408; não 9; abstenção 2; total 419.";SOLIDARIEDADE;12;0;0
LEI 13964/2019;Câmara;2019-12-04;PL 10372/2018;"Aprovado o Requerimento de Urgência (Art. 155 do RICD). Sim 359; não 9; abstenção 1; total 369.";AVANTE;8;0;0
LEI 13964/2019;Câmara;2019-12-04;PL 10372/2018;"Aprovado o Requerimento de Urgência (Art. 155 do RICD). Sim 359; não 9; abstenção 1; total 369.";CIDADANIA;7;0;0
LEI 13964/2019;Câmara;2019-12-04;PL 10372/2018;"Aprovado o Requerimento de Urgência (Art. 155 do RICD). Sim 359; não 9; abstenção 1; total 369.";DEM;19;0;0
LEI 13964/2019;Câmara;2019-12-04;PL 10372/2018;"Aprovado o Requerimento de Urgência (Art. 155 do RICD). Sim 359; não 9; abstenção 1; total 369.";MDB;22;0;0
LEI 13964/2019;Câmara;2019-12-04;PL 10372/2018;"Aprovado o Requerimento de Urgência (Art. 155 do RICD). Sim 359; não 9; abstenção 1; total 369.";NOVO;7;0;0
LEI 13964/2019;Câmara;2019-12-04;PL 10372/2018;"Aprovado o Requerimento de Urgência (Art. 155 do RICD). Sim 359; não 9; abstenção 1; total 369.";PATRIOTA;3;0;0
LEI 13964/2019;Câmara;2019-12-04;PL 10372/2018;"Aprovado o Requerimento de Urgência (Art. 155 do RICD). Sim 359; não 9; abstenção 1; total 369.";PCdoB;7;0;0
LEI 13964/2019;Câmara;2019-12-04;PL 10372/2018;"Aprovado o Requerimento de Urgência (Art. 155 do RICD). Sim 359; não 9; abstenção 1; total 369.";PDT;25;0;0
LEI 13964/2019;Câmara;2019-12-04;PL 10372/2018;"Aprovado o Requerimento de Urgência (Art. 155 do RICD). Sim 359; não 9; abstenção 1; total 369.";PL;28;0;0
LEI 13964/2019;Câmara;2019-12-04;PL 10372/2018;"Aprovado o Requerimento de Urgência (Art. 155 do RICD). Sim 359; não 9; abstenção 1; total 369.";PMN;1;0;0
LEI 13964/2019;Câmara;2019-12-04;PL 10372/2018;"Aprovado o Requerimento de Urgência (Art. 155 do RICD). Sim 359; não 9; abstenção 1; total 369.";PODE;4;0;0
LEI 13964/2019;Câmara;2019-12-04;PL 10372/2018;"Aprovado o Requerimento de Urgência (Art. 155 do RICD). Sim 359; não 9; abstenção 1; total 369.";PP;28;0;0
LEI 13964/2019;Câmara;2019-12-04;PL 10372/2018;"Aprovado o Requerimento de Urgência (Art. 155 do RICD). Sim 359; não 9; abstenção 1; total 369.";PROS;6;0;0
LEI 13964/2019;Câmara;2019-12-04;PL 10372/2018;"Aprovado o Requerimento de Urgência (Art. 155 do RICD). Sim 359; não 9; abstenção 1; total 369.";PSB;24;0;0
LEI 13964/2019;Câmara;2019-12-04;PL 10372/2018;"Aprovado o Requerimento de Urgência (Art. 155 do RICD). Sim 359; não 9; abstenção 1; total 369.";PSC;5;0;0
LEI 13964/2019;Câmara;2019-12-04;PL 10372/2018;"Aprovado o Requerimento de Urgência (Art. 155 do RICD). Sim 359; não 9; abstenção 1; total 369.";PSD;31;0;0
LEI 13964/2019;Câmara;2019-12-04;PL 10372/2018;"Aprovado o Requerimento de Urgência (Art. 155 do RICD). Sim 359; não 9; abstenção 1; total 369.";PSDB;26;0;0
LEI 13964/2019;Câmara;2019-12-04;PL 10372/2018;"Aprovado o Requerimento de Urgência (Art. 155 do RICD). Sim 359; não 9; abstenção 1; total 369.";PSL;37;0;1
LEI 13964/2019;Câmara;2019-12-04;PL 10372/2018;"Aprovado o Requerimento de Urgência (Art. 155 do RICD). Sim 359; não 9; abstenção 1; total 369.";PSOL;0;9;0
LEI 13964/2019;Câmara;2019-12-04;PL 10372/2018;"Aprovado o Requerimento de Urgência (Art. 155 do RICD). Sim 359; não 9; abstenção 1; total 369.";PT;33;0;0
LEI 13964/2019;Câmara;2019-12-04;PL 10372/2018;"Aprovado o Requerimento de Urgência (Art. 155 do RICD). Sim 359; não 9; abstenção 1; total 369.";PTB;8;0;0
LEI 13964/2019;Câmara;2019-12-04;PL 10372/2018;"Aprovado o Requerimento de Urgência (Art. 155 do RICD). Sim 359; não 9; abstenção 1; total 369.";PV;2;0;0
LEI 13964/2019;Câmara;2019-12-04;PL 10372/2018;"Aprovado o Requerimento de Urgência (Art. 155 do RICD). Sim 359; não 9; abstenção 1; total 369.";REDE;1;0;0
LEI 13964/2019;Câmara;2019-12-04;PL 10372/2018;"Aprovado o Requerimento de Urgência (Art. 155 do RICD). Sim 359; não 9; abstenção 1; total 369.";REPUBLICANOS;18;0;0
LEI 13964/2019;Câmara;2019-12-04;PL 10372/2018;"Aprovado o Requerimento de Urgência (Art. 155 do RICD). Sim 359; não 9; abstenção 1; total 369.";SOLIDARIEDADE;9;0;0
LEI 14110/2020;Câmara;2020-07-29;PL 2810/2020;"Aprovado o Requerimento. Sim: 300; não: 10; abstenção: 1; total: 311.";AVANTE;3;0;0
LEI 14110/2020;Câmara;2020-07-29;PL 2810/2020;"Aprovado o Requerimento. Sim: 300; não: 10; abstenção: 1; total: 311.";CIDADANIA;5;0;0
LEI 14110/2020;Câmara;2020-07-29;PL 2810/2020;"Aprovado o Requerimento. Sim: 300; não: 10; abstenção: 1; total: 311.";DEM;12;0;0
LEI 14110/2020;Câmara;2020-07-29;PL 2810/2020;"Aprovado o Requerimento. Sim: 300; não: 10; abstenção: 1; total: 311.";MDB;17;0;0
LEI 14110/2020;Câmara;2020-07-29;PL 2810/2020;"Aprovado o Requerimento. Sim: 300; não: 10; abstenção: 1; total: 311.";NOVO;7;0;0
LEI 14110/2020;Câmara;2020-07-29;PL 2810/2020;"Aprovado o Requerimento. Sim: 300; não: 10; abstenção: 1; total: 311.";PATRIOTA;4;0;0
LEI 14110/2020;Câmara;2020-07-29;PL 2810/2020;"Aprovado o Requerimento. Sim: 300; não: 10; abstenção: 1; total: 311.";PCdoB;2;0;0
LEI 14110/2020;Câmara;2020-07-29;PL 2810/2020;"Aprovado o Requerimento. Sim: 300; não: 10; abstenção: 1; total: 311.";PDT;18;0;0
LEI 14110/2020;Câmara;2020-07-29;PL 2810/2020;"Aprovado o Requerimento. Sim: 300; não: 10; abstenção: 1; total: 311.";PL;21;0;0
LEI 14110/2020;Câmara;2020-07-29;PL 2810/2020;"Aprovado o Requerimento. Sim: 300; não: 10; abstenção: 1; total: 311.";PODE;4;0;0
LEI 14110/2020;Câmara;2020-07-29;PL 2810/2020;"Aprovado o Requerimento. Sim: 300; não: 10; abstenção: 1; total: 311.";PP;24;0;0
LEI 14110/2020;Câmara;2020-07-29;PL 2810/2020;"Aprovado o Requerimento. Sim: 300; não: 10; abstenção: 1; total: 311.";PROS;8;0;0
LEI 14110/2020;Câmara;2020-07-29;PL 2810/2020;"Aprovado o Requerimento. Sim: 300; não: 10; abstenção: 1; total: 311.";PSB;19;1;0
LEI 14110/2020;Câmara;2020-07-29;PL 2810/2020;"Aprovado o Requerimento. Sim: 300; não: 10; abstenção: 1; total: 311.";PSC;2;0;0
LEI 14110/2020;Câmara;2020-07-29;PL 2810/2020;"Aprovado o Requerimento. Sim: 300; não: 10; abstenção: 1; total: 311.";PSD;20;0;0
LEI 14110/2020;Câmara;2020-07-29;PL 2810/2020;"Aprovado o Requerimento. Sim: 300; não: 10; abstenção: 1; total: 311.";PSDB;19;0;0
LEI 14110/2020;Câmara;2020-07-29;PL 2810/2020;"Aprovado o Requerimento. Sim: 300; não: 10; abstenção: 1; total: 311.";PSL;39;0;0
LEI 14110/2020;Câmara;2020-07-29;PL 2810/2020;"Aprovado o Requerimento. Sim: 300; não: 10; abstenção: 1; total: 311.";PSOL;0;8;0
LEI 14110/2020;Câmara;2020-07-29;PL 2810/2020;"Aprovado o Requerimento. Sim: 300; não: 10; abstenção: 1; total: 311.";PT;36;1;1
LEI 14110/2020;Câmara;2020-07-29;PL 2810/2020;"Aprovado o Requerimento. Sim: 300; não: 10; abstenção: 1; total: 311.";PTB;5;0;0
LEI 14110/2020;Câmara;2020-07-29;PL 2810/2020;"Aprovado o Requerimento. Sim: 300; não: 10; abstenção: 1; total: 311.";PV;3;0;0
LEI 14110/2020;Câmara;2020-07-29;PL 2810/2020;"Aprovado o Requerimento. Sim: 300; não: 10; abstenção: 1; total: 311.";REDE;1;0;0
LEI 14110/2020;Câmara;2020-07-29;PL 2810/2020;"Aprovado o Requerimento. Sim: 300; não: 10; abstenção: 1; total: 311.";REPUBLICANOS;20;0;0
LEI 14110/2020;Câmara;2020-07-29;PL 2810/2020;"Aprovado o Requerimento. Sim: 300; não: 10; abstenção: 1; total: 311.";SOLIDARIEDADE;11;0;0
LEI 14110/2020;Câmara;2020-08-04;PL 2810/2020;"Rejeitado o Requerimento. Sim: 12; não: 412; total: 424.";AVANTE;0;2;0
LEI 14110/2020;Câmara;2020-08-04;PL 2810/2020;"Rejeitado o Requerimento. Sim: 12; não: 412; total: 424.";CIDADANIA;1;7;0
LEI 14110/2020;Câmara;2020-08-04;PL 2810/2020;"Rejeitado o Requerimento. Sim: 12; não: 412; total: 424.";DEM;1;25;0
LEI 14110/2020;Câmara;2020-08-04;PL 2810/2020;"Rejeitado o Requerimento. Sim: 12; não: 412; total: 424.";MDB;0;26;0
LEI 14110/2020;Câmara;2020-08-04;PL 2810/2020;"Rejeitado o Requerimento. Sim: 12; não: 412; total: 424.";NOVO;8;0;0
LEI 14110/2020;Câmara;2020-08-04;PL 2810/2020;"Rejeitado o Requerimento. Sim: 12; não: 412; total: 424.";PATRIOTA;1;2;0
LEI 14110/2020;Câmara;2020-08-04;PL 2810/2020;"Rejeitado o Requerimento. Sim: 12; não: 412; total: 424.";PCdoB;0;7;0
LEI 14110/2020;Câmara;2020-08-04;PL 2810/2020;"Rejeitado o Requerimento. Sim: 12; não: 412; total: 424.";PDT;0;25;0
LEI 14110/2020;Câmara;2020-08-04;PL 2810/2020;"Rejeitado o Requerimento. Sim: 12; não: 412; total: 424.";PL;0;33;0
LEI 14110/2020;Câmara;2020-08-04;PL 2810/2020;"Rejeitado o Requerimento. Sim: 12; não: 412; total: 424.";PODE;0;10;0
LEI 14110/2020;Câmara;2020-08-04;PL 2810/2020;"Rejeitado o Requerimento. Sim: 12; não: 412; total: 424.";PP;0;29;0
LEI 14110/2020;Câmara;2020-08-04;PL 2810/2020;"Rejeitado o Requerimento. Sim: 12; não: 412; total: 424.";PROS;0;10;0
LEI 14110/2020;Câmara;2020-08-04;PL 2810/2020;"Rejeitado o Requerimento. Sim: 12; não: 412; total: 424.";PSB;0;28;0
LEI 14110/2020;Câmara;2020-08-04;PL 2810/2020;"Rejeitado o Requerimento. Sim: 12; não: 412; total: 424.";PSC;0;8;0
LEI 14110/2020;Câmara;2020-08-04;PL 2810/2020;"Rejeitado o Requerimento. Sim: 12; não: 412; total: 424.";PSD;0;30;0
LEI 14110/2020;Câmara;2020-08-04;PL 2810/2020;"Rejeitado o Requerimento. Sim: 12; não: 412; total: 424.";PSDB;1;22;0
LEI 14110/2020;Câmara;2020-08-04;PL 2810/2020;"Rejeitado o Requerimento. Sim: 12; não: 412; total: 424.";PSL;0;47;0
LEI 14110/2020;Câmara;2020-08-04;PL 2810/2020;"Rejeitado o Requerimento. Sim: 12; não: 412; total: 424.";PT;0;49;0
LEI 14110/2020;Câmara;2020-08-04;PL 2810/2020;"Rejeitado o Requerimento. Sim: 12; não: 412; total: 424.";PTB;0;8;0
LEI 14110/2020;Câmara;2020-08-04;PL 2810/2020;"Rejeitado o Requerimento. Sim: 12; não: 412; total: 424.";PV;0;3;0
LEI 14110/2020;Câmara;2020-08-04;PL 2810/2020;"Rejeitado o Requerimento. Sim: 12; não: 412; total: 424.";REDE;0;1;0
LEI 14110/2020;Câmara;2020-08-04;PL 2810/2020;"Rejeitado o Requerimento. Sim: 12; não: 412; total: 424.";REPUBLICANOS;0;27;0
LEI 14110/2020;Câmara;2020-08-04;PL 2810/2020;"Rejeitado o Requerimento. Sim: 12; não: 412; total: 424.";SOLIDARIEDADE;0;13;0
LEI 14155/2021;Câmara;2021-03-03;PL 4554/2020;"Aprovado o Requerimento de Urgência (Art. 155 do RICD). Sim: 354; não: 83; total: 437.";AVANTE;8;0;0
LEI 14155/2021;Câmara;2021-03-03;PL 4554/2020;"Aprovado o Requerimento de Urgência (Art. 155 do RICD). Sim: 354; não: 83; total: 437.";CIDADANIA;7;0;0
LEI 14155/2021;Câmara;2021-03-03;PL 4554/2020;"Aprovado o Requerimento de Urgência (Art. 155 do RICD). Sim: 354; não: 83; total: 437.";DEM;14;0;0
LEI 14155/2021;Câmara;2021-03-03;PL 4554/2020;"Aprovado o Requerimento de Urgência (Art. 155 do RICD). Sim: 354; não: 83; total: 437.";MDB;26;0;0
LEI 14155/2021;Câmara;2021-03-03;PL 4554/2020;"Aprovado o Requerimento de Urgência (Art. 155 do RICD). Sim: 354; não: 83; total: 437.";NOVO;8;0;0
LEI 14155/2021;Câmara;2021-03-03;PL 4554/2020;"Aprovado o Requerimento de Urgência (Art. 155 do RICD). Sim: 354; não: 83; total: 437.";PATRIOTA;4;0;0
LEI 14155/2021;Câmara;2021-03-03;PL 4554/2020;"Aprovado o Requerimento de Urgência (Art. 155 do RICD). Sim: 354; não: 83; total: 437.";PCdoB;2;5;0
LEI 14155/2021;Câmara;2021-03-03;PL 4554/2020;"Aprovado o Requerimento de Urgência (Art. 155 do RICD). Sim: 354; não: 83; total: 437.";PDT;23;0;0
LEI 14155/2021;Câmara;2021-03-03;PL 4554/2020;"Aprovado o Requerimento de Urgência (Art. 155 do RICD). Sim: 354; não: 83; total: 437.";PL;35;0;0
LEI 14155/2021;Câmara;2021-03-03;PL 4554/2020;"Aprovado o Requerimento de Urgência (Art. 155 do RICD). Sim: 354; não: 83; total: 437.";PODE;9;1;0
LEI 14155/2021;Câmara;2021-03-03;PL 4554/2020;"Aprovado o Requerimento de Urgência (Art. 155 do RICD). Sim: 354; não: 83; total: 437.";PP;32;0;0
LEI 14155/2021;Câmara;2021-03-03;PL 4554/2020;"Aprovado o Requerimento de Urgência (Art. 155 do RICD). Sim: 354; não: 83; total: 437.";PROS;9;0;0
LEI 14155/2021;Câmara;2021-03-03;PL 4554/2020;"Aprovado o Requerimento de Urgência (Art. 155 do RICD). Sim: 354; não: 83; total: 437.";PSB;9;18;0
LEI 14155/2021;Câmara;2021-03-03;PL 4554/2020;"Aprovado o Requerimento de Urgência (Art. 155 do RICD). Sim: 354; não: 83; total: 437.";PSC;10;0;0
LEI 14155/2021;Câmara;2021-03-03;PL 4554/2020;"Aprovado o Requerimento de Urgência (Art. 155 do RICD). Sim: 354; não: 83; total: 437.";PSD;30;0;0
LEI 14155/2021;Câmara;2021-03-03;PL 4554/2020;"Aprovado o Requerimento de Urgência (Art. 155 do RICD). Sim: 354; não: 83; total: 437.";PSDB;31;0;0
LEI 14155/2021;Câmara;2021-03-03;PL 4554/2020;"Aprovado o Requerimento de Urgência (Art. 155 do RICD). Sim: 354; não: 83; total: 437.";PSL;45;0;0
LEI 14155/2021;Câmara;2021-03-03;PL 4554/2020;"Aprovado o Requerimento de Urgência (Art. 155 do RICD). Sim: 354; não: 83; total: 437.";PSOL;0;10;0
LEI 14155/2021;Câmara;2021-03-03;PL 4554/2020;"Aprovado o Requerimento de Urgência (Art. 155 do RICD). Sim: 354; não: 83; total: 437.";PT;1;48;0
LEI 14155/2021;Câmara;2021-03-03;PL 4554/2020;"Aprovado o Requerimento de Urgência (Art. 155 do RICD). Sim: 354; não: 83; total: 437.";PTB;10;0;0
LEI 14155/2021;Câmara;2021-03-03;PL 4554/2020;"Aprovado o Requerimento de Urgência (Art. 155 do RICD). Sim: 354; não: 83; total: 437.";PV;4;0;0
LEI 14155/2021;Câmara;2021-03-03;PL 4554/2020;"Aprovado o Requerimento de Urgência (Art. 155 do RICD). Sim: 354; não: 83; total: 437.";REDE;0;1;0
LEI 14155/2021;Câmara;2021-03-03;PL 4554/2020;"Aprovado o Requerimento de Urgência (Art. 155 do RICD). Sim: 354; não: 83; total: 437.";REPUBLICANOS;28;0;0
LEI 14155/2021;Câmara;2021-03-03;PL 4554/2020;"Aprovado o Requerimento de Urgência (Art. 155 do RICD). Sim: 354; não: 83; total: 437.";SOLIDARIEDADE;9;0;0
LEI 14188/2021;Câmara;2021-03-18;PL 741/2021;"Aprovado o Requerimento de Urgência (Art. 155 do RICD). Sim: 364; não: 57; abstenção: 1; total: 422.";AVANTE;8;0;0
LEI 14188/2021;Câmara;2021-03-18;PL 741/2021;"Aprovado o Requerimento de Urgência (Art. 155 do RICD). Sim: 364; não: 57; abstenção: 1; total: 422.";CIDADANIA;7;0;0
LEI 14188/2021;Câmara;2021-03-18;PL 741/2021;"Aprovado o Requerimento de Urgência (Art. 155 do RICD). Sim: 364; não: 57; abstenção: 1; total: 422.";DEM;21;0;0
LEI 14188/2021;Câmara;2021-03-18;PL 741/2021;"Aprovado o Requerimento de Urgência (Art. 155 do RICD). Sim: 364; não: 57; abstenção: 1; total: 422.";MDB;26;0;0
LEI 14188/2021;Câmara;2021-03-18;PL 741/2021;"Aprovado o Requerimento de Urgência (Art. 155 do RICD). Sim: 364; não: 57; abstenção: 1; total: 422.";NOVO;7;0;0
LEI 14188/2021;Câmara;2021-03-18;PL 741/2021;"Aprovado o Requerimento de Urgência (Art. 155 do RICD). Sim: 364; não: 57; abstenção: 1; total: 422.";PATRIOTA;6;0;0
LEI 14188/2021;Câmara;2021-03-18;PL 741/2021;"Aprovado o Requerimento de Urgência (Art. 155 do RICD). Sim: 364; não: 57; abstenção: 1; total: 422.";PCdoB;6;0;0
LEI 14188/2021;Câmara;2021-03-18;PL 741/2021;"Aprovado o Requerimento de Urgência (Art. 155 do RICD). Sim: 364; não: 57; abstenção: 1; total: 422.";PDT;22;1;0
LEI 14188/2021;Câmara;2021-03-18;PL 741/2021;"Aprovado o Requerimento de Urgência (Art. 155 do RICD). Sim: 364; não: 57; abstenção: 1; total: 422.";PL;32;0;0
LEI 14188/2021;Câmara;2021-03-18;PL 741/2021;"Aprovado o Requerimento de Urgência (Art. 155 do RICD). Sim: 364; não: 57; abstenção: 1; total: 422.";PODE;8;1;0
LEI 14188/2021;Câmara;2021-03-18;PL 741/2021;"Aprovado o Requerimento de Urgência (Art. 155 do RICD). Sim: 364; não: 57; abstenção: 1; total: 422.";PP;28;0;0
LEI 14188/2021;Câmara;2021-03-18;PL 741/2021;"Aprovado o Requerimento de Urgência (Art. 155 do RICD). Sim: 364; não: 57; abstenção: 1; total: 422.";PROS;9;0;0
LEI 14188/2021;Câmara;2021-03-18;PL 741/2021;"Aprovado o Requerimento de Urgência (Art. 155 do RICD). Sim: 364; não: 57; abstenção: 1; total: 422.";PSB;26;0;0
LEI 14188/2021;Câmara;2021-03-18;PL 741/2021;"Aprovado o Requerimento de Urgência (Art. 155 do RICD). Sim: 364; não: 57; abstenção: 1; total: 422.";PSC;8;0;0
LEI 14188/2021;Câmara;2021-03-18;PL 741/2021;"Aprovado o Requerimento de Urgência (Art. 155 do RICD). Sim: 364; não: 57; abstenção: 1; total: 422.";PSD;29;0;0
LEI 14188/2021;Câmara;2021-03-18;PL 741/2021;"Aprovado o Requerimento de Urgência (Art. 155 do RICD). Sim: 364; não: 57; abstenção: 1; total: 422.";PSDB;28;0;0
LEI 14188/2021;Câmara;2021-03-18;PL 741/2021;"Aprovado o Requerimento de Urgência (Art. 155 do RICD). Sim: 364; não: 57; abstenção: 1; total: 422.";PSL;41;1;1
LEI 14188/2021;Câmara;2021-03-18;PL 741/2021;"Aprovado o Requerimento de Urgência (Art. 155 do RICD). Sim: 364; não: 57; abstenção: 1; total: 422.";PSOL;0;8;0
LEI 14188/2021;Câmara;2021-03-18;PL 741/2021;"Aprovado o Requerimento de Urgência (Art. 155 do RICD). Sim: 364; não: 57; abstenção: 1; total: 422.";PT;0;45;0
LEI 14188/2021;Câmara;2021-03-18;PL 741/2021;"Aprovado o Requerimento de Urgência (Art. 155 do RICD). Sim: 364; não: 57; abstenção: 1; total: 422.";PTB;9;0;0
LEI 14188/2021;Câmara;2021-03-18;PL 741/2021;"Aprovado o Requerimento de Urgência (Art. 155 do RICD). Sim: 364; não: 57; abstenção: 1; total: 422.";PV;2;1;0
LEI 14188/2021;Câmara;2021-03-18;PL 741/2021;"Aprovado o Requerimento de Urgência (Art. 155 do RICD). Sim: 364; não: 57; abstenção: 1; total: 422.";REDE;1;0;0
LEI 14188/2021;Câmara;2021-03-18;PL 741/2021;"Aprovado o Requerimento de Urgência (Art. 155 do RICD). Sim: 364; não: 57; abstenção: 1; total: 422.";REPUBLICANOS;29;0;0
LEI 14188/2021;Câmara;2021-03-18;PL 741/2021;"Aprovado o Requerimento de Urgência (Art. 155 do RICD). Sim: 364; não: 57; abstenção: 1; total: 422.";SOLIDARIEDADE;11;0;0
LEI 14188/2021;Senado;2021-07-01;PL 741/2021;Votação nominal do Projeto de Lei nº 741, de 2021, nos termos do Parecer. Resultado: Aprovado;PDT;1;0;2
LEI 14188/2021;Senado;2021-07-01;PL 741/2021;Votação nominal do Projeto de Lei nº 741, de 2021, nos termos do Parecer. Resultado: Aprovado;CIDADANIA;2;0;0
LEI 14188/2021;Senado;2021-07-01;PL 741/2021;Votação nominal do Projeto de Lei nº 741, de 2021, nos termos do Parecer. Resultado: Aprovado;PODEMOS;9;0;0
LEI 14188/2021;Senado;2021-07-01;PL 741/2021;Votação nominal do Projeto de Lei nº 741, de 2021, nos termos do Parecer. Resultado: Aprovado;PSD;10;0;1
LEI 14188/2021;Senado;2021-07-01;PL 741/2021;Votação nominal do Projeto de Lei nº 741, de 2021, nos termos do Parecer. Resultado: Aprovado;PL;4;0;0
LEI 14188/2021;Senado;2021-07-01;PL 741/2021;Votação nominal do Projeto de Lei nº 741, de 2021, nos termos do Parecer. Resultado: Aprovado;DEM;5;0;1
LEI 14188/2021;Senado;2021-07-01;PL 741/2021;Votação nominal do Projeto de Lei nº 741, de 2021, nos termos do Parecer. Resultado: Aprovado;PP;6;0;1
LEI 14188/2021;Senado;2021-07-01;PL 741/2021;Votação nominal do Projeto de Lei nº 741, de 2021, nos termos do Parecer. Resultado: Aprovado;MDB;9;0;6
LEI 14188/2021;Senado;2021-07-01;PL 741/2021;Votação nominal do Projeto de Lei nº 741, de 2021, nos termos do Parecer. Resultado: Aprovado;REDE;2;0;0
LEI 14188/2021;Senado;2021-07-01;PL 741/2021;Votação nominal do Projeto de Lei nº 741, de 2021, nos termos do Parecer. Resultado: Aprovado;PROS;2;0;1
LEI 14188/2021;Senado;2021-07-01;PL 741/2021;Votação nominal do Projeto de Lei nº 741, de 2021, nos termos do Parecer. Resultado: Aprovado;PATRIOTA;1;0;0
LEI 14188/2021;Senado;2021-07-01;PL 741/2021;Votação nominal do Projeto de Lei nº 741, de 2021, nos termos do Parecer. Resultado: Aprovado;PSL;2;0;0
LEI 14188/2021;Senado;2021-07-01;PL 741/2021;Votação nominal do Projeto de Lei nº 741, de 2021, nos termos do Parecer. Resultado: Aprovado;PT;6;0;0
LEI 14188/2021;Senado;2021-07-01;PL 741/2021;Votação nominal do Projeto de Lei nº 741, de 2021, nos termos do Parecer. Resultado: Aprovado;PSDB;7;0;0
LEI 14188/2021;Senado;2021-07-01;PL 741/2021;Votação nominal do Projeto de Lei nº 741, de 2021, nos termos do Parecer. Resultado: Aprovado;PSB;1;0;0
LEI 14188/2021;Senado;2021-07-01;PL 741/2021;Votação nominal do Projeto de Lei nº 741, de 2021, nos termos do Parecer. Resultado: Aprovado;REPUBLICANOS;1;0;0
LEI 14188/2021;Senado;2021-07-01;PL 741/2021;Votação nominal do Projeto de Lei nº 741, de 2021, nos termos do Parecer. Resultado: Aprovado;PSC;1;0;0
LEI 14197/2021;Câmara;2021-05-04;PL 2462/1991;"Rejeitada a Emenda de Plenário nº 3. Sim: 53; não: 364; abstenção: 1; total: 418.";AVANTE;0;6;0
LEI 14197/2021;Câmara;2021-05-04;PL 2462/1991;"Rejeitada a Emenda de Plenário nº 3. Sim: 53; não: 364; abstenção: 1; total: 418.";CIDADANIA;0;6;0
LEI 14197/2021;Câmara;2021-05-04;PL 2462/1991;"Rejeitada a Emenda de Plenário nº 3. Sim: 53; não: 364; abstenção: 1; total: 418.";DEM;1;21;0
LEI 14197/2021;Câmara;2021-05-04;PL 2462/1991;"Rejeitada a Emenda de Plenário nº 3. Sim: 53; não: 364; abstenção: 1; total: 418.";MDB;0;28;0
LEI 14197/2021;Câmara;2021-05-04;PL 2462/1991;"Rejeitada a Emenda de Plenário nº 3. Sim: 53; não: 364; abstenção: 1; total: 418.";NOVO;0;8;0
LEI 14197/2021;Câmara;2021-05-04;PL 2462/1991;"Rejeitada a Emenda de Plenário nº 3. Sim: 53; não: 364; abstenção: 1; total: 418.";PATRIOTA;1;3;0
LEI 14197/2021;Câmara;2021-05-04;PL 2462/1991;"Rejeitada a Emenda de Plenário nº 3. Sim: 53; não: 364; abstenção: 1; total: 418.";PCdoB;0;7;0
LEI 14197/2021;Câmara;2021-05-04;PL 2462/1991;"Rejeitada a Emenda de Plenário nº 3. Sim: 53; não: 364; abstenção: 1; total: 418.";PDT;2;21;0
LEI 14197/2021;Câmara;2021-05-04;PL 2462/1991;"Rejeitada a Emenda de Plenário nº 3. Sim: 53; não: 364; abstenção: 1; total: 418.";PL;1;34;0
LEI 14197/2021;Câmara;2021-05-04;PL 2462/1991;"Rejeitada a Emenda de Plenário nº 3. Sim: 53; não: 364; abstenção: 1; total: 418.";PODE;0;8;0
LEI 14197/2021;Câmara;2021-05-04;PL 2462/1991;"Rejeitada a Emenda de Plenário nº 3. Sim: 53; não: 364; abstenção: 1; total: 418.";PP;1;31;0
LEI 14197/2021;Câmara;2021-05-04;PL 2462/1991;"Rejeitada a Emenda de Plenário nº 3. Sim: 53; não: 364; abstenção: 1; total: 418.";PROS;0;6;0
LEI 14197/2021;Câmara;2021-05-04;PL 2462/1991;"Rejeitada a Emenda de Plenário nº 3. Sim: 53; não: 364; abstenção: 1; total: 418.";PSB;1;23;0
LEI 14197/2021;Câmara;2021-05-04;PL 2462/1991;"Rejeitada a Emenda de Plenário nº 3. Sim: 53; não: 364; abstenção: 1; total: 418.";PSC;2;5;0
LEI 14197/2021;Câmara;2021-05-04;PL 2462/1991;"Rejeitada a Emenda de Plenário nº 3. Sim: 53; não: 364; abstenção: 1; total: 418.";PSD;3;21;0
LEI 14197/2021;Câmara;2021-05-04;PL 2462/1991;"Rejeitada a Emenda de Plenário nº 3. Sim: 53; não: 364; abstenção: 1; total: 418.";PSDB;0;27;0
LEI 14197/2021;Câmara;2021-05-04;PL 2462/1991;"Rejeitada a Emenda de Plenário nº 3. Sim: 53; não: 364; abstenção: 1; total: 418.";PSL;40;5;1
LEI 14197/2021;Câmara;2021-05-04;PL 2462/1991;"Rejeitada a Emenda de Plenário nº 3. Sim: 53; não: 364; abstenção: 1; total: 418.";PSOL;0;9;0
LEI 14197/2021;Câmara;2021-05-04;PL 2462/1991;"Rejeitada a Emenda de Plenário nº 3. Sim: 53; não: 364; abstenção: 1; total: 418.";PT;0;52;0
LEI 14197/2021;Câmara;2021-05-04;PL 2462/1991;"Rejeitada a Emenda de Plenário nº 3. Sim: 53; não: 364; abstenção: 1; total: 418.";PTB;0;7;0
LEI 14197/2021;Câmara;2021-05-04;PL 2462/1991;"Rejeitada a Emenda de Plenário nº 3. Sim: 53; não: 364; abstenção: 1; total: 418.";PV;0;4;0
LEI 14197/2021;Câmara;2021-05-04;PL 2462/1991;"Rejeitada a Emenda de Plenário nº 3. Sim: 53; não: 364; abstenção: 1; total: 418.";REDE;0;1;0
LEI 14197/2021;Câmara;2021-05-04;PL 2462/1991;"Rejeitada a Emenda de Plenário nº 3. Sim: 53; não: 364; abstenção: 1; total: 418.";REPUBLICANOS;0;22;0
LEI 14197/2021;Câmara;2021-05-04;PL 2462/1991;"Rejeitada a Emenda de Plenário nº 3. Sim: 53; não: 364; abstenção: 1; total: 418.";SOLIDARIEDADE;1;9;0
LEI 14197/2021;Câmara;2021-05-04;PL 2462/1991;"Rejeitada a Emenda de Plenário nº 2. Sim 63; não: 383; abstenção: 1; total: 447.";AVANTE;1;5;0
LEI 14197/2021;Câmara;2021-05-04;PL 2462/1991;"Rejeitada a Emenda de Plenário nº 2. Sim 63; não: 383; abstenção: 1; total: 447.";CIDADANIA;0;6;0
LEI 14197/2021;Câmara;2021-05-04;PL 2462/1991;"Rejeitada a Emenda de Plenário nº 2. Sim 63; não: 383; abstenção: 1; total: 447.";DEM;2;23;0
LEI 14197/2021;Câmara;2021-05-04;PL 2462/1991;"Rejeitada a Emenda de Plenário nº 2. Sim 63; não: 383; abstenção: 1; total: 447.";MDB;1;26;0
LEI 14197/2021;Câmara;2021-05-04;PL 2462/1991;"Rejeitada a Emenda de Plenário nº 2. Sim 63; não: 383; abstenção: 1; total: 447.";NOVO;0;8;0
LEI 14197/2021;Câmara;2021-05-04;PL 2462/1991;"Rejeitada a Emenda de Plenário nº 2. Sim 63; não: 383; abstenção: 1; total: 447.";PATRIOTA;0;4;0
LEI 14197/2021;Câmara;2021-05-04;PL 2462/1991;"Rejeitada a Emenda de Plenário nº 2. Sim 63; não: 383; abstenção: 1; total: 447.";PCdoB;1;6;0
LEI 14197/2021;Câmara;2021-05-04;PL 2462/1991;"Rejeitada a Emenda de Plenário nº 2. Sim 63; não: 383; abstenção: 1; total: 447.";PDT;0;24;0
LEI 14197/2021;Câmara;2021-05-04;PL 2462/1991;"Rejeitada a Emenda de Plenário nº 2. Sim 63; não: 383; abstenção: 1; total: 447.";PL;2;34;0
LEI 14197/2021;Câmara;2021-05-04;PL 2462/1991;"Rejeitada a Emenda de Plenário nº 2. Sim 63; não: 383; abstenção: 1; total: 447.";PODE;1;8;0
LEI 14197/2021;Câmara;2021-05-04;PL 2462/1991;"Rejeitada a Emenda de Plenário nº 2. Sim 63; não: 383; abstenção: 1; total: 447.";PP;2;30;0
LEI 14197/2021;Câmara;2021-05-04;PL 2462/1991;"Rejeitada a Emenda de Plenário nº 2. Sim 63; não: 383; abstenção: 1; total: 447.";PROS;3;7;0
LEI 14197/2021;Câmara;2021-05-04;PL 2462/1991;"Rejeitada a Emenda de Plenário nº 2. Sim 63; não: 383; abstenção: 1; total: 447.";PSB;0;27;0
LEI 14197/2021;Câmara;2021-05-04;PL 2462/1991;"Rejeitada a Emenda de Plenário nº 2. Sim 63; não: 383; abstenção: 1; total: 447.";PSC;4;5;0
LEI 14197/2021;Câmara;2021-05-04;PL 2462/1991;"Rejeitada a Emenda de Plenário nº 2. Sim 63; não: 383; abstenção: 1; total: 447.";PSD;2;23;0
LEI 14197/2021;Câmara;2021-05-04;PL 2462/1991;"Rejeitada a Emenda de Plenário nº 2. Sim 63; não: 383; abstenção: 1; total: 447.";PSDB;0;29;0
LEI 14197/2021;Câmara;2021-05-04;PL 2462/1991;"Rejeitada a Emenda de Plenário nº 2. Sim 63; não: 383; abstenção: 1; total: 447.";PSL;41;7;1
LEI 14197/2021;Câmara;2021-05-04;PL 2462/1991;"Rejeitada a Emenda de Plenário nº 2. Sim 63; não: 383; abstenção: 1; total: 447.";PSOL;0;9;0
LEI 14197/2021;Câmara;2021-05-04;PL 2462/1991;"Rejeitada a Emenda de Plenário nº 2. Sim 63; não: 383; abstenção: 1; total: 447.";PT;0;52;0
LEI 14197/2021;Câmara;2021-05-04;PL 2462/1991;"Rejeitada a Emenda de Plenário nº 2. Sim 63; não: 383; abstenção: 1; total: 447.";PTB;0;9;0
LEI 14197/2021;Câmara;2021-05-04;PL 2462/1991;"Rejeitada a Emenda de Plenário nº 2. Sim 63; não: 383; abstenção: 1; total: 447.";PV;0;4;0
LEI 14197/2021;Câmara;2021-05-04;PL 2462/1991;"Rejeitada a Emenda de Plenário nº 2. Sim 63; não: 383; abstenção: 1; total: 447.";REDE;0;1;0
LEI 14197/2021;Câmara;2021-05-04;PL 2462/1991;"Rejeitada a Emenda de Plenário nº 2. Sim 63; não: 383; abstenção: 1; total: 447.";REPUBLICANOS;2;24;0
LEI 14197/2021;Câmara;2021-05-04;PL 2462/1991;"Rejeitada a Emenda de Plenário nº 2. Sim 63; não: 383; abstenção: 1; total: 447.";SOLIDARIEDADE;1;12;0
LEI 14197/2021;Câmara;2021-05-04;PL 2462/1991;"Mantido o texto. Sim: 390; não: 52; total: 442.";AVANTE;7;0;0
LEI 14197/2021;Câmara;2021-05-04;PL 2462/1991;"Mantido o texto. Sim: 390; não: 52; total: 442.";CIDADANIA;5;0;0
LEI 14197/2021;Câmara;2021-05-04;PL 2462/1991;"Mantido o texto. Sim: 390; não: 52; total: 442.";DEM;19;1;0
LEI 14197/2021;Câmara;2021-05-04;PL 2462/1991;"Mantido o texto. Sim: 390; não: 52; total: 442.";MDB;30;1;0
LEI 14197/2021;Câmara;2021-05-04;PL 2462/1991;"Mantido o texto. Sim: 390; não: 52; total: 442.";NOVO;7;0;0
LEI 14197/2021;Câmara;2021-05-04;PL 2462/1991;"Mantido o texto. Sim: 390; não: 52; total: 442.";PATRIOTA;4;1;0
LEI 14197/2021;Câmara;2021-05-04;PL 2462/1991;"Mantido o texto. Sim: 390; não: 52; total: 442.";PCdoB;7;0;0
LEI 14197/2021;Câmara;2021-05-04;PL 2462/1991;"Mantido o texto. Sim: 390; não: 52; total: 442.";PDT;25;0;0
LEI 14197/2021;Câmara;2021-05-04;PL 2462/1991;"Mantido o texto. Sim: 390; não: 52; total: 442.";PL;31;2;0
LEI 14197/2021;Câmara;2021-05-04;PL 2462/1991;"Mantido o texto. Sim: 390; não: 52; total: 442.";PODE;10;0;0
LEI 14197/2021;Câmara;2021-05-04;PL 2462/1991;"Mantido o texto. Sim: 390; não: 52; total: 442.";PP;33;1;0
LEI 14197/2021;Câmara;2021-05-04;PL 2462/1991;"Mantido o texto. Sim: 390; não: 52; total: 442.";PROS;7;0;0
LEI 14197/2021;Câmara;2021-05-04;PL 2462/1991;"Mantido o texto. Sim: 390; não: 52; total: 442.";PSB;28;0;0
LEI 14197/2021;Câmara;2021-05-04;PL 2462/1991;"Mantido o texto. Sim: 390; não: 52; total: 442.";PSC;7;3;0
LEI 14197/2021;Câmara;2021-05-04;PL 2462/1991;"Mantido o texto. Sim: 390; não: 52; total: 442.";PSD;27;2;0
LEI 14197/2021;Câmara;2021-05-04;PL 2462/1991;"Mantido o texto. Sim: 390; não: 52; total: 442.";PSDB;27;0;0
LEI 14197/2021;Câmara;2021-05-04;PL 2462/1991;"Mantido o texto. Sim: 390; não: 52; total: 442.";PSL;7;41;0
LEI 14197/2021;Câmara;2021-05-04;PL 2462/1991;"Mantido o texto. Sim: 390; não: 52; total: 442.";PSOL;8;0;0
LEI 14197/2021;Câmara;2021-05-04;PL 2462/1991;"Mantido o texto. Sim: 390; não: 52; total: 442.";PT;50;0;0
LEI 14197/2021;Câmara;2021-05-04;PL 2462/1991;"Mantido o texto. Sim: 390; não: 52; total: 442.";PTB;9;0;0
LEI 14197/2021;Câmara;2021-05-04;PL 2462/1991;"Mantido o texto. Sim: 390; não: 52; total: 442.";PV;4;0;0
LEI 14197/2021;Câmara;2021-05-04;PL 2462/1991;"Mantido o texto. Sim: 390; não: 52; total: 442.";REDE;1;0;0
LEI 14197/2021;Câmara;2021-05-04;PL 2462/1991;"Mantido o texto. Sim: 390; não: 52; total: 442.";REPUBLICANOS;27;0;0
LEI 14197/2021;Câmara;2021-05-04;PL 2462/1991;"Mantido o texto. Sim: 390; não: 52; total: 442.";SOLIDARIEDADE;10;0;0
LEI 14197/2021;Câmara;2021-05-04;PL 2462/1991;"Mantido o texto. Sim: 343; não: 75; abstenção: 1; total: 419.";AVANTE;7;1;0
LEI 14197/2021;Câmara;2021-05-04;PL 2462/1991;"Mantido o texto. Sim: 343; não: 75; abstenção: 1; total: 419.";CIDADANIA;5;1;0
LEI 14197/2021;Câmara;2021-05-04;PL 2462/1991;"Mantido o texto. Sim: 343; não: 75; abstenção: 1; total: 419.";DEM;22;3;0
LEI 14197/2021;Câmara;2021-05-04;PL 2462/1991;"Mantido o texto. Sim: 343; não: 75; abstenção: 1; total: 419.";MDB;24;1;0
LEI 14197/2021;Câmara;2021-05-04;PL 2462/1991;"Mantido o texto. Sim: 343; não: 75; abstenção: 1; total: 419.";NOVO;0;7;0
LEI 14197/2021;Câmara;2021-05-04;PL 2462/1991;"Mantido o texto. Sim: 343; não: 75; abstenção: 1; total: 419.";PATRIOTA;3;1;0
LEI 14197/2021;Câmara;2021-05-04;PL 2462/1991;"Mantido o texto. Sim: 343; não: 75; abstenção: 1; total: 419.";PCdoB;7;0;0
LEI 14197/2021;Câmara;2021-05-04;PL 2462/1991;"Mantido o texto. Sim: 343; não: 75; abstenção: 1; total: 419.";PDT;25;0;0
LEI 14197/2021;Câmara;2021-05-04;PL 2462/1991;"Mantido o texto. Sim: 343; não: 75; abstenção: 1; total: 419.";PL;34;1;0
LEI 14197/2021;Câmara;2021-05-04;PL 2462/1991;"Mantido o texto. Sim: 343; não: 75; abstenção: 1; total: 419.";PODE;8;2;0
LEI 14197/2021;Câmara;2021-05-04;PL 2462/1991;"Mantido o texto. Sim: 343; não: 75; abstenção: 1; total: 419.";PP;30;2;0
LEI 14197/2021;Câmara;2021-05-04;PL 2462/1991;"Mantido o texto. Sim: 343; não: 75; abstenção: 1; total: 419.";PROS;5;2;0
LEI 14197/2021;Câmara;2021-05-04;PL 2462/1991;"Mantido o texto. Sim: 343; não: 75; abstenção: 1; total: 419.";PSB;25;1;0
LEI 14197/2021;Câmara;2021-05-04;PL 2462/1991;"Mantido o texto. Sim: 343; não: 75; abstenção: 1; total: 419.";PSC;4;4;0
LEI 14197/2021;Câmara;2021-05-04;PL 2462/1991;"Mantido o texto. Sim: 343; não: 75; abstenção: 1; total: 419.";PSD;22;5;0
LEI 14197/2021;Câmara;2021-05-04;PL 2462/1991;"Mantido o texto. Sim: 343; não: 75; abstenção: 1; total: 419.";PSDB;26;1;0
LEI 14197/2021;Câmara;2021-05-04;PL 2462/1991;"Mantido o texto. Sim: 343; não: 75; abstenção: 1; total: 419.";PSL;5;41;1
LEI 14197/2021;Câmara;2021-05-04;PL 2462/1991;"Mantido o texto. Sim: 343; não: 75; abstenção: 1; total: 419.";PSOL;5;1;0
LEI 14197/2021;Câmara;2021-05-04;PL 2462/1991;"Mantido o texto. Sim: 343; não: 75; abstenção: 1; total: 419.";PT;48;0;0
LEI 14197/2021;Câmara;2021-05-04;PL 2462/1991;"Mantido o texto. Sim: 343; não: 75; abstenção: 1; total: 419.";PTB;5;0;0
LEI 14197/2021;Câmara;2021-05-04;PL 2462/1991;"Mantido o texto. Sim: 343; não: 75; abstenção: 1; total: 419.";PV;3;1;0
LEI 14197/2021;Câmara;2021-05-04;PL 2462/1991;"Mantido o texto. Sim: 343; não: 75; abstenção: 1; total: 419.";REDE;1;0;0
LEI 14197/2021;Câmara;2021-05-04;PL 2462/1991;"Mantido o texto. Sim: 343; não: 75; abstenção: 1; total: 419.";REPUBLICANOS;20;0;0
LEI 14197/2021;Câmara;2021-05-04;PL 2462/1991;"Mantido o texto. Sim: 343; não: 75; abstenção: 1; total: 419.";SOLIDARIEDADE;9;0;0
LEI 14197/2021;Câmara;2021-05-04;PL 2462/1991;"Rejeitado o Requerimento. Sim: 62; não: 338; abstenção: 1; total: 401.";AVANTE;2;3;0
LEI 14197/2021;Câmara;2021-05-04;PL 2462/1991;"Rejeitado o Requerimento. Sim: 62; não: 338; abstenção: 1; total: 401.";CIDADANIA;0;6;0
LEI 14197/2021;Câmara;2021-05-04;PL 2462/1991;"Rejeitado o Requerimento. Sim: 62; não: 338; abstenção: 1; total: 401.";DEM;1;23;0
LEI 14197/2021;Câmara;2021-05-04;PL 2462/1991;"Rejeitado o Requerimento. Sim: 62; não: 338; abstenção: 1; total: 401.";MDB;1;22;0
LEI 14197/2021;Câmara;2021-05-04;PL 2462/1991;"Rejeitado o Requerimento. Sim: 62; não: 338; abstenção: 1; total: 401.";NOVO;8;0;0
LEI 14197/2021;Câmara;2021-05-04;PL 2462/1991;"Rejeitado o Requerimento. Sim: 62; não: 338; abstenção: 1; total: 401.";PATRIOTA;0;4;0
LEI 14197/2021;Câmara;2021-05-04;PL 2462/1991;"Rejeitado o Requerimento. Sim: 62; não: 338; abstenção: 1; total: 401.";PCdoB;0;5;0
LEI 14197/2021;Câmara;2021-05-04;PL 2462/1991;"Rejeitado o Requerimento. Sim: 62; não: 338; abstenção: 1; total: 401.";PDT;0;22;0
LEI 14197/2021;Câmara;2021-05-04;PL 2462/1991;"Rejeitado o Requerimento. Sim: 62; não: 338; abstenção: 1; total: 401.";PL;0;30;1
LEI 14197/2021;Câmara;2021-05-04;PL 2462/1991;"Rejeitado o Requerimento. Sim: 62; não: 338; abstenção: 1; total: 401.";PODE;0;6;0
LEI 14197/2021;Câmara;2021-05-04;PL 2462/1991;"Rejeitado o Requerimento. Sim: 62; não: 338; abstenção: 1; total: 401.";PP;1;31;0
LEI 14197/2021;Câmara;2021-05-04;PL 2462/1991;"Rejeitado o Requerimento. Sim: 62; não: 338; abstenção: 1; total: 401.";PROS;1;9;0
LEI 14197/2021;Câmara;2021-05-04;PL 2462/1991;"Rejeitado o Requerimento. Sim: 62; não: 338; abstenção: 1; total: 401.";PSB;1;22;0
LEI 14197/2021;Câmara;2021-05-04;PL 2462/1991;"Rejeitado o Requerimento. Sim: 62; não: 338; abstenção: 1; total: 401.";PSC;2;5;0
LEI 14197/2021;Câmara;2021-05-04;PL 2462/1991;"Rejeitado o Requerimento. Sim: 62; não: 338; abstenção: 1; total: 401.";PSD;1;22;0
LEI 14197/2021;Câmara;2021-05-04;PL 2462/1991;"Rejeitado o Requerimento. Sim: 62; não: 338; abstenção: 1; total: 401.";PSDB;1;28;0
LEI 14197/2021;Câmara;2021-05-04;PL 2462/1991;"Rejeitado o Requerimento. Sim: 62; não: 338; abstenção: 1; total: 401.";PSL;41;6;0
LEI 14197/2021;Câmara;2021-05-04;PL 2462/1991;"Rejeitado o Requerimento. Sim: 62; não: 338; abstenção: 1; total: 401.";PSOL;0;9;0
LEI 14197/2021;Câmara;2021-05-04;PL 2462/1991;"Rejeitado o Requerimento. Sim: 62; não: 338; abstenção: 1; total: 401.";PT;1;43;0
LEI 14197/2021;Câmara;2021-05-04;PL 2462/1991;"Rejeitado o Requerimento. Sim: 62; não: 338; abstenção: 1; total: 401.";PTB;0;8;0
LEI 14197/2021;Câmara;2021-05-04;PL 2462/1991;"Rejeitado o Requerimento. Sim: 62; não: 338; abstenção: 1; total: 401.";PV;0;2;0
LEI 14197/2021;Câmara;2021-05-04;PL 2462/1991;"Rejeitado o Requerimento. Sim: 62; não: 338; abstenção: 1; total: 401.";REDE;0;1;0
LEI 14197/2021;Câmara;2021-05-04;PL 2462/1991;"Rejeitado o Requerimento. Sim: 62; não: 338; abstenção: 1; total: 401.";REPUBLICANOS;0;25;0
LEI 14197/2021;Câmara;2021-05-04;PL 2462/1991;"Rejeitado o Requerimento. Sim: 62; não: 338; abstenção: 1; total: 401.";SOLIDARIEDADE;1;6;0
LEI 14197/2021;Senado;2021-08-10;PL 2108/2021;Votação nominal da Emenda nº 18 - PLEN ao Projeto de Lei nº 2.108, de 2021, destacada Resultado: Rejeitado;PDT;0;6;0
LEI 14197/2021;Senado;2021-08-10;PL 2108/2021;Votação nominal da Emenda nº 18 - PLEN ao Projeto de Lei nº 2.108, de 2021, destacada Resultado: Rejeitado;CIDADANIA;0;3;1
LEI 14197/2021;Senado;2021-08-10;PL 2108/2021;Votação nominal da Emenda nº 18 - PLEN ao Projeto de Lei nº 2.108, de 2021, destacada Resultado: Rejeitado;PODEMOS;14;2;2
LEI 14197/2021;Senado;2021-08-10;PL 2108/2021;Votação nominal da Emenda nº 18 - PLEN ao Projeto de Lei nº 2.108, de 2021, destacada Resultado: Rejeitado;PSD;3;16;3
LEI 14197/2021;Senado;2021-08-10;PL 2108/2021;Votação nominal da Emenda nº 18 - PLEN ao Projeto de Lei nº 2.108, de 2021, destacada Resultado: Rejeitado;PL;4;1;3
LEI 14197/2021;Senado;2021-08-10;PL 2108/2021;Votação nominal da Emenda nº 18 - PLEN ao Projeto de Lei nº 2.108, de 2021, destacada Resultado: Rejeitado;DEM;5;4;3
LEI 14197/2021;Senado;2021-08-10;PL 2108/2021;Votação nominal da Emenda nº 18 - PLEN ao Projeto de Lei nº 2.108, de 2021, destacada Resultado: Rejeitado;MDB;8;17;5
LEI 14197/2021;Senado;2021-08-10;PL 2108/2021;Votação nominal da Emenda nº 18 - PLEN ao Projeto de Lei nº 2.108, de 2021, destacada Resultado: Rejeitado;PP;11;3;0
LEI 14197/2021;Senado;2021-08-10;PL 2108/2021;Votação nominal da Emenda nº 18 - PLEN ao Projeto de Lei nº 2.108, de 2021, destacada Resultado: Rejeitado;REDE;0;4;0
LEI 14197/2021;Senado;2021-08-10;PL 2108/2021;Votação nominal da Emenda nº 18 - PLEN ao Projeto de Lei nº 2.108, de 2021, destacada Resultado: Rejeitado;PROS;3;2;1
LEI 14197/2021;Senado;2021-08-10;PL 2108/2021;Votação nominal da Emenda nº 18 - PLEN ao Projeto de Lei nº 2.108, de 2021, destacada Resultado: Rejeitado;PATRIOTA;2;0;0
LEI 14197/2021;Senado;2021-08-10;PL 2108/2021;Votação nominal da Emenda nº 18 - PLEN ao Projeto de Lei nº 2.108, de 2021, destacada Resultado: Rejeitado;PSL;2;2;0
LEI 14197/2021;Senado;2021-08-10;PL 2108/2021;Votação nominal da Emenda nº 18 - PLEN ao Projeto de Lei nº 2.108, de 2021, destacada Resultado: Rejeitado;PT;0;12;0
LEI 14197/2021;Senado;2021-08-10;PL 2108/2021;Votação nominal da Emenda nº 18 - PLEN ao Projeto de Lei nº 2.108, de 2021, destacada Resultado: Rejeitado;PSDB;4;8;1
LEI 14197/2021;Senado;2021-08-10;PL 2108/2021;Votação nominal da Emenda nº 18 - PLEN ao Projeto de Lei nº 2.108, de 2021, destacada Resultado: Rejeitado;S/Partido;0;2;0
LEI 14197/2021;Senado;2021-08-10;PL 2108/2021;Votação nominal da Emenda nº 18 - PLEN ao Projeto de Lei nº 2.108, de 2021, destacada Resultado: Rejeitado;REPUBLICANOS;1;1;0
LEI 14197/2021;Senado;2021-08-10;PL 2108/2021;Votação nominal da Emenda nº 18 - PLEN ao Projeto de Lei nº 2.108, de 2021, destacada Resultado: Rejeitado;PSC;2;0;0
LEI 14344/2022;Senado;2022-03-22;PL 1360/2021;Votação nominal do PL 1.360/2021. Resultado: Aprovado;PDT;3;0;0
LEI 14344/2022;Senado;2022-03-22;PL 1360/2021;Votação nominal do PL 1.360/2021. Resultado: Aprovado;PSDB;8;0;0
LEI 14344/2022;Senado;2022-03-22;PL 1360/2021;Votação nominal do PL 1.360/2021. Resultado: Aprovado;PSD;10;0;1
LEI 14344/2022;Senado;2022-03-22;PL 1360/2021;Votação nominal do PL 1.360/2021. Resultado: Aprovado;PODEMOS;9;0;0
LEI 14344/2022;Senado;2022-03-22;PL 1360/2021;Votação nominal do PL 1.360/2021. Resultado: Aprovado;PL;6;0;1
LEI 14344/2022;Senado;2022-03-22;PL 1360/2021;Votação nominal do PL 1.360/2021. Resultado: Aprovado;MDB;15;0;1
LEI 14344/2022;Senado;2022-03-22;PL 1360/2021;Votação nominal do PL 1.360/2021. Resultado: Aprovado;DEM;3;0;1
LEI 14344/2022;Senado;2022-03-22;PL 1360/2021;Votação nominal do PL 1.360/2021. Resultado: Aprovado;PP;6;0;1
LEI 14344/2022;Senado;2022-03-22;PL 1360/2021;Votação nominal do PL 1.360/2021. Resultado: Aprovado;CIDADANIA;2;0;0
LEI 14344/2022;Senado;2022-03-22;PL 1360/2021;Votação nominal do PL 1.360/2021. Resultado: Aprovado;PT;7;0;0
LEI 14344/2022;Senado;2022-03-22;PL 1360/2021;Votação nominal do PL 1.360/2021. Resultado: Aprovado;PROS;3;0;0
LEI 14344/2022;Senado;2022-03-22;PL 1360/2021;Votação nominal do PL 1.360/2021. Resultado: Aprovado;PSL;2;0;0
LEI 14344/2022;Senado;2022-03-22;PL 1360/2021;Votação nominal do PL 1.360/2021. Resultado: Aprovado;REPUBLICANOS;1;0;0
LEI 14344/2022;Senado;2022-03-22;PL 1360/2021;Votação nominal do PL 1.360/2021. Resultado: Aprovado;REDE;1;0;0
LEI 14478/2022;Câmara;2021-12-08;PL 4401/2021;"Rejeitado o Requerimento. Sim: 40; não: 308; total: 348.";AVANTE;2;3;0
LEI 14478/2022;Câmara;2021-12-08;PL 4401/2021;"Rejeitado o Requerimento. Sim: 40; não: 308; total: 348.";CIDADANIA;1;4;0
LEI 14478/2022;Câmara;2021-12-08;PL 4401/2021;"Rejeitado o Requerimento. Sim: 40; não: 308; total: 348.";DEM;0;16;0
LEI 14478/2022;Câmara;2021-12-08;PL 4401/2021;"Rejeitado o Requerimento. Sim: 40; não: 308; total: 348.";MDB;1;21;0
LEI 14478/2022;Câmara;2021-12-08;PL 4401/2021;"Rejeitado o Requerimento. Sim: 40; não: 308; total: 348.";NOVO;8;0;0
LEI 14478/2022;Câmara;2021-12-08;PL 4401/2021;"Rejeitado o Requerimento. Sim: 40; não: 308; total: 348.";PATRIOTA;0;2;0
LEI 14478/2022;Câmara;2021-12-08;PL 4401/2021;"Rejeitado o Requerimento. Sim: 40; não: 308; total: 348.";PCdoB;0;8;0
LEI 14478/2022;Câmara;2021-12-08;PL 4401/2021;"Rejeitado o Requerimento. Sim: 40; não: 308; total: 348.";PDT;0;18;0
LEI 14478/2022;Câmara;2021-12-08;PL 4401/2021;"Rejeitado o Requerimento. Sim: 40; não: 308; total: 348.";PL;0;25;0
LEI 14478/2022;Câmara;2021-12-08;PL 4401/2021;"Rejeitado o Requerimento. Sim: 40; não: 308; total: 348.";PODE;0;9;0
LEI 14478/2022;Câmara;2021-12-08;PL 4401/2021;"Rejeitado o Requerimento. Sim: 40; não: 308; total: 348.";PP;0;23;0
LEI 14478/2022;Câmara;2021-12-08;PL 4401/2021;"Rejeitado o Requerimento. Sim: 40; não: 308; total: 348.";PROS;0;7;0
LEI 14478/2022;Câmara;2021-12-08;PL 4401/2021;"Rejeitado o Requerimento. Sim: 40; não: 308; total: 348.";PSB;3;19;0
LEI 14478/2022;Câmara;2021-12-08;PL 4401/2021;"Rejeitado o Requerimento. Sim: 40; não: 308; total: 348.";PSC;1;3;0
LEI 14478/2022;Câmara;2021-12-08;PL 4401/2021;"Rejeitado o Requerimento. Sim: 40; não: 308; total: 348.";PSD;0;25;0
LEI 14478/2022;Câmara;2021-12-08;PL 4401/2021;"Rejeitado o Requerimento. Sim: 40; não: 308; total: 348.";PSDB;19;5;0
LEI 14478/2022;Câmara;2021-12-08;PL 4401/2021;"Rejeitado o Requerimento. Sim: 40; não: 308; total: 348.";PSL;4;40;0
LEI 14478/2022;Câmara;2021-12-08;PL 4401/2021;"Rejeitado o Requerimento. Sim: 40; não: 308; total: 348.";PSOL;0;6;0
LEI 14478/2022;Câmara;2021-12-08;PL 4401/2021;"Rejeitado o Requerimento. Sim: 40; não: 308; total: 348.";PT;0;40;0
LEI 14478/2022;Câmara;2021-12-08;PL 4401/2021;"Rejeitado o Requerimento. Sim: 40; não: 308; total: 348.";PTB;0;4;0
LEI 14478/2022;Câmara;2021-12-08;PL 4401/2021;"Rejeitado o Requerimento. Sim: 40; não: 308; total: 348.";PV;0;2;0
LEI 14478/2022;Câmara;2021-12-08;PL 4401/2021;"Rejeitado o Requerimento. Sim: 40; não: 308; total: 348.";REDE;0;1;0
LEI 14478/2022;Câmara;2021-12-08;PL 4401/2021;"Rejeitado o Requerimento. Sim: 40; não: 308; total: 348.";REPUBLICANOS;1;23;0
LEI 14478/2022;Câmara;2021-12-08;PL 4401/2021;"Rejeitado o Requerimento. Sim: 40; não: 308; total: 348.";SOLIDARIEDADE;0;4;0
LEI 14478/2022;Câmara;2022-11-29;PL 4401/2021;"Suprimido o texto. Sim: 152; não: 213; total: 365.";AVANTE;0;3;0
LEI 14478/2022;Câmara;2022-11-29;PL 4401/2021;"Suprimido o texto. Sim: 152; não: 213; total: 365.";CIDADANIA;0;6;0
LEI 14478/2022;Câmara;2022-11-29;PL 4401/2021;"Suprimido o texto. Sim: 152; não: 213; total: 365.";MDB;8;17;0
LEI 14478/2022;Câmara;2022-11-29;PL 4401/2021;"Suprimido o texto. Sim: 152; não: 213; total: 365.";NOVO;0;8;0
LEI 14478/2022;Câmara;2022-11-29;PL 4401/2021;"Suprimido o texto. Sim: 152; não: 213; total: 365.";PATRIOTA;0;3;0
LEI 14478/2022;Câmara;2022-11-29;PL 4401/2021;"Suprimido o texto. Sim: 152; não: 213; total: 365.";PCdoB;7;0;0
LEI 14478/2022;Câmara;2022-11-29;PL 4401/2021;"Suprimido o texto. Sim: 152; não: 213; total: 365.";PDT;0;15;0
LEI 14478/2022;Câmara;2022-11-29;PL 4401/2021;"Suprimido o texto. Sim: 152; não: 213; total: 365.";PL;43;13;0
LEI 14478/2022;Câmara;2022-11-29;PL 4401/2021;"Suprimido o texto. Sim: 152; não: 213; total: 365.";PODE;2;4;0
LEI 14478/2022;Câmara;2022-11-29;PL 4401/2021;"Suprimido o texto. Sim: 152; não: 213; total: 365.";PP;1;37;0
LEI 14478/2022;Câmara;2022-11-29;PL 4401/2021;"Suprimido o texto. Sim: 152; não: 213; total: 365.";PROS;1;2;0
LEI 14478/2022;Câmara;2022-11-29;PL 4401/2021;"Suprimido o texto. Sim: 152; não: 213; total: 365.";PSB;0;17;0
LEI 14478/2022;Câmara;2022-11-29;PL 4401/2021;"Suprimido o texto. Sim: 152; não: 213; total: 365.";PSC;1;4;0
LEI 14478/2022;Câmara;2022-11-29;PL 4401/2021;"Suprimido o texto. Sim: 152; não: 213; total: 365.";PSD;3;30;0
LEI 14478/2022;Câmara;2022-11-29;PL 4401/2021;"Suprimido o texto. Sim: 152; não: 213; total: 365.";PSDB;4;8;0
LEI 14478/2022;Câmara;2022-11-29;PL 4401/2021;"Suprimido o texto. Sim: 152; não: 213; total: 365.";PSOL;7;0;0
LEI 14478/2022;Câmara;2022-11-29;PL 4401/2021;"Suprimido o texto. Sim: 152; não: 213; total: 365.";PT;44;4;0
LEI 14478/2022;Câmara;2022-11-29;PL 4401/2021;"Suprimido o texto. Sim: 152; não: 213; total: 365.";PTB;0;3;0
LEI 14478/2022;Câmara;2022-11-29;PL 4401/2021;"Suprimido o texto. Sim: 152; não: 213; total: 365.";PV;2;0;0
LEI 14478/2022;Câmara;2022-11-29;PL 4401/2021;"Suprimido o texto. Sim: 152; não: 213; total: 365.";REDE;2;0;0
LEI 14478/2022;Câmara;2022-11-29;PL 4401/2021;"Suprimido o texto. Sim: 152; não: 213; total: 365.";REPUBLICANOS;26;4;0
LEI 14478/2022;Câmara;2022-11-29;PL 4401/2021;"Suprimido o texto. Sim: 152; não: 213; total: 365.";SOLIDARIEDADE;1;4;0
LEI 14478/2022;Câmara;2022-11-29;PL 4401/2021;"Suprimido o texto. Sim: 152; não: 213; total: 365.";UNIÃO;0;31;0
LEI 14532/2023;Câmara;2021-11-30;PL 4566/2021;"Aprovado o Substitutivo ao Projeto de Lei nº 1.749, de 2015, adotado pelo Relator da Comissão de Constituição e Justiça e de Cidadania. Sim: 358; não: 17; abstenção: 2; total: 377.";AVANTE;5;0;0
LEI 14532/2023;Câmara;2021-11-30;PL 4566/2021;"Aprovado o Substitutivo ao Projeto de Lei nº 1.749, de 2015, adotado pelo Relator da Comissão de Constituição e Justiça e de Cidadania. Sim: 358; não: 17; abstenção: 2; total: 377.";CIDADANIA;6;0;0
LEI 14532/2023;Câmara;2021-11-30;PL 4566/2021;"Aprovado o Substitutivo ao Projeto de Lei nº 1.749, de 2015, adotado pelo Relator da Comissão de Constituição e Justiça e de Cidadania. Sim: 358; não: 17; abstenção: 2; total: 377.";DEM;19;1;0
LEI 14532/2023;Câmara;2021-11-30;PL 4566/2021;"Aprovado o Substitutivo ao Projeto de Lei nº 1.749, de 2015, adotado pelo Relator da Comissão de Constituição e Justiça e de Cidadania. Sim: 358; não: 17; abstenção: 2; total: 377.";MDB;24;0;1
LEI 14532/2023;Câmara;2021-11-30;PL 4566/2021;"Aprovado o Substitutivo ao Projeto de Lei nº 1.749, de 2015, adotado pelo Relator da Comissão de Constituição e Justiça e de Cidadania. Sim: 358; não: 17; abstenção: 2; total: 377.";NOVO;0;7;0
LEI 14532/2023;Câmara;2021-11-30;PL 4566/2021;"Aprovado o Substitutivo ao Projeto de Lei nº 1.749, de 2015, adotado pelo Relator da Comissão de Constituição e Justiça e de Cidadania. Sim: 358; não: 17; abstenção: 2; total: 377.";PATRIOTA;2;1;0
LEI 14532/2023;Câmara;2021-11-30;PL 4566/2021;"Aprovado o Substitutivo ao Projeto de Lei nº 1.749, de 2015, adotado pelo Relator da Comissão de Constituição e Justiça e de Cidadania. Sim: 358; não: 17; abstenção: 2; total: 377.";PCdoB;6;0;0
LEI 14532/2023;Câmara;2021-11-30;PL 4566/2021;"Aprovado o Substitutivo ao Projeto de Lei nº 1.749, de 2015, adotado pelo Relator da Comissão de Constituição e Justiça e de Cidadania. Sim: 358; não: 17; abstenção: 2; total: 377.";PDT;20;0;0
LEI 14532/2023;Câmara;2021-11-30;PL 4566/2021;"Aprovado o Substitutivo ao Projeto de Lei nº 1.749, de 2015, adotado pelo Relator da Comissão de Constituição e Justiça e de Cidadania. Sim: 358; não: 17; abstenção: 2; total: 377.";PL;33;0;0
LEI 14532/2023;Câmara;2021-11-30;PL 4566/2021;"Aprovado o Substitutivo ao Projeto de Lei nº 1.749, de 2015, adotado pelo Relator da Comissão de Constituição e Justiça e de Cidadania. Sim: 358; não: 17; abstenção: 2; total: 377.";PODE;6;1;0
LEI 14532/2023;Câmara;2021-11-30;PL 4566/2021;"Aprovado o Substitutivo ao Projeto de Lei nº 1.749, de 2015, adotado pelo Relator da Comissão de Constituição e Justiça e de Cidadania. Sim: 358; não: 17; abstenção: 2; total: 377.";PP;30;0;0
LEI 14532/2023;Câmara;2021-11-30;PL 4566/2021;"Aprovado o Substitutivo ao Projeto de Lei nº 1.749, de 2015, adotado pelo Relator da Comissão de Constituição e Justiça e de Cidadania. Sim: 358; não: 17; abstenção: 2; total: 377.";PROS;6;0;0
LEI 14532/2023;Câmara;2021-11-30;PL 4566/2021;"Aprovado o Substitutivo ao Projeto de Lei nº 1.749, de 2015, adotado pelo Relator da Comissão de Constituição e Justiça e de Cidadania. Sim: 358; não: 17; abstenção: 2; total: 377.";PSB;25;0;1
LEI 14532/2023;Câmara;2021-11-30;PL 4566/2021;"Aprovado o Substitutivo ao Projeto de Lei nº 1.749, de 2015, adotado pelo Relator da Comissão de Constituição e Justiça e de Cidadania. Sim: 358; não: 17; abstenção: 2; total: 377.";PSC;7;1;0
LEI 14532/2023;Câmara;2021-11-30;PL 4566/2021;"Aprovado o Substitutivo ao Projeto de Lei nº 1.749, de 2015, adotado pelo Relator da Comissão de Constituição e Justiça e de Cidadania. Sim: 358; não: 17; abstenção: 2; total: 377.";PSD;24;1;0
LEI 14532/2023;Câmara;2021-11-30;PL 4566/2021;"Aprovado o Substitutivo ao Projeto de Lei nº 1.749, de 2015, adotado pelo Relator da Comissão de Constituição e Justiça e de Cidadania. Sim: 358; não: 17; abstenção: 2; total: 377.";PSDB;19;0;0
LEI 14532/2023;Câmara;2021-11-30;PL 4566/2021;"Aprovado o Substitutivo ao Projeto de Lei nº 1.749, de 2015, adotado pelo Relator da Comissão de Constituição e Justiça e de Cidadania. Sim: 358; não: 17; abstenção: 2; total: 377.";PSL;36;5;0
LEI 14532/2023;Câmara;2021-11-30;PL 4566/2021;"Aprovado o Substitutivo ao Projeto de Lei nº 1.749, de 2015, adotado pelo Relator da Comissão de Constituição e Justiça e de Cidadania. Sim: 358; não: 17; abstenção: 2; total: 377.";PSOL;7;0;0
LEI 14532/2023;Câmara;2021-11-30;PL 4566/2021;"Aprovado o Substitutivo ao Projeto de Lei nº 1.749, de 2015, adotado pelo Relator da Comissão de Constituição e Justiça e de Cidadania. Sim: 358; não: 17; abstenção: 2; total: 377.";PT;39;0;0
LEI 14532/2023;Câmara;2021-11-30;PL 4566/2021;"Aprovado o Substitutivo ao Projeto de Lei nº 1.749, de 2015, adotado pelo Relator da Comissão de Constituição e Justiça e de Cidadania. Sim: 358; não: 17; abstenção: 2; total: 377.";PTB;7;0;0
LEI 14532/2023;Câmara;2021-11-30;PL 4566/2021;"Aprovado o Substitutivo ao Projeto de Lei nº 1.749, de 2015, adotado pelo Relator da Comissão de Constituição e Justiça e de Cidadania. Sim: 358; não: 17; abstenção: 2; total: 377.";PV;4;0;0
LEI 14532/2023;Câmara;2021-11-30;PL 4566/2021;"Aprovado o Substitutivo ao Projeto de Lei nº 1.749, de 2015, adotado pelo Relator da Comissão de Constituição e Justiça e de Cidadania. Sim: 358; não: 17; abstenção: 2; total: 377.";REDE;1;0;0
LEI 14532/2023;Câmara;2021-11-30;PL 4566/2021;"Aprovado o Substitutivo ao Projeto de Lei nº 1.749, de 2015, adotado pelo Relator da Comissão de Constituição e Justiça e de Cidadania. Sim: 358; não: 17; abstenção: 2; total: 377.";REPUBLICANOS;25;0;0
LEI 14532/2023;Câmara;2021-11-30;PL 4566/2021;"Aprovado o Substitutivo ao Projeto de Lei nº 1.749, de 2015, adotado pelo Relator da Comissão de Constituição e Justiça e de Cidadania. Sim: 358; não: 17; abstenção: 2; total: 377.";SOLIDARIEDADE;7;0;0
LEI 14562/2023;Câmara;2019-10-16;PL 5385/2019;"Aprovado o Requerimento de Urgência (Art. 155 do RICD). Sim: 335; não:1; total: 336.";AVANTE;4;0;0
LEI 14562/2023;Câmara;2019-10-16;PL 5385/2019;"Aprovado o Requerimento de Urgência (Art. 155 do RICD). Sim: 335; não:1; total: 336.";CIDADANIA;3;0;0
LEI 14562/2023;Câmara;2019-10-16;PL 5385/2019;"Aprovado o Requerimento de Urgência (Art. 155 do RICD). Sim: 335; não:1; total: 336.";DEM;12;0;0
LEI 14562/2023;Câmara;2019-10-16;PL 5385/2019;"Aprovado o Requerimento de Urgência (Art. 155 do RICD). Sim: 335; não:1; total: 336.";MDB;24;0;0
LEI 14562/2023;Câmara;2019-10-16;PL 5385/2019;"Aprovado o Requerimento de Urgência (Art. 155 do RICD). Sim: 335; não:1; total: 336.";NOVO;6;0;0
LEI 14562/2023;Câmara;2019-10-16;PL 5385/2019;"Aprovado o Requerimento de Urgência (Art. 155 do RICD). Sim: 335; não:1; total: 336.";PATRIOTA;2;0;0
LEI 14562/2023;Câmara;2019-10-16;PL 5385/2019;"Aprovado o Requerimento de Urgência (Art. 155 do RICD). Sim: 335; não:1; total: 336.";PCdoB;8;0;0
LEI 14562/2023;Câmara;2019-10-16;PL 5385/2019;"Aprovado o Requerimento de Urgência (Art. 155 do RICD). Sim: 335; não:1; total: 336.";PDT;24;0;0
LEI 14562/2023;Câmara;2019-10-16;PL 5385/2019;"Aprovado o Requerimento de Urgência (Art. 155 do RICD). Sim: 335; não:1; total: 336.";PL;27;0;0
LEI 14562/2023;Câmara;2019-10-16;PL 5385/2019;"Aprovado o Requerimento de Urgência (Art. 155 do RICD). Sim: 335; não:1; total: 336.";PMN;1;0;0
LEI 14562/2023;Câmara;2019-10-16;PL 5385/2019;"Aprovado o Requerimento de Urgência (Art. 155 do RICD). Sim: 335; não:1; total: 336.";PODE;5;0;0
LEI 14562/2023;Câmara;2019-10-16;PL 5385/2019;"Aprovado o Requerimento de Urgência (Art. 155 do RICD). Sim: 335; não:1; total: 336.";PP;20;0;0
LEI 14562/2023;Câmara;2019-10-16;PL 5385/2019;"Aprovado o Requerimento de Urgência (Art. 155 do RICD). Sim: 335; não:1; total: 336.";PROS;7;0;0
LEI 14562/2023;Câmara;2019-10-16;PL 5385/2019;"Aprovado o Requerimento de Urgência (Art. 155 do RICD). Sim: 335; não:1; total: 336.";PSB;22;0;0
LEI 14562/2023;Câmara;2019-10-16;PL 5385/2019;"Aprovado o Requerimento de Urgência (Art. 155 do RICD). Sim: 335; não:1; total: 336.";PSC;5;0;0
LEI 14562/2023;Câmara;2019-10-16;PL 5385/2019;"Aprovado o Requerimento de Urgência (Art. 155 do RICD). Sim: 335; não:1; total: 336.";PSD;26;0;0
LEI 14562/2023;Câmara;2019-10-16;PL 5385/2019;"Aprovado o Requerimento de Urgência (Art. 155 do RICD). Sim: 335; não:1; total: 336.";PSDB;17;0;0
LEI 14562/2023;Câmara;2019-10-16;PL 5385/2019;"Aprovado o Requerimento de Urgência (Art. 155 do RICD). Sim: 335; não:1; total: 336.";PSL;38;0;0
LEI 14562/2023;Câmara;2019-10-16;PL 5385/2019;"Aprovado o Requerimento de Urgência (Art. 155 do RICD). Sim: 335; não:1; total: 336.";PSOL;5;1;0
LEI 14562/2023;Câmara;2019-10-16;PL 5385/2019;"Aprovado o Requerimento de Urgência (Art. 155 do RICD). Sim: 335; não:1; total: 336.";PT;42;0;0
LEI 14562/2023;Câmara;2019-10-16;PL 5385/2019;"Aprovado o Requerimento de Urgência (Art. 155 do RICD). Sim: 335; não:1; total: 336.";PTB;7;0;0
LEI 14562/2023;Câmara;2019-10-16;PL 5385/2019;"Aprovado o Requerimento de Urgência (Art. 155 do RICD). Sim: 335; não:1; total: 336.";PV;3;0;0
LEI 14562/2023;Câmara;2019-10-16;PL 5385/2019;"Aprovado o Requerimento de Urgência (Art. 155 do RICD). Sim: 335; não:1; total: 336.";REPUBLICANOS;18;0;0
LEI 14562/2023;Câmara;2019-10-16;PL 5385/2019;"Aprovado o Requerimento de Urgência (Art. 155 do RICD). Sim: 335; não:1; total: 336.";SOLIDARIEDADE;9;0;0
LEI 14967/2024;Câmara;2016-11-29;PL 4238/2012;"Mantido o texto. Sim: 297; Não: 51; Abstenções: 2; Total: 350.";DEM;20;0;0
LEI 14967/2024;Câmara;2016-11-29;PL 4238/2012;"Mantido o texto. Sim: 297; Não: 51; Abstenções: 2; Total: 350.";PCdoB;8;0;0
LEI 14967/2024;Câmara;2016-11-29;PL 4238/2012;"Mantido o texto. Sim: 297; Não: 51; Abstenções: 2; Total: 350.";PDT;15;0;0
LEI 14967/2024;Câmara;2016-11-29;PL 4238/2012;"Mantido o texto. Sim: 297; Não: 51; Abstenções: 2; Total: 350.";PEN;2;0;0
LEI 14967/2024;Câmara;2016-11-29;PL 4238/2012;"Mantido o texto. Sim: 297; Não: 51; Abstenções: 2; Total: 350.";PHS;6;0;0
LEI 14967/2024;Câmara;2016-11-29;PL 4238/2012;"Mantido o texto. Sim: 297; Não: 51; Abstenções: 2; Total: 350.";PMB;1;0;0
LEI 14967/2024;Câmara;2016-11-29;PL 4238/2012;"Mantido o texto. Sim: 297; Não: 51; Abstenções: 2; Total: 350.";PMDB;44;1;0
LEI 14967/2024;Câmara;2016-11-29;PL 4238/2012;"Mantido o texto. Sim: 297; Não: 51; Abstenções: 2; Total: 350.";PP;31;0;0
LEI 14967/2024;Câmara;2016-11-29;PL 4238/2012;"Mantido o texto. Sim: 297; Não: 51; Abstenções: 2; Total: 350.";PPS;7;0;0
LEI 14967/2024;Câmara;2016-11-29;PL 4238/2012;"Mantido o texto. Sim: 297; Não: 51; Abstenções: 2; Total: 350.";PR;31;1;0
LEI 14967/2024;Câmara;2016-11-29;PL 4238/2012;"Mantido o texto. Sim: 297; Não: 51; Abstenções: 2; Total: 350.";PRB;18;0;0
LEI 14967/2024;Câmara;2016-11-29;PL 4238/2012;"Mantido o texto. Sim: 297; Não: 51; Abstenções: 2; Total: 350.";PROS;2;0;0
LEI 14967/2024;Câmara;2016-11-29;PL 4238/2012;"Mantido o texto. Sim: 297; Não: 51; Abstenções: 2; Total: 350.";PRP;1;0;0
LEI 14967/2024;Câmara;2016-11-29;PL 4238/2012;"Mantido o texto. Sim: 297; Não: 51; Abstenções: 2; Total: 350.";PSB;27;0;0
LEI 14967/2024;Câmara;2016-11-29;PL 4238/2012;"Mantido o texto. Sim: 297; Não: 51; Abstenções: 2; Total: 350.";PSC;2;0;2
LEI 14967/2024;Câmara;2016-11-29;PL 4238/2012;"Mantido o texto. Sim: 297; Não: 51; Abstenções: 2; Total: 350.";PSD;25;1;0
LEI 14967/2024;Câmara;2016-11-29;PL 4238/2012;"Mantido o texto. Sim: 297; Não: 51; Abstenções: 2; Total: 350.";PSDB;25;1;0
LEI 14967/2024;Câmara;2016-11-29;PL 4238/2012;"Mantido o texto. Sim: 297; Não: 51; Abstenções: 2; Total: 350.";PSL;2;0;0
LEI 14967/2024;Câmara;2016-11-29;PL 4238/2012;"Mantido o texto. Sim: 297; Não: 51; Abstenções: 2; Total: 350.";PSOL;1;3;0
LEI 14967/2024;Câmara;2016-11-29;PL 4238/2012;"Mantido o texto. Sim: 297; Não: 51; Abstenções: 2; Total: 350.";PT;0;44;0
LEI 14967/2024;Câmara;2016-11-29;PL 4238/2012;"Mantido o texto. Sim: 297; Não: 51; Abstenções: 2; Total: 350.";PTB;9;0;0
LEI 14967/2024;Câmara;2016-11-29;PL 4238/2012;"Mantido o texto. Sim: 297; Não: 51; Abstenções: 2; Total: 350.";PTdoB;3;0;0
LEI 14967/2024;Câmara;2016-11-29;PL 4238/2012;"Mantido o texto. Sim: 297; Não: 51; Abstenções: 2; Total: 350.";PV;4;0;0
LEI 14967/2024;Câmara;2016-11-29;PL 4238/2012;"Mantido o texto. Sim: 297; Não: 51; Abstenções: 2; Total: 350.";REDE;2;0;0
LEI 14967/2024;Câmara;2016-11-29;PL 4238/2012;"Mantido o texto. Sim: 297; Não: 51; Abstenções: 2; Total: 350.";SD;11;0;0
LEI 14994/2024;Câmara;2024-09-11;PL 4266/2023;"Rejeitado o Requerimento. Sim: 2; Não: 377; Abstenção: 4; Total: 383.";AVANTE;0;6;0
LEI 14994/2024;Câmara;2024-09-11;PL 4266/2023;"Rejeitado o Requerimento. Sim: 2; Não: 377; Abstenção: 4; Total: 383.";CIDADANIA;0;3;0
LEI 14994/2024;Câmara;2024-09-11;PL 4266/2023;"Rejeitado o Requerimento. Sim: 2; Não: 377; Abstenção: 4; Total: 383.";MDB;1;37;0
LEI 14994/2024;Câmara;2024-09-11;PL 4266/2023;"Rejeitado o Requerimento. Sim: 2; Não: 377; Abstenção: 4; Total: 383.";NOVO;0;0;3
LEI 14994/2024;Câmara;2024-09-11;PL 4266/2023;"Rejeitado o Requerimento. Sim: 2; Não: 377; Abstenção: 4; Total: 383.";PCdoB;0;5;0
LEI 14994/2024;Câmara;2024-09-11;PL 4266/2023;"Rejeitado o Requerimento. Sim: 2; Não: 377; Abstenção: 4; Total: 383.";PDT;0;18;0
LEI 14994/2024;Câmara;2024-09-11;PL 4266/2023;"Rejeitado o Requerimento. Sim: 2; Não: 377; Abstenção: 4; Total: 383.";PL;1;17;55
LEI 14994/2024;Câmara;2024-09-11;PL 4266/2023;"Rejeitado o Requerimento. Sim: 2; Não: 377; Abstenção: 4; Total: 383.";PODE;0;14;0
LEI 14994/2024;Câmara;2024-09-11;PL 4266/2023;"Rejeitado o Requerimento. Sim: 2; Não: 377; Abstenção: 4; Total: 383.";PP;0;43;1
LEI 14994/2024;Câmara;2024-09-11;PL 4266/2023;"Rejeitado o Requerimento. Sim: 2; Não: 377; Abstenção: 4; Total: 383.";PRD;0;3;0
LEI 14994/2024;Câmara;2024-09-11;PL 4266/2023;"Rejeitado o Requerimento. Sim: 2; Não: 377; Abstenção: 4; Total: 383.";PSB;0;12;0
LEI 14994/2024;Câmara;2024-09-11;PL 4266/2023;"Rejeitado o Requerimento. Sim: 2; Não: 377; Abstenção: 4; Total: 383.";PSD;0;37;0
LEI 14994/2024;Câmara;2024-09-11;PL 4266/2023;"Rejeitado o Requerimento. Sim: 2; Não: 377; Abstenção: 4; Total: 383.";PSDB;0;10;0
LEI 14994/2024;Câmara;2024-09-11;PL 4266/2023;"Rejeitado o Requerimento. Sim: 2; Não: 377; Abstenção: 4; Total: 383.";PSOL;0;11;0
LEI 14994/2024;Câmara;2024-09-11;PL 4266/2023;"Rejeitado o Requerimento. Sim: 2; Não: 377; Abstenção: 4; Total: 383.";PT;0;63;0
LEI 14994/2024;Câmara;2024-09-11;PL 4266/2023;"Rejeitado o Requerimento. Sim: 2; Não: 377; Abstenção: 4; Total: 383.";PV;0;5;0
LEI 14994/2024;Câmara;2024-09-11;PL 4266/2023;"Rejeitado o Requerimento. Sim: 2; Não: 377; Abstenção: 4; Total: 383.";REDE;0;1;0
LEI 14994/2024;Câmara;2024-09-11;PL 4266/2023;"Rejeitado o Requerimento. Sim: 2; Não: 377; Abstenção: 4; Total: 383.";REPUBLICANOS;0;38;0
LEI 14994/2024;Câmara;2024-09-11;PL 4266/2023;"Rejeitado o Requerimento. Sim: 2; Não: 377; Abstenção: 4; Total: 383.";SOLIDARIEDADE;0;5;0
LEI 14994/2024;Câmara;2024-09-11;PL 4266/2023;"Rejeitado o Requerimento. Sim: 2; Não: 377; Abstenção: 4; Total: 383.";UNIÃO;0;49;0
LEI 14994/2024;Câmara;2024-09-11;PL 4266/2023;"Rejeitado o Requerimento. Sim: 1; Não: 347; Total: 348.";AVANTE;0;6;0
LEI 14994/2024;Câmara;2024-09-11;PL 4266/2023;"Rejeitado o Requerimento. Sim: 1; Não: 347; Total: 348.";CIDADANIA;0;3;0
LEI 14994/2024;Câmara;2024-09-11;PL 4266/2023;"Rejeitado o Requerimento. Sim: 1; Não: 347; Total: 348.";MDB;0;22;0
LEI 14994/2024;Câmara;2024-09-11;PL 4266/2023;"Rejeitado o Requerimento. Sim: 1; Não: 347; Total: 348.";NOVO;0;0;3
LEI 14994/2024;Câmara;2024-09-11;PL 4266/2023;"Rejeitado o Requerimento. Sim: 1; Não: 347; Total: 348.";PCdoB;0;4;0
LEI 14994/2024;Câmara;2024-09-11;PL 4266/2023;"Rejeitado o Requerimento. Sim: 1; Não: 347; Total: 348.";PDT;0;18;0
LEI 14994/2024;Câmara;2024-09-11;PL 4266/2023;"Rejeitado o Requerimento. Sim: 1; Não: 347; Total: 348.";PL;0;12;63
LEI 14994/2024;Câmara;2024-09-11;PL 4266/2023;"Rejeitado o Requerimento. Sim: 1; Não: 347; Total: 348.";PODE;0;14;0
LEI 14994/2024;Câmara;2024-09-11;PL 4266/2023;"Rejeitado o Requerimento. Sim: 1; Não: 347; Total: 348.";PP;1;40;0
LEI 14994/2024;Câmara;2024-09-11;PL 4266/2023;"Rejeitado o Requerimento. Sim: 1; Não: 347; Total: 348.";PRD;0;3;0
LEI 14994/2024;Câmara;2024-09-11;PL 4266/2023;"Rejeitado o Requerimento. Sim: 1; Não: 347; Total: 348.";PSB;0;11;0
LEI 14994/2024;Câmara;2024-09-11;PL 4266/2023;"Rejeitado o Requerimento. Sim: 1; Não: 347; Total: 348.";PSD;0;33;0
LEI 14994/2024;Câmara;2024-09-11;PL 4266/2023;"Rejeitado o Requerimento. Sim: 1; Não: 347; Total: 348.";PSDB;0;9;0
LEI 14994/2024;Câmara;2024-09-11;PL 4266/2023;"Rejeitado o Requerimento. Sim: 1; Não: 347; Total: 348.";PSOL;0;10;0
LEI 14994/2024;Câmara;2024-09-11;PL 4266/2023;"Rejeitado o Requerimento. Sim: 1; Não: 347; Total: 348.";PT;0;62;0
LEI 14994/2024;Câmara;2024-09-11;PL 4266/2023;"Rejeitado o Requerimento. Sim: 1; Não: 347; Total: 348.";PV;0;4;0
LEI 14994/2024;Câmara;2024-09-11;PL 4266/2023;"Rejeitado o Requerimento. Sim: 1; Não: 347; Total: 348.";REDE;0;1;0
LEI 14994/2024;Câmara;2024-09-11;PL 4266/2023;"Rejeitado o Requerimento. Sim: 1; Não: 347; Total: 348.";REPUBLICANOS;0;36;0
LEI 14994/2024;Câmara;2024-09-11;PL 4266/2023;"Rejeitado o Requerimento. Sim: 1; Não: 347; Total: 348.";SOLIDARIEDADE;0;5;0
LEI 14994/2024;Câmara;2024-09-11;PL 4266/2023;"Rejeitado o Requerimento. Sim: 1; Não: 347; Total: 348.";UNIÃO;0;54;0
LEI 15134/2025;Câmara;2023-08-08;PL 4015/2023;"Aprovado o Requerimento de Urgência (Art. 155 do RICD). Sim: 346; não: 34; total: 380.";AVANTE;5;0;0
LEI 15134/2025;Câmara;2023-08-08;PL 4015/2023;"Aprovado o Requerimento de Urgência (Art. 155 do RICD). Sim: 346; não: 34; total: 380.";CIDADANIA;3;0;0
LEI 15134/2025;Câmara;2023-08-08;PL 4015/2023;"Aprovado o Requerimento de Urgência (Art. 155 do RICD). Sim: 346; não: 34; total: 380.";MDB;25;2;0
LEI 15134/2025;Câmara;2023-08-08;PL 4015/2023;"Aprovado o Requerimento de Urgência (Art. 155 do RICD). Sim: 346; não: 34; total: 380.";NOVO;0;3;0
LEI 15134/2025;Câmara;2023-08-08;PL 4015/2023;"Aprovado o Requerimento de Urgência (Art. 155 do RICD). Sim: 346; não: 34; total: 380.";PATRIOTA;1;0;0
LEI 15134/2025;Câmara;2023-08-08;PL 4015/2023;"Aprovado o Requerimento de Urgência (Art. 155 do RICD). Sim: 346; não: 34; total: 380.";PCdoB;7;0;0
LEI 15134/2025;Câmara;2023-08-08;PL 4015/2023;"Aprovado o Requerimento de Urgência (Art. 155 do RICD). Sim: 346; não: 34; total: 380.";PDT;14;1;0
LEI 15134/2025;Câmara;2023-08-08;PL 4015/2023;"Aprovado o Requerimento de Urgência (Art. 155 do RICD). Sim: 346; não: 34; total: 380.";PL;60;19;0
LEI 15134/2025;Câmara;2023-08-08;PL 4015/2023;"Aprovado o Requerimento de Urgência (Art. 155 do RICD). Sim: 346; não: 34; total: 380.";PODE;9;1;0
LEI 15134/2025;Câmara;2023-08-08;PL 4015/2023;"Aprovado o Requerimento de Urgência (Art. 155 do RICD). Sim: 346; não: 34; total: 380.";PP;32;3;0
LEI 15134/2025;Câmara;2023-08-08;PL 4015/2023;"Aprovado o Requerimento de Urgência (Art. 155 do RICD). Sim: 346; não: 34; total: 380.";PSB;12;0;0
LEI 15134/2025;Câmara;2023-08-08;PL 4015/2023;"Aprovado o Requerimento de Urgência (Art. 155 do RICD). Sim: 346; não: 34; total: 380.";PSC;1;0;0
LEI 15134/2025;Câmara;2023-08-08;PL 4015/2023;"Aprovado o Requerimento de Urgência (Art. 155 do RICD). Sim: 346; não: 34; total: 380.";PSD;30;0;0
LEI 15134/2025;Câmara;2023-08-08;PL 4015/2023;"Aprovado o Requerimento de Urgência (Art. 155 do RICD). Sim: 346; não: 34; total: 380.";PSDB;9;2;0
LEI 15134/2025;Câmara;2023-08-08;PL 4015/2023;"Aprovado o Requerimento de Urgência (Art. 155 do RICD). Sim: 346; não: 34; total: 380.";PSOL;8;0;0
LEI 15134/2025;Câmara;2023-08-08;PL 4015/2023;"Aprovado o Requerimento de Urgência (Art. 155 do RICD). Sim: 346; não: 34; total: 380.";PT;56;0;0
LEI 15134/2025;Câmara;2023-08-08;PL 4015/2023;"Aprovado o Requerimento de Urgência (Art. 155 do RICD). Sim: 346; não: 34; total: 380.";PV;4;0;0
LEI 15134/2025;Câmara;2023-08-08;PL 4015/2023;"Aprovado o Requerimento de Urgência (Art. 155 do RICD). Sim: 346; não: 34; total: 380.";REDE;1;0;0
LEI 15134/2025;Câmara;2023-08-08;PL 4015/2023;"Aprovado o Requerimento de Urgência (Art. 155 do RICD). Sim: 346; não: 34; total: 380.";REPUBLICANOS;31;1;0
LEI 15134/2025;Câmara;2023-08-08;PL 4015/2023;"Aprovado o Requerimento de Urgência (Art. 155 do RICD). Sim: 346; não: 34; total: 380.";SOLIDARIEDADE;4;0;0
LEI 15134/2025;Câmara;2023-08-08;PL 4015/2023;"Aprovado o Requerimento de Urgência (Art. 155 do RICD). Sim: 346; não: 34; total: 380.";UNIÃO;34;2;0
LEI 15134/2025;Câmara;2023-08-09;PL 4015/2023;"Rejeitada a Emenda de Plenário nº 3. Sim: 117; não: 264; abstenção: 1; total: 382.";AVANTE;0;5;0
LEI 15134/2025;Câmara;2023-08-09;PL 4015/2023;"Rejeitada a Emenda de Plenário nº 3. Sim: 117; não: 264; abstenção: 1; total: 382.";CIDADANIA;0;1;0
LEI 15134/2025;Câmara;2023-08-09;PL 4015/2023;"Rejeitada a Emenda de Plenário nº 3. Sim: 117; não: 264; abstenção: 1; total: 382.";MDB;5;18;0
LEI 15134/2025;Câmara;2023-08-09;PL 4015/2023;"Rejeitada a Emenda de Plenário nº 3. Sim: 117; não: 264; abstenção: 1; total: 382.";NOVO;0;3;0
LEI 15134/2025;Câmara;2023-08-09;PL 4015/2023;"Rejeitada a Emenda de Plenário nº 3. Sim: 117; não: 264; abstenção: 1; total: 382.";PATRIOTA;1;1;0
LEI 15134/2025;Câmara;2023-08-09;PL 4015/2023;"Rejeitada a Emenda de Plenário nº 3. Sim: 117; não: 264; abstenção: 1; total: 382.";PCdoB;1;3;0
LEI 15134/2025;Câmara;2023-08-09;PL 4015/2023;"Rejeitada a Emenda de Plenário nº 3. Sim: 117; não: 264; abstenção: 1; total: 382.";PDT;12;2;0
LEI 15134/2025;Câmara;2023-08-09;PL 4015/2023;"Rejeitada a Emenda de Plenário nº 3. Sim: 117; não: 264; abstenção: 1; total: 382.";PL;70;13;1
LEI 15134/2025;Câmara;2023-08-09;PL 4015/2023;"Rejeitada a Emenda de Plenário nº 3. Sim: 117; não: 264; abstenção: 1; total: 382.";PODE;1;10;0
LEI 15134/2025;Câmara;2023-08-09;PL 4015/2023;"Rejeitada a Emenda de Plenário nº 3. Sim: 117; não: 264; abstenção: 1; total: 382.";PP;3;30;0
LEI 15134/2025;Câmara;2023-08-09;PL 4015/2023;"Rejeitada a Emenda de Plenário nº 3. Sim: 117; não: 264; abstenção: 1; total: 382.";PSB;1;11;0
LEI 15134/2025;Câmara;2023-08-09;PL 4015/2023;"Rejeitada a Emenda de Plenário nº 3. Sim: 117; não: 264; abstenção: 1; total: 382.";PSC;0;3;0
LEI 15134/2025;Câmara;2023-08-09;PL 4015/2023;"Rejeitada a Emenda de Plenário nº 3. Sim: 117; não: 264; abstenção: 1; total: 382.";PSD;7;22;0
LEI 15134/2025;Câmara;2023-08-09;PL 4015/2023;"Rejeitada a Emenda de Plenário nº 3. Sim: 117; não: 264; abstenção: 1; total: 382.";PSDB;1;12;0
LEI 15134/2025;Câmara;2023-08-09;PL 4015/2023;"Rejeitada a Emenda de Plenário nº 3. Sim: 117; não: 264; abstenção: 1; total: 382.";PSOL;0;11;0
LEI 15134/2025;Câmara;2023-08-09;PL 4015/2023;"Rejeitada a Emenda de Plenário nº 3. Sim: 117; não: 264; abstenção: 1; total: 382.";PT;0;55;0
LEI 15134/2025;Câmara;2023-08-09;PL 4015/2023;"Rejeitada a Emenda de Plenário nº 3. Sim: 117; não: 264; abstenção: 1; total: 382.";PV;1;3;0
LEI 15134/2025;Câmara;2023-08-09;PL 4015/2023;"Rejeitada a Emenda de Plenário nº 3. Sim: 117; não: 264; abstenção: 1; total: 382.";REDE;0;1;0
LEI 15134/2025;Câmara;2023-08-09;PL 4015/2023;"Rejeitada a Emenda de Plenário nº 3. Sim: 117; não: 264; abstenção: 1; total: 382.";REPUBLICANOS;4;24;0
LEI 15134/2025;Câmara;2023-08-09;PL 4015/2023;"Rejeitada a Emenda de Plenário nº 3. Sim: 117; não: 264; abstenção: 1; total: 382.";SOLIDARIEDADE;1;2;0
LEI 15134/2025;Câmara;2023-08-09;PL 4015/2023;"Rejeitada a Emenda de Plenário nº 3. Sim: 117; não: 264; abstenção: 1; total: 382.";UNIÃO;9;34;0
LEI 15134/2025;Câmara;2023-08-09;PL 4015/2023;"Aprovado o Substitutivo ao Projeto de Lei nº 996, de 2015, adotado pelo Relator da Comissão de Constituição e Justiça e de Cidadania, ressalvados os destaques. Sim: 335; não: 49; abstenção: 1; total: 385";AVANTE;5;0;0
LEI 15134/2025;Câmara;2023-08-09;PL 4015/2023;"Aprovado o Substitutivo ao Projeto de Lei nº 996, de 2015, adotado pelo Relator da Comissão de Constituição e Justiça e de Cidadania, ressalvados os destaques. Sim: 335; não: 49; abstenção: 1; total: 385";CIDADANIA;1;0;0
LEI 15134/2025;Câmara;2023-08-09;PL 4015/2023;"Aprovado o Substitutivo ao Projeto de Lei nº 996, de 2015, adotado pelo Relator da Comissão de Constituição e Justiça e de Cidadania, ressalvados os destaques. Sim: 335; não: 49; abstenção: 1; total: 385";MDB;24;1;0
LEI 15134/2025;Câmara;2023-08-09;PL 4015/2023;"Aprovado o Substitutivo ao Projeto de Lei nº 996, de 2015, adotado pelo Relator da Comissão de Constituição e Justiça e de Cidadania, ressalvados os destaques. Sim: 335; não: 49; abstenção: 1; total: 385";NOVO;0;3;0
LEI 15134/2025;Câmara;2023-08-09;PL 4015/2023;"Aprovado o Substitutivo ao Projeto de Lei nº 996, de 2015, adotado pelo Relator da Comissão de Constituição e Justiça e de Cidadania, ressalvados os destaques. Sim: 335; não: 49; abstenção: 1; total: 385";PATRIOTA;1;2;0
LEI 15134/2025;Câmara;2023-08-09;PL 4015/2023;"Aprovado o Substitutivo ao Projeto de Lei nº 996, de 2015, adotado pelo Relator da Comissão de Constituição e Justiça e de Cidadania, ressalvados os destaques. Sim: 335; não: 49; abstenção: 1; total: 385";PCdoB;5;0;0
LEI 15134/2025;Câmara;2023-08-09;PL 4015/2023;"Aprovado o Substitutivo ao Projeto de Lei nº 996, de 2015, adotado pelo Relator da Comissão de Constituição e Justiça e de Cidadania, ressalvados os destaques. Sim: 335; não: 49; abstenção: 1; total: 385";PDT;13;0;0
LEI 15134/2025;Câmara;2023-08-09;PL 4015/2023;"Aprovado o Substitutivo ao Projeto de Lei nº 996, de 2015, adotado pelo Relator da Comissão de Constituição e Justiça e de Cidadania, ressalvados os destaques. Sim: 335; não: 49; abstenção: 1; total: 385";PL;51;30;0
LEI 15134/2025;Câmara;2023-08-09;PL 4015/2023;"Aprovado o Substitutivo ao Projeto de Lei nº 996, de 2015, adotado pelo Relator da Comissão de Constituição e Justiça e de Cidadania, ressalvados os destaques. Sim: 335; não: 49; abstenção: 1; total: 385";PODE;8;1;0
LEI 15134/2025;Câmara;2023-08-09;PL 4015/2023;"Aprovado o Substitutivo ao Projeto de Lei nº 996, de 2015, adotado pelo Relator da Comissão de Constituição e Justiça e de Cidadania, ressalvados os destaques. Sim: 335; não: 49; abstenção: 1; total: 385";PP;32;1;0
LEI 15134/2025;Câmara;2023-08-09;PL 4015/2023;"Aprovado o Substitutivo ao Projeto de Lei nº 996, de 2015, adotado pelo Relator da Comissão de Constituição e Justiça e de Cidadania, ressalvados os destaques. Sim: 335; não: 49; abstenção: 1; total: 385";PSB;15;0;0
LEI 15134/2025;Câmara;2023-08-09;PL 4015/2023;"Aprovado o Substitutivo ao Projeto de Lei nº 996, de 2015, adotado pelo Relator da Comissão de Constituição e Justiça e de Cidadania, ressalvados os destaques. Sim: 335; não: 49; abstenção: 1; total: 385";PSC;3;0;0
LEI 15134/2025;Câmara;2023-08-09;PL 4015/2023;"Aprovado o Substitutivo ao Projeto de Lei nº 996, de 2015, adotado pelo Relator da Comissão de Constituição e Justiça e de Cidadania, ressalvados os destaques. Sim: 335; não: 49; abstenção: 1; total: 385";PSD;28;3;0
LEI 15134/2025;Câmara;2023-08-09;PL 4015/2023;"Aprovado o Substitutivo ao Projeto de Lei nº 996, de 2015, adotado pelo Relator da Comissão de Constituição e Justiça e de Cidadania, ressalvados os destaques. Sim: 335; não: 49; abstenção: 1; total: 385";PSDB;11;3;0
LEI 15134/2025;Câmara;2023-08-09;PL 4015/2023;"Aprovado o Substitutivo ao Projeto de Lei nº 996, de 2015, adotado pelo Relator da Comissão de Constituição e Justiça e de Cidadania, ressalvados os destaques. Sim: 335; não: 49; abstenção: 1; total: 385";PSOL;10;0;0
LEI 15134/2025;Câmara;2023-08-09;PL 4015/2023;"Aprovado o Substitutivo ao Projeto de Lei nº 996, de 2015, adotado pelo Relator da Comissão de Constituição e Justiça e de Cidadania, ressalvados os destaques. Sim: 335; não: 49; abstenção: 1; total: 385";PT;54;0;0
LEI 15134/2025;Câmara;2023-08-09;PL 4015/2023;"Aprovado o Substitutivo ao Projeto de Lei nº 996, de 2015, adotado pelo Relator da Comissão de Constituição e Justiça e de Cidadania, ressalvados os destaques. Sim: 335; não: 49; abstenção: 1; total: 385";PV;4;0;0
LEI 15134/2025;Câmara;2023-08-09;PL 4015/2023;"Aprovado o Substitutivo ao Projeto de Lei nº 996, de 2015, adotado pelo Relator da Comissão de Constituição e Justiça e de Cidadania, ressalvados os destaques. Sim: 335; não: 49; abstenção: 1; total: 385";REDE;1;0;0
LEI 15134/2025;Câmara;2023-08-09;PL 4015/2023;"Aprovado o Substitutivo ao Projeto de Lei nº 996, de 2015, adotado pelo Relator da Comissão de Constituição e Justiça e de Cidadania, ressalvados os destaques. Sim: 335; não: 49; abstenção: 1; total: 385";REPUBLICANOS;23;3;0
LEI 15134/2025;Câmara;2023-08-09;PL 4015/2023;"Aprovado o Substitutivo ao Projeto de Lei nº 996, de 2015, adotado pelo Relator da Comissão de Constituição e Justiça e de Cidadania, ressalvados os destaques. Sim: 335; não: 49; abstenção: 1; total: 385";SOLIDARIEDADE;3;0;0
LEI 15134/2025;Câmara;2023-08-09;PL 4015/2023;"Aprovado o Substitutivo ao Projeto de Lei nº 996, de 2015, adotado pelo Relator da Comissão de Constituição e Justiça e de Cidadania, ressalvados os destaques. Sim: 335; não: 49; abstenção: 1; total: 385";UNIÃO;43;2;1
LEI 15134/2025;Câmara;2024-12-04;PL 4015/2023;"Rejeitadas as Emendas do Senado Federal ao Projeto de Lei nº 996, de 2015, ressalvados os destaques. Sim: 23; Não: 404; Abstenção: 1; Total: 428.";AVANTE;0;6;0
LEI 15134/2025;Câmara;2024-12-04;PL 4015/2023;"Rejeitadas as Emendas do Senado Federal ao Projeto de Lei nº 996, de 2015, ressalvados os destaques. Sim: 23; Não: 404; Abstenção: 1; Total: 428.";CIDADANIA;0;3;0
LEI 15134/2025;Câmara;2024-12-04;PL 4015/2023;"Rejeitadas as Emendas do Senado Federal ao Projeto de Lei nº 996, de 2015, ressalvados os destaques. Sim: 23; Não: 404; Abstenção: 1; Total: 428.";MDB;1;31;0
LEI 15134/2025;Câmara;2024-12-04;PL 4015/2023;"Rejeitadas as Emendas do Senado Federal ao Projeto de Lei nº 996, de 2015, ressalvados os destaques. Sim: 23; Não: 404; Abstenção: 1; Total: 428.";NOVO;0;4;0
LEI 15134/2025;Câmara;2024-12-04;PL 4015/2023;"Rejeitadas as Emendas do Senado Federal ao Projeto de Lei nº 996, de 2015, ressalvados os destaques. Sim: 23; Não: 404; Abstenção: 1; Total: 428.";PCdoB;1;6;0
LEI 15134/2025;Câmara;2024-12-04;PL 4015/2023;"Rejeitadas as Emendas do Senado Federal ao Projeto de Lei nº 996, de 2015, ressalvados os destaques. Sim: 23; Não: 404; Abstenção: 1; Total: 428.";PDT;0;15;0
LEI 15134/2025;Câmara;2024-12-04;PL 4015/2023;"Rejeitadas as Emendas do Senado Federal ao Projeto de Lei nº 996, de 2015, ressalvados os destaques. Sim: 23; Não: 404; Abstenção: 1; Total: 428.";PL;3;79;0
LEI 15134/2025;Câmara;2024-12-04;PL 4015/2023;"Rejeitadas as Emendas do Senado Federal ao Projeto de Lei nº 996, de 2015, ressalvados os destaques. Sim: 23; Não: 404; Abstenção: 1; Total: 428.";PODE;0;11;0
LEI 15134/2025;Câmara;2024-12-04;PL 4015/2023;"Rejeitadas as Emendas do Senado Federal ao Projeto de Lei nº 996, de 2015, ressalvados os destaques. Sim: 23; Não: 404; Abstenção: 1; Total: 428.";PP;2;41;0
LEI 15134/2025;Câmara;2024-12-04;PL 4015/2023;"Rejeitadas as Emendas do Senado Federal ao Projeto de Lei nº 996, de 2015, ressalvados os destaques. Sim: 23; Não: 404; Abstenção: 1; Total: 428.";PRD;0;2;0
LEI 15134/2025;Câmara;2024-12-04;PL 4015/2023;"Rejeitadas as Emendas do Senado Federal ao Projeto de Lei nº 996, de 2015, ressalvados os destaques. Sim: 23; Não: 404; Abstenção: 1; Total: 428.";PSB;6;7;0
LEI 15134/2025;Câmara;2024-12-04;PL 4015/2023;"Rejeitadas as Emendas do Senado Federal ao Projeto de Lei nº 996, de 2015, ressalvados os destaques. Sim: 23; Não: 404; Abstenção: 1; Total: 428.";PSD;2;34;0
LEI 15134/2025;Câmara;2024-12-04;PL 4015/2023;"Rejeitadas as Emendas do Senado Federal ao Projeto de Lei nº 996, de 2015, ressalvados os destaques. Sim: 23; Não: 404; Abstenção: 1; Total: 428.";PSDB;0;10;0
LEI 15134/2025;Câmara;2024-12-04;PL 4015/2023;"Rejeitadas as Emendas do Senado Federal ao Projeto de Lei nº 996, de 2015, ressalvados os destaques. Sim: 23; Não: 404; Abstenção: 1; Total: 428.";PSOL;0;9;1
LEI 15134/2025;Câmara;2024-12-04;PL 4015/2023;"Rejeitadas as Emendas do Senado Federal ao Projeto de Lei nº 996, de 2015, ressalvados os destaques. Sim: 23; Não: 404; Abstenção: 1; Total: 428.";PT;5;57;0
LEI 15134/2025;Câmara;2024-12-04;PL 4015/2023;"Rejeitadas as Emendas do Senado Federal ao Projeto de Lei nº 996, de 2015, ressalvados os destaques. Sim: 23; Não: 404; Abstenção: 1; Total: 428.";PV;0;4;0
LEI 15134/2025;Câmara;2024-12-04;PL 4015/2023;"Rejeitadas as Emendas do Senado Federal ao Projeto de Lei nº 996, de 2015, ressalvados os destaques. Sim: 23; Não: 404; Abstenção: 1; Total: 428.";REPUBLICANOS;0;39;0
LEI 15134/2025;Câmara;2024-12-04;PL 4015/2023;"Rejeitadas as Emendas do Senado Federal ao Projeto de Lei nº 996, de 2015, ressalvados os destaques. Sim: 23; Não: 404; Abstenção: 1; Total: 428.";SOLIDARIEDADE;0;2;0
LEI 15134/2025;Câmara;2024-12-04;PL 4015/2023;"Rejeitadas as Emendas do Senado Federal ao Projeto de Lei nº 996, de 2015, ressalvados os destaques. Sim: 23; Não: 404; Abstenção: 1; Total: 428.";UNIÃO;3;44;0
LC 225/2026;Câmara;2025-10-30;PLP 125/2022;"Aprovado o Requerimento de Urgência (Art. 155 do RICD). Sim: 336; Não: 50; Total: 386.";AVANTE;7;0;0
LC 225/2026;Câmara;2025-10-30;PLP 125/2022;"Aprovado o Requerimento de Urgência (Art. 155 do RICD). Sim: 336; Não: 50; Total: 386.";CIDADANIA;2;0;0
LC 225/2026;Câmara;2025-10-30;PLP 125/2022;"Aprovado o Requerimento de Urgência (Art. 155 do RICD). Sim: 336; Não: 50; Total: 386.";MDB;28;1;0
LC 225/2026;Câmara;2025-10-30;PLP 125/2022;"Aprovado o Requerimento de Urgência (Art. 155 do RICD). Sim: 336; Não: 50; Total: 386.";NOVO;4;0;0
LC 225/2026;Câmara;2025-10-30;PLP 125/2022;"Aprovado o Requerimento de Urgência (Art. 155 do RICD). Sim: 336; Não: 50; Total: 386.";PCdoB;5;1;0
LC 225/2026;Câmara;2025-10-30;PLP 125/2022;"Aprovado o Requerimento de Urgência (Art. 155 do RICD). Sim: 336; Não: 50; Total: 386.";PDT;15;0;0
LC 225/2026;Câmara;2025-10-30;PLP 125/2022;"Aprovado o Requerimento de Urgência (Art. 155 do RICD). Sim: 336; Não: 50; Total: 386.";PL;30;35;0
LC 225/2026;Câmara;2025-10-30;PLP 125/2022;"Aprovado o Requerimento de Urgência (Art. 155 do RICD). Sim: 336; Não: 50; Total: 386.";PODE;12;1;0
LC 225/2026;Câmara;2025-10-30;PLP 125/2022;"Aprovado o Requerimento de Urgência (Art. 155 do RICD). Sim: 336; Não: 50; Total: 386.";PP;30;5;0
LC 225/2026;Câmara;2025-10-30;PLP 125/2022;"Aprovado o Requerimento de Urgência (Art. 155 do RICD). Sim: 336; Não: 50; Total: 386.";PRD;4;1;0
LC 225/2026;Câmara;2025-10-30;PLP 125/2022;"Aprovado o Requerimento de Urgência (Art. 155 do RICD). Sim: 336; Não: 50; Total: 386.";PSB;16;0;0
LC 225/2026;Câmara;2025-10-30;PLP 125/2022;"Aprovado o Requerimento de Urgência (Art. 155 do RICD). Sim: 336; Não: 50; Total: 386.";PSD;22;1;0
LC 225/2026;Câmara;2025-10-30;PLP 125/2022;"Aprovado o Requerimento de Urgência (Art. 155 do RICD). Sim: 336; Não: 50; Total: 386.";PSDB;11;1;0
LC 225/2026;Câmara;2025-10-30;PLP 125/2022;"Aprovado o Requerimento de Urgência (Art. 155 do RICD). Sim: 336; Não: 50; Total: 386.";PSOL;9;0;0
LC 225/2026;Câmara;2025-10-30;PLP 125/2022;"Aprovado o Requerimento de Urgência (Art. 155 do RICD). Sim: 336; Não: 50; Total: 386.";PT;54;0;0
LC 225/2026;Câmara;2025-10-30;PLP 125/2022;"Aprovado o Requerimento de Urgência (Art. 155 do RICD). Sim: 336; Não: 50; Total: 386.";PV;3;0;0
LC 225/2026;Câmara;2025-10-30;PLP 125/2022;"Aprovado o Requerimento de Urgência (Art. 155 do RICD). Sim: 336; Não: 50; Total: 386.";REPUBLICANOS;38;1;0
LC 225/2026;Câmara;2025-10-30;PLP 125/2022;"Aprovado o Requerimento de Urgência (Art. 155 do RICD). Sim: 336; Não: 50; Total: 386.";SOLIDARIEDADE;2;0;0
LC 225/2026;Câmara;2025-10-30;PLP 125/2022;"Aprovado o Requerimento de Urgência (Art. 155 do RICD). Sim: 336; Não: 50; Total: 386.";UNIÃO;44;3;0
LC 225/2026;Câmara;2025-12-09;PLP 125/2022;"Rejeitadas as Emendas de Plenário. Sim: 8; Não: 382; Total: 390.";AVANTE;0;5;0
LC 225/2026;Câmara;2025-12-09;PLP 125/2022;"Rejeitadas as Emendas de Plenário. Sim: 8; Não: 382; Total: 390.";CIDADANIA;0;3;0
LC 225/2026;Câmara;2025-12-09;PLP 125/2022;"Rejeitadas as Emendas de Plenário. Sim: 8; Não: 382; Total: 390.";MDB;1;29;0
LC 225/2026;Câmara;2025-12-09;PLP 125/2022;"Rejeitadas as Emendas de Plenário. Sim: 8; Não: 382; Total: 390.";NOVO;0;5;0
LC 225/2026;Câmara;2025-12-09;PLP 125/2022;"Rejeitadas as Emendas de Plenário. Sim: 8; Não: 382; Total: 390.";PCdoB;0;8;0
LC 225/2026;Câmara;2025-12-09;PLP 125/2022;"Rejeitadas as Emendas de Plenário. Sim: 8; Não: 382; Total: 390.";PDT;0;13;0
LC 225/2026;Câmara;2025-12-09;PLP 125/2022;"Rejeitadas as Emendas de Plenário. Sim: 8; Não: 382; Total: 390.";PL;2;65;0
LC 225/2026;Câmara;2025-12-09;PLP 125/2022;"Rejeitadas as Emendas de Plenário. Sim: 8; Não: 382; Total: 390.";PODE;0;15;0
LC 225/2026;Câmara;2025-12-09;PLP 125/2022;"Rejeitadas as Emendas de Plenário. Sim: 8; Não: 382; Total: 390.";PP;1;38;0
LC 225/2026;Câmara;2025-12-09;PLP 125/2022;"Rejeitadas as Emendas de Plenário. Sim: 8; Não: 382; Total: 390.";PRD;0;5;0
LC 225/2026;Câmara;2025-12-09;PLP 125/2022;"Rejeitadas as Emendas de Plenário. Sim: 8; Não: 382; Total: 390.";PSB;2;8;0
LC 225/2026;Câmara;2025-12-09;PLP 125/2022;"Rejeitadas as Emendas de Plenário. Sim: 8; Não: 382; Total: 390.";PSD;0;35;0
LC 225/2026;Câmara;2025-12-09;PLP 125/2022;"Rejeitadas as Emendas de Plenário. Sim: 8; Não: 382; Total: 390.";PSDB;0;11;0
LC 225/2026;Câmara;2025-12-09;PLP 125/2022;"Rejeitadas as Emendas de Plenário. Sim: 8; Não: 382; Total: 390.";PSOL;0;9;0
LC 225/2026;Câmara;2025-12-09;PLP 125/2022;"Rejeitadas as Emendas de Plenário. Sim: 8; Não: 382; Total: 390.";PT;1;43;0
LC 225/2026;Câmara;2025-12-09;PLP 125/2022;"Rejeitadas as Emendas de Plenário. Sim: 8; Não: 382; Total: 390.";PV;0;2;0
LC 225/2026;Câmara;2025-12-09;PLP 125/2022;"Rejeitadas as Emendas de Plenário. Sim: 8; Não: 382; Total: 390.";REDE;0;3;0
LC 225/2026;Câmara;2025-12-09;PLP 125/2022;"Rejeitadas as Emendas de Plenário. Sim: 8; Não: 382; Total: 390.";REPUBLICANOS;0;30;0
LC 225/2026;Câmara;2025-12-09;PLP 125/2022;"Rejeitadas as Emendas de Plenário. Sim: 8; Não: 382; Total: 390.";SOLIDARIEDADE;1;4;0
LC 225/2026;Câmara;2025-12-09;PLP 125/2022;"Rejeitadas as Emendas de Plenário. Sim: 8; Não: 382; Total: 390.";UNIÃO;0;51;0
LC 225/2026;Câmara;2025-12-09;PLP 125/2022;"Aprovado o Projeto de Lei Complementar nº 125, de 2022. Sim: 436; Não: 2; Total: 438.";AVANTE;8;0;0
LC 225/2026;Câmara;2025-12-09;PLP 125/2022;"Aprovado o Projeto de Lei Complementar nº 125, de 2022. Sim: 436; Não: 2; Total: 438.";CIDADANIA;3;0;0
LC 225/2026;Câmara;2025-12-09;PLP 125/2022;"Aprovado o Projeto de Lei Complementar nº 125, de 2022. Sim: 436; Não: 2; Total: 438.";MDB;31;0;0
LC 225/2026;Câmara;2025-12-09;PLP 125/2022;"Aprovado o Projeto de Lei Complementar nº 125, de 2022. Sim: 436; Não: 2; Total: 438.";NOVO;5;0;0
LC 225/2026;Câmara;2025-12-09;PLP 125/2022;"Aprovado o Projeto de Lei Complementar nº 125, de 2022. Sim: 436; Não: 2; Total: 438.";PCdoB;9;0;0
LC 225/2026;Câmara;2025-12-09;PLP 125/2022;"Aprovado o Projeto de Lei Complementar nº 125, de 2022. Sim: 436; Não: 2; Total: 438.";PDT;16;0;0
LC 225/2026;Câmara;2025-12-09;PLP 125/2022;"Aprovado o Projeto de Lei Complementar nº 125, de 2022. Sim: 436; Não: 2; Total: 438.";PL;73;0;0
LC 225/2026;Câmara;2025-12-09;PLP 125/2022;"Aprovado o Projeto de Lei Complementar nº 125, de 2022. Sim: 436; Não: 2; Total: 438.";PODE;16;0;0
LC 225/2026;Câmara;2025-12-09;PLP 125/2022;"Aprovado o Projeto de Lei Complementar nº 125, de 2022. Sim: 436; Não: 2; Total: 438.";PP;39;1;0
LC 225/2026;Câmara;2025-12-09;PLP 125/2022;"Aprovado o Projeto de Lei Complementar nº 125, de 2022. Sim: 436; Não: 2; Total: 438.";PRD;5;0;0
LC 225/2026;Câmara;2025-12-09;PLP 125/2022;"Aprovado o Projeto de Lei Complementar nº 125, de 2022. Sim: 436; Não: 2; Total: 438.";PSB;13;0;0
LC 225/2026;Câmara;2025-12-09;PLP 125/2022;"Aprovado o Projeto de Lei Complementar nº 125, de 2022. Sim: 436; Não: 2; Total: 438.";PSD;41;0;0
LC 225/2026;Câmara;2025-12-09;PLP 125/2022;"Aprovado o Projeto de Lei Complementar nº 125, de 2022. Sim: 436; Não: 2; Total: 438.";PSDB;13;0;0
LC 225/2026;Câmara;2025-12-09;PLP 125/2022;"Aprovado o Projeto de Lei Complementar nº 125, de 2022. Sim: 436; Não: 2; Total: 438.";PSOL;8;0;0
LC 225/2026;Câmara;2025-12-09;PLP 125/2022;"Aprovado o Projeto de Lei Complementar nº 125, de 2022. Sim: 436; Não: 2; Total: 438.";PT;58;1;0
LC 225/2026;Câmara;2025-12-09;PLP 125/2022;"Aprovado o Projeto de Lei Complementar nº 125, de 2022. Sim: 436; Não: 2; Total: 438.";PV;2;0;0
LC 225/2026;Câmara;2025-12-09;PLP 125/2022;"Aprovado o Projeto de Lei Complementar nº 125, de 2022. Sim: 436; Não: 2; Total: 438.";REDE;3;0;0
LC 225/2026;Câmara;2025-12-09;PLP 125/2022;"Aprovado o Projeto de Lei Complementar nº 125, de 2022. Sim: 436; Não: 2; Total: 438.";REPUBLICANOS;35;0;0
LC 225/2026;Câmara;2025-12-09;PLP 125/2022;"Aprovado o Projeto de Lei Complementar nº 125, de 2022. Sim: 436; Não: 2; Total: 438.";SOLIDARIEDADE;5;0;0
LC 225/2026;Câmara;2025-12-09;PLP 125/2022;"Aprovado o Projeto de Lei Complementar nº 125, de 2022. Sim: 436; Não: 2; Total: 438.";UNIÃO;53;0;0
LC 225/2026;Senado;2025-09-02;PLP 125/2022;Votação nominal da Emenda nº 6 (Substitutivo) ao PLP nº 125/2022, nos termos da subemenda substitutiva de Plenário. Resultado: Aprovado;UNIÃO;5;0;1
LC 225/2026;Senado;2025-09-02;PLP 125/2022;Votação nominal da Emenda nº 6 (Substitutivo) ao PLP nº 125/2022, nos termos da subemenda substitutiva de Plenário. Resultado: Aprovado;MDB;11;0;1
LC 225/2026;Senado;2025-09-02;PLP 125/2022;Votação nominal da Emenda nº 6 (Substitutivo) ao PLP nº 125/2022, nos termos da subemenda substitutiva de Plenário. Resultado: Aprovado;PDT;3;0;0
LC 225/2026;Senado;2025-09-02;PLP 125/2022;Votação nominal da Emenda nº 6 (Substitutivo) ao PLP nº 125/2022, nos termos da subemenda substitutiva de Plenário. Resultado: Aprovado;PSD;12;0;0
LC 225/2026;Senado;2025-09-02;PLP 125/2022;Votação nominal da Emenda nº 6 (Substitutivo) ao PLP nº 125/2022, nos termos da subemenda substitutiva de Plenário. Resultado: Aprovado;PL;13;0;2
LC 225/2026;Senado;2025-09-02;PLP 125/2022;Votação nominal da Emenda nº 6 (Substitutivo) ao PLP nº 125/2022, nos termos da subemenda substitutiva de Plenário. Resultado: Aprovado;PT;9;0;0
LC 225/2026;Senado;2025-09-02;PLP 125/2022;Votação nominal da Emenda nº 6 (Substitutivo) ao PLP nº 125/2022, nos termos da subemenda substitutiva de Plenário. Resultado: Aprovado;PODEMOS;2;0;2
LC 225/2026;Senado;2025-09-02;PLP 125/2022;Votação nominal da Emenda nº 6 (Substitutivo) ao PLP nº 125/2022, nos termos da subemenda substitutiva de Plenário. Resultado: Aprovado;PSB;2;0;2
LC 225/2026;Senado;2025-09-02;PLP 125/2022;Votação nominal da Emenda nº 6 (Substitutivo) ao PLP nº 125/2022, nos termos da subemenda substitutiva de Plenário. Resultado: Aprovado;PP;8;0;0
LC 225/2026;Senado;2025-09-02;PLP 125/2022;Votação nominal da Emenda nº 6 (Substitutivo) ao PLP nº 125/2022, nos termos da subemenda substitutiva de Plenário. Resultado: Aprovado;REPUBLICANOS;4;0;0
LC 225/2026;Senado;2025-09-02;PLP 125/2022;Votação nominal da Emenda nº 6 (Substitutivo) ao PLP nº 125/2022, nos termos da subemenda substitutiva de Plenário. Resultado: Aprovado;NOVO;1;0;0
LC 225/2026;Senado;2025-09-02;PLP 125/2022;Votação nominal da Emenda nº 6 (Substitutivo) ao PLP nº 125/2022, nos termos da subemenda substitutiva de Plenário. Resultado: Aprovado;PSDB;1;0;2
LEI 15358/2026;Câmara;2025-11-18;PL 5582/2025;"Aprovada a Emenda de Plenário nº 25. Sim: 349; Não: 40; Abstenção: 1; Total: 390.";AVANTE;4;0;1
LEI 15358/2026;Câmara;2025-11-18;PL 5582/2025;"Aprovada a Emenda de Plenário nº 25. Sim: 349; Não: 40; Abstenção: 1; Total: 390.";CIDADANIA;2;0;0
LEI 15358/2026;Câmara;2025-11-18;PL 5582/2025;"Aprovada a Emenda de Plenário nº 25. Sim: 349; Não: 40; Abstenção: 1; Total: 390.";MDB;30;1;0
LEI 15358/2026;Câmara;2025-11-18;PL 5582/2025;"Aprovada a Emenda de Plenário nº 25. Sim: 349; Não: 40; Abstenção: 1; Total: 390.";NOVO;5;0;0
LEI 15358/2026;Câmara;2025-11-18;PL 5582/2025;"Aprovada a Emenda de Plenário nº 25. Sim: 349; Não: 40; Abstenção: 1; Total: 390.";PCdoB;4;1;0
LEI 15358/2026;Câmara;2025-11-18;PL 5582/2025;"Aprovada a Emenda de Plenário nº 25. Sim: 349; Não: 40; Abstenção: 1; Total: 390.";PDT;4;9;0
LEI 15358/2026;Câmara;2025-11-18;PL 5582/2025;"Aprovada a Emenda de Plenário nº 25. Sim: 349; Não: 40; Abstenção: 1; Total: 390.";PL;70;0;0
LEI 15358/2026;Câmara;2025-11-18;PL 5582/2025;"Aprovada a Emenda de Plenário nº 25. Sim: 349; Não: 40; Abstenção: 1; Total: 390.";PODE;9;6;0
LEI 15358/2026;Câmara;2025-11-18;PL 5582/2025;"Aprovada a Emenda de Plenário nº 25. Sim: 349; Não: 40; Abstenção: 1; Total: 390.";PP;42;1;0
LEI 15358/2026;Câmara;2025-11-18;PL 5582/2025;"Aprovada a Emenda de Plenário nº 25. Sim: 349; Não: 40; Abstenção: 1; Total: 390.";PRD;3;0;0
LEI 15358/2026;Câmara;2025-11-18;PL 5582/2025;"Aprovada a Emenda de Plenário nº 25. Sim: 349; Não: 40; Abstenção: 1; Total: 390.";PSB;9;2;0
LEI 15358/2026;Câmara;2025-11-18;PL 5582/2025;"Aprovada a Emenda de Plenário nº 25. Sim: 349; Não: 40; Abstenção: 1; Total: 390.";PSD;32;4;0
LEI 15358/2026;Câmara;2025-11-18;PL 5582/2025;"Aprovada a Emenda de Plenário nº 25. Sim: 349; Não: 40; Abstenção: 1; Total: 390.";PSDB;9;2;0
LEI 15358/2026;Câmara;2025-11-18;PL 5582/2025;"Aprovada a Emenda de Plenário nº 25. Sim: 349; Não: 40; Abstenção: 1; Total: 390.";PSOL;0;11;0
LEI 15358/2026;Câmara;2025-11-18;PL 5582/2025;"Aprovada a Emenda de Plenário nº 25. Sim: 349; Não: 40; Abstenção: 1; Total: 390.";PT;42;0;0
LEI 15358/2026;Câmara;2025-11-18;PL 5582/2025;"Aprovada a Emenda de Plenário nº 25. Sim: 349; Não: 40; Abstenção: 1; Total: 390.";PV;3;0;0
LEI 15358/2026;Câmara;2025-11-18;PL 5582/2025;"Aprovada a Emenda de Plenário nº 25. Sim: 349; Não: 40; Abstenção: 1; Total: 390.";REDE;0;1;0
LEI 15358/2026;Câmara;2025-11-18;PL 5582/2025;"Aprovada a Emenda de Plenário nº 25. Sim: 349; Não: 40; Abstenção: 1; Total: 390.";REPUBLICANOS;31;2;0
LEI 15358/2026;Câmara;2025-11-18;PL 5582/2025;"Aprovada a Emenda de Plenário nº 25. Sim: 349; Não: 40; Abstenção: 1; Total: 390.";SOLIDARIEDADE;3;0;0
LEI 15358/2026;Câmara;2025-11-18;PL 5582/2025;"Aprovada a Emenda de Plenário nº 25. Sim: 349; Não: 40; Abstenção: 1; Total: 390.";UNIÃO;47;0;0
LEI 15358/2026;Câmara;2025-11-18;PL 5582/2025;"Rejeitada a preferência. Sim: 107; Não: 298; Abstenção: 2; Total: 407.";AVANTE;1;4;1
LEI 15358/2026;Câmara;2025-11-18;PL 5582/2025;"Rejeitada a preferência. Sim: 107; Não: 298; Abstenção: 2; Total: 407.";CIDADANIA;0;2;0
LEI 15358/2026;Câmara;2025-11-18;PL 5582/2025;"Rejeitada a preferência. Sim: 107; Não: 298; Abstenção: 2; Total: 407.";MDB;3;30;1
LEI 15358/2026;Câmara;2025-11-18;PL 5582/2025;"Rejeitada a preferência. Sim: 107; Não: 298; Abstenção: 2; Total: 407.";NOVO;0;5;0
LEI 15358/2026;Câmara;2025-11-18;PL 5582/2025;"Rejeitada a preferência. Sim: 107; Não: 298; Abstenção: 2; Total: 407.";PCdoB;9;0;0
LEI 15358/2026;Câmara;2025-11-18;PL 5582/2025;"Rejeitada a preferência. Sim: 107; Não: 298; Abstenção: 2; Total: 407.";PDT;6;8;0
LEI 15358/2026;Câmara;2025-11-18;PL 5582/2025;"Rejeitada a preferência. Sim: 107; Não: 298; Abstenção: 2; Total: 407.";PL;0;67;0
LEI 15358/2026;Câmara;2025-11-18;PL 5582/2025;"Rejeitada a preferência. Sim: 107; Não: 298; Abstenção: 2; Total: 407.";PODE;5;11;0
LEI 15358/2026;Câmara;2025-11-18;PL 5582/2025;"Rejeitada a preferência. Sim: 107; Não: 298; Abstenção: 2; Total: 407.";PP;1;42;0
LEI 15358/2026;Câmara;2025-11-18;PL 5582/2025;"Rejeitada a preferência. Sim: 107; Não: 298; Abstenção: 2; Total: 407.";PRD;0;3;0
LEI 15358/2026;Câmara;2025-11-18;PL 5582/2025;"Rejeitada a preferência. Sim: 107; Não: 298; Abstenção: 2; Total: 407.";PSB;12;3;0
LEI 15358/2026;Câmara;2025-11-18;PL 5582/2025;"Rejeitada a preferência. Sim: 107; Não: 298; Abstenção: 2; Total: 407.";PSD;1;33;0
LEI 15358/2026;Câmara;2025-11-18;PL 5582/2025;"Rejeitada a preferência. Sim: 107; Não: 298; Abstenção: 2; Total: 407.";PSDB;1;10;0
LEI 15358/2026;Câmara;2025-11-18;PL 5582/2025;"Rejeitada a preferência. Sim: 107; Não: 298; Abstenção: 2; Total: 407.";PSOL;4;0;0
LEI 15358/2026;Câmara;2025-11-18;PL 5582/2025;"Rejeitada a preferência. Sim: 107; Não: 298; Abstenção: 2; Total: 407.";PT;54;0;0
LEI 15358/2026;Câmara;2025-11-18;PL 5582/2025;"Rejeitada a preferência. Sim: 107; Não: 298; Abstenção: 2; Total: 407.";PV;3;0;0
LEI 15358/2026;Câmara;2025-11-18;PL 5582/2025;"Rejeitada a preferência. Sim: 107; Não: 298; Abstenção: 2; Total: 407.";REDE;2;0;0
LEI 15358/2026;Câmara;2025-11-18;PL 5582/2025;"Rejeitada a preferência. Sim: 107; Não: 298; Abstenção: 2; Total: 407.";REPUBLICANOS;0;33;0
LEI 15358/2026;Câmara;2025-11-18;PL 5582/2025;"Rejeitada a preferência. Sim: 107; Não: 298; Abstenção: 2; Total: 407.";SOLIDARIEDADE;2;2;0
LEI 15358/2026;Câmara;2025-11-18;PL 5582/2025;"Rejeitada a preferência. Sim: 107; Não: 298; Abstenção: 2; Total: 407.";UNIÃO;3;45;0
LEI 15358/2026;Câmara;2025-11-18;PL 5582/2025;"Mantido o texto. Sim: 298; Não: 109; Abstenção: 1; Total: 408.";AVANTE;4;1;1
LEI 15358/2026;Câmara;2025-11-18;PL 5582/2025;"Mantido o texto. Sim: 298; Não: 109; Abstenção: 1; Total: 408.";CIDADANIA;2;0;0
LEI 15358/2026;Câmara;2025-11-18;PL 5582/2025;"Mantido o texto. Sim: 298; Não: 109; Abstenção: 1; Total: 408.";MDB;29;2;0
LEI 15358/2026;Câmara;2025-11-18;PL 5582/2025;"Mantido o texto. Sim: 298; Não: 109; Abstenção: 1; Total: 408.";NOVO;5;0;0
LEI 15358/2026;Câmara;2025-11-18;PL 5582/2025;"Mantido o texto. Sim: 298; Não: 109; Abstenção: 1; Total: 408.";PCdoB;0;9;0
LEI 15358/2026;Câmara;2025-11-18;PL 5582/2025;"Mantido o texto. Sim: 298; Não: 109; Abstenção: 1; Total: 408.";PDT;10;5;0
LEI 15358/2026;Câmara;2025-11-18;PL 5582/2025;"Mantido o texto. Sim: 298; Não: 109; Abstenção: 1; Total: 408.";PL;70;1;0
LEI 15358/2026;Câmara;2025-11-18;PL 5582/2025;"Mantido o texto. Sim: 298; Não: 109; Abstenção: 1; Total: 408.";PODE;9;4;0
LEI 15358/2026;Câmara;2025-11-18;PL 5582/2025;"Mantido o texto. Sim: 298; Não: 109; Abstenção: 1; Total: 408.";PP;40;1;0
LEI 15358/2026;Câmara;2025-11-18;PL 5582/2025;"Mantido o texto. Sim: 298; Não: 109; Abstenção: 1; Total: 408.";PRD;3;0;0
LEI 15358/2026;Câmara;2025-11-18;PL 5582/2025;"Mantido o texto. Sim: 298; Não: 109; Abstenção: 1; Total: 408.";PSB;3;9;0
LEI 15358/2026;Câmara;2025-11-18;PL 5582/2025;"Mantido o texto. Sim: 298; Não: 109; Abstenção: 1; Total: 408.";PSD;32;1;0
LEI 15358/2026;Câmara;2025-11-18;PL 5582/2025;"Mantido o texto. Sim: 298; Não: 109; Abstenção: 1; Total: 408.";PSDB;8;3;0
LEI 15358/2026;Câmara;2025-11-18;PL 5582/2025;"Mantido o texto. Sim: 298; Não: 109; Abstenção: 1; Total: 408.";PSOL;0;11;0
LEI 15358/2026;Câmara;2025-11-18;PL 5582/2025;"Mantido o texto. Sim: 298; Não: 109; Abstenção: 1; Total: 408.";PT;0;55;0
LEI 15358/2026;Câmara;2025-11-18;PL 5582/2025;"Mantido o texto. Sim: 298; Não: 109; Abstenção: 1; Total: 408.";PV;0;3;0
LEI 15358/2026;Câmara;2025-11-18;PL 5582/2025;"Mantido o texto. Sim: 298; Não: 109; Abstenção: 1; Total: 408.";REDE;0;2;0
LEI 15358/2026;Câmara;2025-11-18;PL 5582/2025;"Mantido o texto. Sim: 298; Não: 109; Abstenção: 1; Total: 408.";REPUBLICANOS;37;0;0
LEI 15358/2026;Câmara;2025-11-18;PL 5582/2025;"Mantido o texto. Sim: 298; Não: 109; Abstenção: 1; Total: 408.";SOLIDARIEDADE;3;0;0
LEI 15358/2026;Câmara;2025-11-18;PL 5582/2025;"Mantido o texto. Sim: 298; Não: 109; Abstenção: 1; Total: 408.";UNIÃO;43;2;0
LEI 15358/2026;Câmara;2025-11-18;PL 5582/2025;"Rejeitada a Emenda de Plenário nº 33. Sim: 142; Não: 298; Abstenção: 1; Total: 441.";AVANTE;1;3;1
LEI 15358/2026;Câmara;2025-11-18;PL 5582/2025;"Rejeitada a Emenda de Plenário nº 33. Sim: 142; Não: 298; Abstenção: 1; Total: 441.";CIDADANIA;0;3;0
LEI 15358/2026;Câmara;2025-11-18;PL 5582/2025;"Rejeitada a Emenda de Plenário nº 33. Sim: 142; Não: 298; Abstenção: 1; Total: 441.";MDB;16;18;0
LEI 15358/2026;Câmara;2025-11-18;PL 5582/2025;"Rejeitada a Emenda de Plenário nº 33. Sim: 142; Não: 298; Abstenção: 1; Total: 441.";NOVO;0;5;0
LEI 15358/2026;Câmara;2025-11-18;PL 5582/2025;"Rejeitada a Emenda de Plenário nº 33. Sim: 142; Não: 298; Abstenção: 1; Total: 441.";PCdoB;9;0;0
LEI 15358/2026;Câmara;2025-11-18;PL 5582/2025;"Rejeitada a Emenda de Plenário nº 33. Sim: 142; Não: 298; Abstenção: 1; Total: 441.";PDT;4;12;0
LEI 15358/2026;Câmara;2025-11-18;PL 5582/2025;"Rejeitada a Emenda de Plenário nº 33. Sim: 142; Não: 298; Abstenção: 1; Total: 441.";PL;0;74;0
LEI 15358/2026;Câmara;2025-11-18;PL 5582/2025;"Rejeitada a Emenda de Plenário nº 33. Sim: 142; Não: 298; Abstenção: 1; Total: 441.";PODE;4;11;0
LEI 15358/2026;Câmara;2025-11-18;PL 5582/2025;"Rejeitada a Emenda de Plenário nº 33. Sim: 142; Não: 298; Abstenção: 1; Total: 441.";PP;2;42;0
LEI 15358/2026;Câmara;2025-11-18;PL 5582/2025;"Rejeitada a Emenda de Plenário nº 33. Sim: 142; Não: 298; Abstenção: 1; Total: 441.";PRD;0;4;0
LEI 15358/2026;Câmara;2025-11-18;PL 5582/2025;"Rejeitada a Emenda de Plenário nº 33. Sim: 142; Não: 298; Abstenção: 1; Total: 441.";PSB;12;3;0
LEI 15358/2026;Câmara;2025-11-18;PL 5582/2025;"Rejeitada a Emenda de Plenário nº 33. Sim: 142; Não: 298; Abstenção: 1; Total: 441.";PSD;5;33;0
LEI 15358/2026;Câmara;2025-11-18;PL 5582/2025;"Rejeitada a Emenda de Plenário nº 33. Sim: 142; Não: 298; Abstenção: 1; Total: 441.";PSDB;3;8;0
LEI 15358/2026;Câmara;2025-11-18;PL 5582/2025;"Rejeitada a Emenda de Plenário nº 33. Sim: 142; Não: 298; Abstenção: 1; Total: 441.";PSOL;12;0;0
LEI 15358/2026;Câmara;2025-11-18;PL 5582/2025;"Rejeitada a Emenda de Plenário nº 33. Sim: 142; Não: 298; Abstenção: 1; Total: 441.";PT;59;0;0
LEI 15358/2026;Câmara;2025-11-18;PL 5582/2025;"Rejeitada a Emenda de Plenário nº 33. Sim: 142; Não: 298; Abstenção: 1; Total: 441.";PV;3;0;0
LEI 15358/2026;Câmara;2025-11-18;PL 5582/2025;"Rejeitada a Emenda de Plenário nº 33. Sim: 142; Não: 298; Abstenção: 1; Total: 441.";REDE;1;1;0
LEI 15358/2026;Câmara;2025-11-18;PL 5582/2025;"Rejeitada a Emenda de Plenário nº 33. Sim: 142; Não: 298; Abstenção: 1; Total: 441.";REPUBLICANOS;3;33;0
LEI 15358/2026;Câmara;2025-11-18;PL 5582/2025;"Rejeitada a Emenda de Plenário nº 33. Sim: 142; Não: 298; Abstenção: 1; Total: 441.";SOLIDARIEDADE;3;2;0
LEI 15358/2026;Câmara;2025-11-18;PL 5582/2025;"Rejeitada a Emenda de Plenário nº 33. Sim: 142; Não: 298; Abstenção: 1; Total: 441.";UNIÃO;5;46;0
LEI 15358/2026;Câmara;2025-11-18;PL 5582/2025;"Aprovado o Substitutivo ao Projeto de Lei nº 5.582, de 2025, adotado pelo relator da Comissão de Segurança Pública e Combate ao Crime Organizado, ressalvados os destaques. Sim: 370; Não: 110; Abstenção: 3; Total: 483.";AVANTE;4;2;1
LEI 15358/2026;Câmara;2025-11-18;PL 5582/2025;"Aprovado o Substitutivo ao Projeto de Lei nº 5.582, de 2025, adotado pelo relator da Comissão de Segurança Pública e Combate ao Crime Organizado, ressalvados os destaques. Sim: 370; Não: 110; Abstenção: 3; Total: 483.";CIDADANIA;4;0;0
LEI 15358/2026;Câmara;2025-11-18;PL 5582/2025;"Aprovado o Substitutivo ao Projeto de Lei nº 5.582, de 2025, adotado pelo relator da Comissão de Segurança Pública e Combate ao Crime Organizado, ressalvados os destaques. Sim: 370; Não: 110; Abstenção: 3; Total: 483.";MDB;37;1;0
LEI 15358/2026;Câmara;2025-11-18;PL 5582/2025;"Aprovado o Substitutivo ao Projeto de Lei nº 5.582, de 2025, adotado pelo relator da Comissão de Segurança Pública e Combate ao Crime Organizado, ressalvados os destaques. Sim: 370; Não: 110; Abstenção: 3; Total: 483.";NOVO;5;0;0
LEI 15358/2026;Câmara;2025-11-18;PL 5582/2025;"Aprovado o Substitutivo ao Projeto de Lei nº 5.582, de 2025, adotado pelo relator da Comissão de Segurança Pública e Combate ao Crime Organizado, ressalvados os destaques. Sim: 370; Não: 110; Abstenção: 3; Total: 483.";PCdoB;1;8;0
LEI 15358/2026;Câmara;2025-11-18;PL 5582/2025;"Aprovado o Substitutivo ao Projeto de Lei nº 5.582, de 2025, adotado pelo relator da Comissão de Segurança Pública e Combate ao Crime Organizado, ressalvados os destaques. Sim: 370; Não: 110; Abstenção: 3; Total: 483.";PDT;16;1;0
LEI 15358/2026;Câmara;2025-11-18;PL 5582/2025;"Aprovado o Substitutivo ao Projeto de Lei nº 5.582, de 2025, adotado pelo relator da Comissão de Segurança Pública e Combate ao Crime Organizado, ressalvados os destaques. Sim: 370; Não: 110; Abstenção: 3; Total: 483.";PL;80;2;0
LEI 15358/2026;Câmara;2025-11-18;PL 5582/2025;"Aprovado o Substitutivo ao Projeto de Lei nº 5.582, de 2025, adotado pelo relator da Comissão de Segurança Pública e Combate ao Crime Organizado, ressalvados os destaques. Sim: 370; Não: 110; Abstenção: 3; Total: 483.";PODE;12;1;0
LEI 15358/2026;Câmara;2025-11-18;PL 5582/2025;"Aprovado o Substitutivo ao Projeto de Lei nº 5.582, de 2025, adotado pelo relator da Comissão de Segurança Pública e Combate ao Crime Organizado, ressalvados os destaques. Sim: 370; Não: 110; Abstenção: 3; Total: 483.";PP;47;1;0
LEI 15358/2026;Câmara;2025-11-18;PL 5582/2025;"Aprovado o Substitutivo ao Projeto de Lei nº 5.582, de 2025, adotado pelo relator da Comissão de Segurança Pública e Combate ao Crime Organizado, ressalvados os destaques. Sim: 370; Não: 110; Abstenção: 3; Total: 483.";PRD;5;0;0
LEI 15358/2026;Câmara;2025-11-18;PL 5582/2025;"Aprovado o Substitutivo ao Projeto de Lei nº 5.582, de 2025, adotado pelo relator da Comissão de Segurança Pública e Combate ao Crime Organizado, ressalvados os destaques. Sim: 370; Não: 110; Abstenção: 3; Total: 483.";PSB;7;8;0
LEI 15358/2026;Câmara;2025-11-18;PL 5582/2025;"Aprovado o Substitutivo ao Projeto de Lei nº 5.582, de 2025, adotado pelo relator da Comissão de Segurança Pública e Combate ao Crime Organizado, ressalvados os destaques. Sim: 370; Não: 110; Abstenção: 3; Total: 483.";PSD;42;0;1
LEI 15358/2026;Câmara;2025-11-18;PL 5582/2025;"Aprovado o Substitutivo ao Projeto de Lei nº 5.582, de 2025, adotado pelo relator da Comissão de Segurança Pública e Combate ao Crime Organizado, ressalvados os destaques. Sim: 370; Não: 110; Abstenção: 3; Total: 483.";PSDB;11;2;0
LEI 15358/2026;Câmara;2025-11-18;PL 5582/2025;"Aprovado o Substitutivo ao Projeto de Lei nº 5.582, de 2025, adotado pelo relator da Comissão de Segurança Pública e Combate ao Crime Organizado, ressalvados os destaques. Sim: 370; Não: 110; Abstenção: 3; Total: 483.";PSOL;0;12;0
LEI 15358/2026;Câmara;2025-11-18;PL 5582/2025;"Aprovado o Substitutivo ao Projeto de Lei nº 5.582, de 2025, adotado pelo relator da Comissão de Segurança Pública e Combate ao Crime Organizado, ressalvados os destaques. Sim: 370; Não: 110; Abstenção: 3; Total: 483.";PT;0;65;0
LEI 15358/2026;Câmara;2025-11-18;PL 5582/2025;"Aprovado o Substitutivo ao Projeto de Lei nº 5.582, de 2025, adotado pelo relator da Comissão de Segurança Pública e Combate ao Crime Organizado, ressalvados os destaques. Sim: 370; Não: 110; Abstenção: 3; Total: 483.";PV;1;3;0
LEI 15358/2026;Câmara;2025-11-18;PL 5582/2025;"Aprovado o Substitutivo ao Projeto de Lei nº 5.582, de 2025, adotado pelo relator da Comissão de Segurança Pública e Combate ao Crime Organizado, ressalvados os destaques. Sim: 370; Não: 110; Abstenção: 3; Total: 483.";REDE;1;1;1
LEI 15358/2026;Câmara;2025-11-18;PL 5582/2025;"Aprovado o Substitutivo ao Projeto de Lei nº 5.582, de 2025, adotado pelo relator da Comissão de Segurança Pública e Combate ao Crime Organizado, ressalvados os destaques. Sim: 370; Não: 110; Abstenção: 3; Total: 483.";REPUBLICANOS;39;1;0
LEI 15358/2026;Câmara;2025-11-18;PL 5582/2025;"Aprovado o Substitutivo ao Projeto de Lei nº 5.582, de 2025, adotado pelo relator da Comissão de Segurança Pública e Combate ao Crime Organizado, ressalvados os destaques. Sim: 370; Não: 110; Abstenção: 3; Total: 483.";SOLIDARIEDADE;4;1;0
LEI 15358/2026;Câmara;2025-11-18;PL 5582/2025;"Aprovado o Substitutivo ao Projeto de Lei nº 5.582, de 2025, adotado pelo relator da Comissão de Segurança Pública e Combate ao Crime Organizado, ressalvados os destaques. Sim: 370; Não: 110; Abstenção: 3; Total: 483.";UNIÃO;54;1;0
LEI 15358/2026;Câmara;2025-11-18;PL 5582/2025;"Rejeitada a Preferência. Sim: 156; Não: 306; Total: 462.";AVANTE;2;5;0
LEI 15358/2026;Câmara;2025-11-18;PL 5582/2025;"Rejeitada a Preferência. Sim: 156; Não: 306; Total: 462.";CIDADANIA;0;3;0
LEI 15358/2026;Câmara;2025-11-18;PL 5582/2025;"Rejeitada a Preferência. Sim: 156; Não: 306; Total: 462.";MDB;15;20;0
LEI 15358/2026;Câmara;2025-11-18;PL 5582/2025;"Rejeitada a Preferência. Sim: 156; Não: 306; Total: 462.";NOVO;0;5;0
LEI 15358/2026;Câmara;2025-11-18;PL 5582/2025;"Rejeitada a Preferência. Sim: 156; Não: 306; Total: 462.";PCdoB;9;0;0
LEI 15358/2026;Câmara;2025-11-18;PL 5582/2025;"Rejeitada a Preferência. Sim: 156; Não: 306; Total: 462.";PDT;9;7;0
LEI 15358/2026;Câmara;2025-11-18;PL 5582/2025;"Rejeitada a Preferência. Sim: 156; Não: 306; Total: 462.";PL;0;79;0
LEI 15358/2026;Câmara;2025-11-18;PL 5582/2025;"Rejeitada a Preferência. Sim: 156; Não: 306; Total: 462.";PODE;5;11;0
LEI 15358/2026;Câmara;2025-11-18;PL 5582/2025;"Rejeitada a Preferência. Sim: 156; Não: 306; Total: 462.";PP;2;44;0
LEI 15358/2026;Câmara;2025-11-18;PL 5582/2025;"Rejeitada a Preferência. Sim: 156; Não: 306; Total: 462.";PRD;0;3;0
LEI 15358/2026;Câmara;2025-11-18;PL 5582/2025;"Rejeitada a Preferência. Sim: 156; Não: 306; Total: 462.";PSB;12;2;0
LEI 15358/2026;Câmara;2025-11-18;PL 5582/2025;"Rejeitada a Preferência. Sim: 156; Não: 306; Total: 462.";PSD;10;31;0
LEI 15358/2026;Câmara;2025-11-18;PL 5582/2025;"Rejeitada a Preferência. Sim: 156; Não: 306; Total: 462.";PSDB;3;10;0
LEI 15358/2026;Câmara;2025-11-18;PL 5582/2025;"Rejeitada a Preferência. Sim: 156; Não: 306; Total: 462.";PSOL;12;0;0
LEI 15358/2026;Câmara;2025-11-18;PL 5582/2025;"Rejeitada a Preferência. Sim: 156; Não: 306; Total: 462.";PT;63;0;0
LEI 15358/2026;Câmara;2025-11-18;PL 5582/2025;"Rejeitada a Preferência. Sim: 156; Não: 306; Total: 462.";PV;4;0;0
LEI 15358/2026;Câmara;2025-11-18;PL 5582/2025;"Rejeitada a Preferência. Sim: 156; Não: 306; Total: 462.";REDE;3;0;0
LEI 15358/2026;Câmara;2025-11-18;PL 5582/2025;"Rejeitada a Preferência. Sim: 156; Não: 306; Total: 462.";REPUBLICANOS;4;34;0
LEI 15358/2026;Câmara;2025-11-18;PL 5582/2025;"Rejeitada a Preferência. Sim: 156; Não: 306; Total: 462.";SOLIDARIEDADE;1;3;0
LEI 15358/2026;Câmara;2025-11-18;PL 5582/2025;"Rejeitada a Preferência. Sim: 156; Não: 306; Total: 462.";UNIÃO;2;49;0
LEI 15358/2026;Câmara;2025-11-18;PL 5582/2025;"Aprovado o Requerimento. Sim: 335; Não: 111; Total: 446.";AVANTE;5;2;0
LEI 15358/2026;Câmara;2025-11-18;PL 5582/2025;"Aprovado o Requerimento. Sim: 335; Não: 111; Total: 446.";CIDADANIA;4;0;0
LEI 15358/2026;Câmara;2025-11-18;PL 5582/2025;"Aprovado o Requerimento. Sim: 335; Não: 111; Total: 446.";MDB;31;1;0
LEI 15358/2026;Câmara;2025-11-18;PL 5582/2025;"Aprovado o Requerimento. Sim: 335; Não: 111; Total: 446.";NOVO;5;0;0
LEI 15358/2026;Câmara;2025-11-18;PL 5582/2025;"Aprovado o Requerimento. Sim: 335; Não: 111; Total: 446.";PCdoB;0;9;0
LEI 15358/2026;Câmara;2025-11-18;PL 5582/2025;"Aprovado o Requerimento. Sim: 335; Não: 111; Total: 446.";PDT;15;1;0
LEI 15358/2026;Câmara;2025-11-18;PL 5582/2025;"Aprovado o Requerimento. Sim: 335; Não: 111; Total: 446.";PL;77;2;0
LEI 15358/2026;Câmara;2025-11-18;PL 5582/2025;"Aprovado o Requerimento. Sim: 335; Não: 111; Total: 446.";PODE;12;4;0
LEI 15358/2026;Câmara;2025-11-18;PL 5582/2025;"Aprovado o Requerimento. Sim: 335; Não: 111; Total: 446.";PP;44;1;0
LEI 15358/2026;Câmara;2025-11-18;PL 5582/2025;"Aprovado o Requerimento. Sim: 335; Não: 111; Total: 446.";PRD;4;0;0
LEI 15358/2026;Câmara;2025-11-18;PL 5582/2025;"Aprovado o Requerimento. Sim: 335; Não: 111; Total: 446.";PSB;3;10;0
LEI 15358/2026;Câmara;2025-11-18;PL 5582/2025;"Aprovado o Requerimento. Sim: 335; Não: 111; Total: 446.";PSD;38;1;0
LEI 15358/2026;Câmara;2025-11-18;PL 5582/2025;"Aprovado o Requerimento. Sim: 335; Não: 111; Total: 446.";PSDB;9;2;0
LEI 15358/2026;Câmara;2025-11-18;PL 5582/2025;"Aprovado o Requerimento. Sim: 335; Não: 111; Total: 446.";PSOL;1;11;0
LEI 15358/2026;Câmara;2025-11-18;PL 5582/2025;"Aprovado o Requerimento. Sim: 335; Não: 111; Total: 446.";PT;0;59;0
LEI 15358/2026;Câmara;2025-11-18;PL 5582/2025;"Aprovado o Requerimento. Sim: 335; Não: 111; Total: 446.";PV;0;4;0
LEI 15358/2026;Câmara;2025-11-18;PL 5582/2025;"Aprovado o Requerimento. Sim: 335; Não: 111; Total: 446.";REDE;0;2;0
LEI 15358/2026;Câmara;2025-11-18;PL 5582/2025;"Aprovado o Requerimento. Sim: 335; Não: 111; Total: 446.";REPUBLICANOS;35;0;0
LEI 15358/2026;Câmara;2025-11-18;PL 5582/2025;"Aprovado o Requerimento. Sim: 335; Não: 111; Total: 446.";SOLIDARIEDADE;3;1;0
LEI 15358/2026;Câmara;2025-11-18;PL 5582/2025;"Aprovado o Requerimento. Sim: 335; Não: 111; Total: 446.";UNIÃO;49;1;0
LEI 15358/2026;Câmara;2025-11-18;PL 5582/2025;"Rejeitado o Requerimento. Sim: 114; Não: 335; Total: 449.";AVANTE;3;3;0
LEI 15358/2026;Câmara;2025-11-18;PL 5582/2025;"Rejeitado o Requerimento. Sim: 114; Não: 335; Total: 449.";CIDADANIA;0;3;0
LEI 15358/2026;Câmara;2025-11-18;PL 5582/2025;"Rejeitado o Requerimento. Sim: 114; Não: 335; Total: 449.";MDB;2;33;0
LEI 15358/2026;Câmara;2025-11-18;PL 5582/2025;"Rejeitado o Requerimento. Sim: 114; Não: 335; Total: 449.";NOVO;0;5;0
LEI 15358/2026;Câmara;2025-11-18;PL 5582/2025;"Rejeitado o Requerimento. Sim: 114; Não: 335; Total: 449.";PCdoB;9;0;0
LEI 15358/2026;Câmara;2025-11-18;PL 5582/2025;"Rejeitado o Requerimento. Sim: 114; Não: 335; Total: 449.";PDT;1;15;0
LEI 15358/2026;Câmara;2025-11-18;PL 5582/2025;"Rejeitado o Requerimento. Sim: 114; Não: 335; Total: 449.";PL;0;79;0
LEI 15358/2026;Câmara;2025-11-18;PL 5582/2025;"Rejeitado o Requerimento. Sim: 114; Não: 335; Total: 449.";PODE;3;13;0
LEI 15358/2026;Câmara;2025-11-18;PL 5582/2025;"Rejeitado o Requerimento. Sim: 114; Não: 335; Total: 449.";PP;1;43;0
LEI 15358/2026;Câmara;2025-11-18;PL 5582/2025;"Rejeitado o Requerimento. Sim: 114; Não: 335; Total: 449.";PRD;0;4;0
LEI 15358/2026;Câmara;2025-11-18;PL 5582/2025;"Rejeitado o Requerimento. Sim: 114; Não: 335; Total: 449.";PSB;11;4;0
LEI 15358/2026;Câmara;2025-11-18;PL 5582/2025;"Rejeitado o Requerimento. Sim: 114; Não: 335; Total: 449.";PSD;3;35;0
LEI 15358/2026;Câmara;2025-11-18;PL 5582/2025;"Rejeitado o Requerimento. Sim: 114; Não: 335; Total: 449.";PSDB;1;9;0
LEI 15358/2026;Câmara;2025-11-18;PL 5582/2025;"Rejeitado o Requerimento. Sim: 114; Não: 335; Total: 449.";PSOL;12;0;0
LEI 15358/2026;Câmara;2025-11-18;PL 5582/2025;"Rejeitado o Requerimento. Sim: 114; Não: 335; Total: 449.";PT;59;0;0
LEI 15358/2026;Câmara;2025-11-18;PL 5582/2025;"Rejeitado o Requerimento. Sim: 114; Não: 335; Total: 449.";PV;4;0;0
LEI 15358/2026;Câmara;2025-11-18;PL 5582/2025;"Rejeitado o Requerimento. Sim: 114; Não: 335; Total: 449.";REDE;2;0;0
LEI 15358/2026;Câmara;2025-11-18;PL 5582/2025;"Rejeitado o Requerimento. Sim: 114; Não: 335; Total: 449.";REPUBLICANOS;0;35;0
LEI 15358/2026;Câmara;2025-11-18;PL 5582/2025;"Rejeitado o Requerimento. Sim: 114; Não: 335; Total: 449.";SOLIDARIEDADE;1;4;0
LEI 15358/2026;Câmara;2025-11-18;PL 5582/2025;"Rejeitado o Requerimento. Sim: 114; Não: 335; Total: 449.";UNIÃO;2;50;0
LEI 15358/2026;Câmara;2025-11-18;PL 5582/2025;"Rejeitado o Requerimento. Sim: 110; Não: 316; Total: 426.";AVANTE;0;5;0
LEI 15358/2026;Câmara;2025-11-18;PL 5582/2025;"Rejeitado o Requerimento. Sim: 110; Não: 316; Total: 426.";CIDADANIA;0;3;0
LEI 15358/2026;Câmara;2025-11-18;PL 5582/2025;"Rejeitado o Requerimento. Sim: 110; Não: 316; Total: 426.";MDB;1;32;0
LEI 15358/2026;Câmara;2025-11-18;PL 5582/2025;"Rejeitado o Requerimento. Sim: 110; Não: 316; Total: 426.";NOVO;0;5;0
LEI 15358/2026;Câmara;2025-11-18;PL 5582/2025;"Rejeitado o Requerimento. Sim: 110; Não: 316; Total: 426.";PCdoB;8;0;0
LEI 15358/2026;Câmara;2025-11-18;PL 5582/2025;"Rejeitado o Requerimento. Sim: 110; Não: 316; Total: 426.";PDT;1;15;0
LEI 15358/2026;Câmara;2025-11-18;PL 5582/2025;"Rejeitado o Requerimento. Sim: 110; Não: 316; Total: 426.";PL;1;73;0
LEI 15358/2026;Câmara;2025-11-18;PL 5582/2025;"Rejeitado o Requerimento. Sim: 110; Não: 316; Total: 426.";PODE;1;15;0
LEI 15358/2026;Câmara;2025-11-18;PL 5582/2025;"Rejeitado o Requerimento. Sim: 110; Não: 316; Total: 426.";PP;1;38;0
LEI 15358/2026;Câmara;2025-11-18;PL 5582/2025;"Rejeitado o Requerimento. Sim: 110; Não: 316; Total: 426.";PRD;0;4;0
LEI 15358/2026;Câmara;2025-11-18;PL 5582/2025;"Rejeitado o Requerimento. Sim: 110; Não: 316; Total: 426.";PSB;5;6;0
LEI 15358/2026;Câmara;2025-11-18;PL 5582/2025;"Rejeitado o Requerimento. Sim: 110; Não: 316; Total: 426.";PSD;17;25;0
LEI 15358/2026;Câmara;2025-11-18;PL 5582/2025;"Rejeitado o Requerimento. Sim: 110; Não: 316; Total: 426.";PSDB;1;10;0
LEI 15358/2026;Câmara;2025-11-18;PL 5582/2025;"Rejeitado o Requerimento. Sim: 110; Não: 316; Total: 426.";PSOL;11;0;0
LEI 15358/2026;Câmara;2025-11-18;PL 5582/2025;"Rejeitado o Requerimento. Sim: 110; Não: 316; Total: 426.";PT;53;1;0
LEI 15358/2026;Câmara;2025-11-18;PL 5582/2025;"Rejeitado o Requerimento. Sim: 110; Não: 316; Total: 426.";PV;4;0;0
LEI 15358/2026;Câmara;2025-11-18;PL 5582/2025;"Rejeitado o Requerimento. Sim: 110; Não: 316; Total: 426.";REDE;1;0;0
LEI 15358/2026;Câmara;2025-11-18;PL 5582/2025;"Rejeitado o Requerimento. Sim: 110; Não: 316; Total: 426.";REPUBLICANOS;0;37;0
LEI 15358/2026;Câmara;2025-11-18;PL 5582/2025;"Rejeitado o Requerimento. Sim: 110; Não: 316; Total: 426.";SOLIDARIEDADE;1;3;0
LEI 15358/2026;Câmara;2025-11-18;PL 5582/2025;"Rejeitado o Requerimento. Sim: 110; Não: 316; Total: 426.";UNIÃO;4;44;0
LEI 15358/2026;Senado;2025-12-10;PL 5582/2025;Votação nominal da Emenda nº 117 (Substitutivo) ao Projeto de Lei nº 5.582, de 2025, nos termos do parecer. Resultado: Aprovado;REPUBLICANOS;5;0;0
LEI 15358/2026;Senado;2025-12-10;PL 5582/2025;Votação nominal da Emenda nº 117 (Substitutivo) ao Projeto de Lei nº 5.582, de 2025, nos termos do parecer. Resultado: Aprovado;MDB;9;0;2
LEI 15358/2026;Senado;2025-12-10;PL 5582/2025;Votação nominal da Emenda nº 117 (Substitutivo) ao Projeto de Lei nº 5.582, de 2025, nos termos do parecer. Resultado: Aprovado;PDT;3;0;0
LEI 15358/2026;Senado;2025-12-10;PL 5582/2025;Votação nominal da Emenda nº 117 (Substitutivo) ao Projeto de Lei nº 5.582, de 2025, nos termos do parecer. Resultado: Aprovado;PSD;11;0;3
LEI 15358/2026;Senado;2025-12-10;PL 5582/2025;Votação nominal da Emenda nº 117 (Substitutivo) ao Projeto de Lei nº 5.582, de 2025, nos termos do parecer. Resultado: Aprovado;PL;13;0;2
LEI 15358/2026;Senado;2025-12-10;PL 5582/2025;Votação nominal da Emenda nº 117 (Substitutivo) ao Projeto de Lei nº 5.582, de 2025, nos termos do parecer. Resultado: Aprovado;PT;7;0;2
LEI 15358/2026;Senado;2025-12-10;PL 5582/2025;Votação nominal da Emenda nº 117 (Substitutivo) ao Projeto de Lei nº 5.582, de 2025, nos termos do parecer. Resultado: Aprovado;PODEMOS;1;0;3
LEI 15358/2026;Senado;2025-12-10;PL 5582/2025;Votação nominal da Emenda nº 117 (Substitutivo) ao Projeto de Lei nº 5.582, de 2025, nos termos do parecer. Resultado: Aprovado;PSB;3;0;1
LEI 15358/2026;Senado;2025-12-10;PL 5582/2025;Votação nominal da Emenda nº 117 (Substitutivo) ao Projeto de Lei nº 5.582, de 2025, nos termos do parecer. Resultado: Aprovado;PP;5;0;2
LEI 15358/2026;Senado;2025-12-10;PL 5582/2025;Votação nominal da Emenda nº 117 (Substitutivo) ao Projeto de Lei nº 5.582, de 2025, nos termos do parecer. Resultado: Aprovado;UNIÃO;3;0;2
LEI 15358/2026;Senado;2025-12-10;PL 5582/2025;Votação nominal da Emenda nº 117 (Substitutivo) ao Projeto de Lei nº 5.582, de 2025, nos termos do parecer. Resultado: Aprovado;NOVO;1;0;0
LEI 15358/2026;Senado;2025-12-10;PL 5582/2025;Votação nominal da Emenda nº 117 (Substitutivo) ao Projeto de Lei nº 5.582, de 2025, nos termos do parecer. Resultado: Aprovado;PSDB;3;0;0
LEI 15384/2026;Câmara;2026-03-18;PL 3880/2024;"Mantido o texto. Sim: 232; Não: 151; Abstenção: 1; Total: 384.";AVANTE;3;1;0
LEI 15384/2026;Câmara;2026-03-18;PL 3880/2024;"Mantido o texto. Sim: 232; Não: 151; Abstenção: 1; Total: 384.";CIDADANIA;1;1;0
LEI 15384/2026;Câmara;2026-03-18;PL 3880/2024;"Mantido o texto. Sim: 232; Não: 151; Abstenção: 1; Total: 384.";MDB;21;9;0
LEI 15384/2026;Câmara;2026-03-18;PL 3880/2024;"Mantido o texto. Sim: 232; Não: 151; Abstenção: 1; Total: 384.";MISSÃO;0;1;0
LEI 15384/2026;Câmara;2026-03-18;PL 3880/2024;"Mantido o texto. Sim: 232; Não: 151; Abstenção: 1; Total: 384.";NOVO;0;5;0
LEI 15384/2026;Câmara;2026-03-18;PL 3880/2024;"Mantido o texto. Sim: 232; Não: 151; Abstenção: 1; Total: 384.";PCdoB;7;0;0
LEI 15384/2026;Câmara;2026-03-18;PL 3880/2024;"Mantido o texto. Sim: 232; Não: 151; Abstenção: 1; Total: 384.";PDT;8;2;0
LEI 15384/2026;Câmara;2026-03-18;PL 3880/2024;"Mantido o texto. Sim: 232; Não: 151; Abstenção: 1; Total: 384.";PL;4;66;0
LEI 15384/2026;Câmara;2026-03-18;PL 3880/2024;"Mantido o texto. Sim: 232; Não: 151; Abstenção: 1; Total: 384.";PODE;9;2;0
LEI 15384/2026;Câmara;2026-03-18;PL 3880/2024;"Mantido o texto. Sim: 232; Não: 151; Abstenção: 1; Total: 384.";PP;26;8;0
LEI 15384/2026;Câmara;2026-03-18;PL 3880/2024;"Mantido o texto. Sim: 232; Não: 151; Abstenção: 1; Total: 384.";PRD;1;2;0
LEI 15384/2026;Câmara;2026-03-18;PL 3880/2024;"Mantido o texto. Sim: 232; Não: 151; Abstenção: 1; Total: 384.";PSB;10;0;0
LEI 15384/2026;Câmara;2026-03-18;PL 3880/2024;"Mantido o texto. Sim: 232; Não: 151; Abstenção: 1; Total: 384.";PSD;27;6;0
LEI 15384/2026;Câmara;2026-03-18;PL 3880/2024;"Mantido o texto. Sim: 232; Não: 151; Abstenção: 1; Total: 384.";PSDB;10;2;0
LEI 15384/2026;Câmara;2026-03-18;PL 3880/2024;"Mantido o texto. Sim: 232; Não: 151; Abstenção: 1; Total: 384.";PSOL;9;0;0
LEI 15384/2026;Câmara;2026-03-18;PL 3880/2024;"Mantido o texto. Sim: 232; Não: 151; Abstenção: 1; Total: 384.";PT;57;0;0
LEI 15384/2026;Câmara;2026-03-18;PL 3880/2024;"Mantido o texto. Sim: 232; Não: 151; Abstenção: 1; Total: 384.";PV;3;0;0
LEI 15384/2026;Câmara;2026-03-18;PL 3880/2024;"Mantido o texto. Sim: 232; Não: 151; Abstenção: 1; Total: 384.";REDE;4;0;0
LEI 15384/2026;Câmara;2026-03-18;PL 3880/2024;"Mantido o texto. Sim: 232; Não: 151; Abstenção: 1; Total: 384.";REPUBLICANOS;7;26;0
LEI 15384/2026;Câmara;2026-03-18;PL 3880/2024;"Mantido o texto. Sim: 232; Não: 151; Abstenção: 1; Total: 384.";SOLIDARIEDADE;3;0;0
LEI 15384/2026;Câmara;2026-03-18;PL 3880/2024;"Mantido o texto. Sim: 232; Não: 151; Abstenção: 1; Total: 384.";UNIÃO;22;20;1
LEI 15384/2026;Câmara;2026-03-18;PL 3880/2024;"Rejeitado o Recurso nº 6/2026 contra parecer terminativo da Comissão de Constituição e Justiça e de Cidadania à Emenda de Plenário de nº 3 oferecida ao Projeto de Lei nº 3.880, de 2024 (Art. 132, § 2º C/C Art. 144, Caput, RICD). Sim: 152; Não: 254; Abstenção: 1; Total: 407.";AVANTE;1;6;0
LEI 15384/2026;Câmara;2026-03-18;PL 3880/2024;"Rejeitado o Recurso nº 6/2026 contra parecer terminativo da Comissão de Constituição e Justiça e de Cidadania à Emenda de Plenário de nº 3 oferecida ao Projeto de Lei nº 3.880, de 2024 (Art. 132, § 2º C/C Art. 144, Caput, RICD). Sim: 152; Não: 254; Abstenção: 1; Total: 407.";CIDADANIA;1;2;0
LEI 15384/2026;Câmara;2026-03-18;PL 3880/2024;"Rejeitado o Recurso nº 6/2026 contra parecer terminativo da Comissão de Constituição e Justiça e de Cidadania à Emenda de Plenário de nº 3 oferecida ao Projeto de Lei nº 3.880, de 2024 (Art. 132, § 2º C/C Art. 144, Caput, RICD). Sim: 152; Não: 254; Abstenção: 1; Total: 407.";MDB;10;21;0
LEI 15384/2026;Câmara;2026-03-18;PL 3880/2024;"Rejeitado o Recurso nº 6/2026 contra parecer terminativo da Comissão de Constituição e Justiça e de Cidadania à Emenda de Plenário de nº 3 oferecida ao Projeto de Lei nº 3.880, de 2024 (Art. 132, § 2º C/C Art. 144, Caput, RICD). Sim: 152; Não: 254; Abstenção: 1; Total: 407.";MISSÃO;1;0;0
LEI 15384/2026;Câmara;2026-03-18;PL 3880/2024;"Rejeitado o Recurso nº 6/2026 contra parecer terminativo da Comissão de Constituição e Justiça e de Cidadania à Emenda de Plenário de nº 3 oferecida ao Projeto de Lei nº 3.880, de 2024 (Art. 132, § 2º C/C Art. 144, Caput, RICD). Sim: 152; Não: 254; Abstenção: 1; Total: 407.";NOVO;5;0;0
LEI 15384/2026;Câmara;2026-03-18;PL 3880/2024;"Rejeitado o Recurso nº 6/2026 contra parecer terminativo da Comissão de Constituição e Justiça e de Cidadania à Emenda de Plenário de nº 3 oferecida ao Projeto de Lei nº 3.880, de 2024 (Art. 132, § 2º C/C Art. 144, Caput, RICD). Sim: 152; Não: 254; Abstenção: 1; Total: 407.";PCdoB;0;7;0
LEI 15384/2026;Câmara;2026-03-18;PL 3880/2024;"Rejeitado o Recurso nº 6/2026 contra parecer terminativo da Comissão de Constituição e Justiça e de Cidadania à Emenda de Plenário de nº 3 oferecida ao Projeto de Lei nº 3.880, de 2024 (Art. 132, § 2º C/C Art. 144, Caput, RICD). Sim: 152; Não: 254; Abstenção: 1; Total: 407.";PDT;0;11;0
LEI 15384/2026;Câmara;2026-03-18;PL 3880/2024;"Rejeitado o Recurso nº 6/2026 contra parecer terminativo da Comissão de Constituição e Justiça e de Cidadania à Emenda de Plenário de nº 3 oferecida ao Projeto de Lei nº 3.880, de 2024 (Art. 132, § 2º C/C Art. 144, Caput, RICD). Sim: 152; Não: 254; Abstenção: 1; Total: 407.";PL;70;4;0
LEI 15384/2026;Câmara;2026-03-18;PL 3880/2024;"Rejeitado o Recurso nº 6/2026 contra parecer terminativo da Comissão de Constituição e Justiça e de Cidadania à Emenda de Plenário de nº 3 oferecida ao Projeto de Lei nº 3.880, de 2024 (Art. 132, § 2º C/C Art. 144, Caput, RICD). Sim: 152; Não: 254; Abstenção: 1; Total: 407.";PODE;1;13;0
LEI 15384/2026;Câmara;2026-03-18;PL 3880/2024;"Rejeitado o Recurso nº 6/2026 contra parecer terminativo da Comissão de Constituição e Justiça e de Cidadania à Emenda de Plenário de nº 3 oferecida ao Projeto de Lei nº 3.880, de 2024 (Art. 132, § 2º C/C Art. 144, Caput, RICD). Sim: 152; Não: 254; Abstenção: 1; Total: 407.";PP;6;24;0
LEI 15384/2026;Câmara;2026-03-18;PL 3880/2024;"Rejeitado o Recurso nº 6/2026 contra parecer terminativo da Comissão de Constituição e Justiça e de Cidadania à Emenda de Plenário de nº 3 oferecida ao Projeto de Lei nº 3.880, de 2024 (Art. 132, § 2º C/C Art. 144, Caput, RICD). Sim: 152; Não: 254; Abstenção: 1; Total: 407.";PRD;0;3;0
LEI 15384/2026;Câmara;2026-03-18;PL 3880/2024;"Rejeitado o Recurso nº 6/2026 contra parecer terminativo da Comissão de Constituição e Justiça e de Cidadania à Emenda de Plenário de nº 3 oferecida ao Projeto de Lei nº 3.880, de 2024 (Art. 132, § 2º C/C Art. 144, Caput, RICD). Sim: 152; Não: 254; Abstenção: 1; Total: 407.";PSB;0;14;0
LEI 15384/2026;Câmara;2026-03-18;PL 3880/2024;"Rejeitado o Recurso nº 6/2026 contra parecer terminativo da Comissão de Constituição e Justiça e de Cidadania à Emenda de Plenário de nº 3 oferecida ao Projeto de Lei nº 3.880, de 2024 (Art. 132, § 2º C/C Art. 144, Caput, RICD). Sim: 152; Não: 254; Abstenção: 1; Total: 407.";PSD;6;27;1
LEI 15384/2026;Câmara;2026-03-18;PL 3880/2024;"Rejeitado o Recurso nº 6/2026 contra parecer terminativo da Comissão de Constituição e Justiça e de Cidadania à Emenda de Plenário de nº 3 oferecida ao Projeto de Lei nº 3.880, de 2024 (Art. 132, § 2º C/C Art. 144, Caput, RICD). Sim: 152; Não: 254; Abstenção: 1; Total: 407.";PSDB;2;9;0
LEI 15384/2026;Câmara;2026-03-18;PL 3880/2024;"Rejeitado o Recurso nº 6/2026 contra parecer terminativo da Comissão de Constituição e Justiça e de Cidadania à Emenda de Plenário de nº 3 oferecida ao Projeto de Lei nº 3.880, de 2024 (Art. 132, § 2º C/C Art. 144, Caput, RICD). Sim: 152; Não: 254; Abstenção: 1; Total: 407.";PSOL;0;11;0
LEI 15384/2026;Câmara;2026-03-18;PL 3880/2024;"Rejeitado o Recurso nº 6/2026 contra parecer terminativo da Comissão de Constituição e Justiça e de Cidadania à Emenda de Plenário de nº 3 oferecida ao Projeto de Lei nº 3.880, de 2024 (Art. 132, § 2º C/C Art. 144, Caput, RICD). Sim: 152; Não: 254; Abstenção: 1; Total: 407.";PT;0;61;0
LEI 15384/2026;Câmara;2026-03-18;PL 3880/2024;"Rejeitado o Recurso nº 6/2026 contra parecer terminativo da Comissão de Constituição e Justiça e de Cidadania à Emenda de Plenário de nº 3 oferecida ao Projeto de Lei nº 3.880, de 2024 (Art. 132, § 2º C/C Art. 144, Caput, RICD). Sim: 152; Não: 254; Abstenção: 1; Total: 407.";PV;0;3;0
LEI 15384/2026;Câmara;2026-03-18;PL 3880/2024;"Rejeitado o Recurso nº 6/2026 contra parecer terminativo da Comissão de Constituição e Justiça e de Cidadania à Emenda de Plenário de nº 3 oferecida ao Projeto de Lei nº 3.880, de 2024 (Art. 132, § 2º C/C Art. 144, Caput, RICD). Sim: 152; Não: 254; Abstenção: 1; Total: 407.";REDE;0;4;0
LEI 15384/2026;Câmara;2026-03-18;PL 3880/2024;"Rejeitado o Recurso nº 6/2026 contra parecer terminativo da Comissão de Constituição e Justiça e de Cidadania à Emenda de Plenário de nº 3 oferecida ao Projeto de Lei nº 3.880, de 2024 (Art. 132, § 2º C/C Art. 144, Caput, RICD). Sim: 152; Não: 254; Abstenção: 1; Total: 407.";REPUBLICANOS;31;6;0
LEI 15384/2026;Câmara;2026-03-18;PL 3880/2024;"Rejeitado o Recurso nº 6/2026 contra parecer terminativo da Comissão de Constituição e Justiça e de Cidadania à Emenda de Plenário de nº 3 oferecida ao Projeto de Lei nº 3.880, de 2024 (Art. 132, § 2º C/C Art. 144, Caput, RICD). Sim: 152; Não: 254; Abstenção: 1; Total: 407.";SOLIDARIEDADE;0;2;0
LEI 15384/2026;Câmara;2026-03-18;PL 3880/2024;"Rejeitado o Recurso nº 6/2026 contra parecer terminativo da Comissão de Constituição e Justiça e de Cidadania à Emenda de Plenário de nº 3 oferecida ao Projeto de Lei nº 3.880, de 2024 (Art. 132, § 2º C/C Art. 144, Caput, RICD). Sim: 152; Não: 254; Abstenção: 1; Total: 407.";UNIÃO;18;26;0
LEI 15384/2026;Câmara;2026-03-18;PL 3880/2024;"Rejeitado o Requerimento. Sim: 125; Não: 297; Total: 422.";AVANTE;0;6;0
LEI 15384/2026;Câmara;2026-03-18;PL 3880/2024;"Rejeitado o Requerimento. Sim: 125; Não: 297; Total: 422.";CIDADANIA;1;2;0
LEI 15384/2026;Câmara;2026-03-18;PL 3880/2024;"Rejeitado o Requerimento. Sim: 125; Não: 297; Total: 422.";MDB;4;30;0
LEI 15384/2026;Câmara;2026-03-18;PL 3880/2024;"Rejeitado o Requerimento. Sim: 125; Não: 297; Total: 422.";MISSÃO;1;0;0
LEI 15384/2026;Câmara;2026-03-18;PL 3880/2024;"Rejeitado o Requerimento. Sim: 125; Não: 297; Total: 422.";NOVO;4;0;0
LEI 15384/2026;Câmara;2026-03-18;PL 3880/2024;"Rejeitado o Requerimento. Sim: 125; Não: 297; Total: 422.";PCdoB;0;7;0
LEI 15384/2026;Câmara;2026-03-18;PL 3880/2024;"Rejeitado o Requerimento. Sim: 125; Não: 297; Total: 422.";PDT;0;15;0
LEI 15384/2026;Câmara;2026-03-18;PL 3880/2024;"Rejeitado o Requerimento. Sim: 125; Não: 297; Total: 422.";PL;71;5;0
LEI 15384/2026;Câmara;2026-03-18;PL 3880/2024;"Rejeitado o Requerimento. Sim: 125; Não: 297; Total: 422.";PODE;2;12;0
LEI 15384/2026;Câmara;2026-03-18;PL 3880/2024;"Rejeitado o Requerimento. Sim: 125; Não: 297; Total: 422.";PP;5;33;0
LEI 15384/2026;Câmara;2026-03-18;PL 3880/2024;"Rejeitado o Requerimento. Sim: 125; Não: 297; Total: 422.";PRD;1;2;0
LEI 15384/2026;Câmara;2026-03-18;PL 3880/2024;"Rejeitado o Requerimento. Sim: 125; Não: 297; Total: 422.";PSB;0;14;0
LEI 15384/2026;Câmara;2026-03-18;PL 3880/2024;"Rejeitado o Requerimento. Sim: 125; Não: 297; Total: 422.";PSD;3;35;0
LEI 15384/2026;Câmara;2026-03-18;PL 3880/2024;"Rejeitado o Requerimento. Sim: 125; Não: 297; Total: 422.";PSDB;1;11;0
LEI 15384/2026;Câmara;2026-03-18;PL 3880/2024;"Rejeitado o Requerimento. Sim: 125; Não: 297; Total: 422.";PSOL;0;9;0
LEI 15384/2026;Câmara;2026-03-18;PL 3880/2024;"Rejeitado o Requerimento. Sim: 125; Não: 297; Total: 422.";PT;0;57;0
LEI 15384/2026;Câmara;2026-03-18;PL 3880/2024;"Rejeitado o Requerimento. Sim: 125; Não: 297; Total: 422.";PV;0;3;0
LEI 15384/2026;Câmara;2026-03-18;PL 3880/2024;"Rejeitado o Requerimento. Sim: 125; Não: 297; Total: 422.";REDE;0;4;0
LEI 15384/2026;Câmara;2026-03-18;PL 3880/2024;"Rejeitado o Requerimento. Sim: 125; Não: 297; Total: 422.";REPUBLICANOS;18;18;0
LEI 15384/2026;Câmara;2026-03-18;PL 3880/2024;"Rejeitado o Requerimento. Sim: 125; Não: 297; Total: 422.";SOLIDARIEDADE;0;2;0
LEI 15384/2026;Câmara;2026-03-18;PL 3880/2024;"Rejeitado o Requerimento. Sim: 125; Não: 297; Total: 422.";UNIÃO;14;32;0
LEI 15384/2026;Câmara;2026-03-18;PL 3880/2024;"Rejeitado o Requerimento. Sim: 116; Não: 311; Abstenção: 2; Total: 429.";AVANTE;1;5;0
LEI 15384/2026;Câmara;2026-03-18;PL 3880/2024;"Rejeitado o Requerimento. Sim: 116; Não: 311; Abstenção: 2; Total: 429.";CIDADANIA;1;2;0
LEI 15384/2026;Câmara;2026-03-18;PL 3880/2024;"Rejeitado o Requerimento. Sim: 116; Não: 311; Abstenção: 2; Total: 429.";MDB;5;30;1
LEI 15384/2026;Câmara;2026-03-18;PL 3880/2024;"Rejeitado o Requerimento. Sim: 116; Não: 311; Abstenção: 2; Total: 429.";MISSÃO;1;0;0
LEI 15384/2026;Câmara;2026-03-18;PL 3880/2024;"Rejeitado o Requerimento. Sim: 116; Não: 311; Abstenção: 2; Total: 429.";NOVO;4;0;0
LEI 15384/2026;Câmara;2026-03-18;PL 3880/2024;"Rejeitado o Requerimento. Sim: 116; Não: 311; Abstenção: 2; Total: 429.";PCdoB;0;9;0
LEI 15384/2026;Câmara;2026-03-18;PL 3880/2024;"Rejeitado o Requerimento. Sim: 116; Não: 311; Abstenção: 2; Total: 429.";PDT;0;15;0
LEI 15384/2026;Câmara;2026-03-18;PL 3880/2024;"Rejeitado o Requerimento. Sim: 116; Não: 311; Abstenção: 2; Total: 429.";PL;68;5;1
LEI 15384/2026;Câmara;2026-03-18;PL 3880/2024;"Rejeitado o Requerimento. Sim: 116; Não: 311; Abstenção: 2; Total: 429.";PODE;2;11;0
LEI 15384/2026;Câmara;2026-03-18;PL 3880/2024;"Rejeitado o Requerimento. Sim: 116; Não: 311; Abstenção: 2; Total: 429.";PP;7;26;0
LEI 15384/2026;Câmara;2026-03-18;PL 3880/2024;"Rejeitado o Requerimento. Sim: 116; Não: 311; Abstenção: 2; Total: 429.";PRD;1;2;0
LEI 15384/2026;Câmara;2026-03-18;PL 3880/2024;"Rejeitado o Requerimento. Sim: 116; Não: 311; Abstenção: 2; Total: 429.";PSB;0;15;0
LEI 15384/2026;Câmara;2026-03-18;PL 3880/2024;"Rejeitado o Requerimento. Sim: 116; Não: 311; Abstenção: 2; Total: 429.";PSD;7;36;0
LEI 15384/2026;Câmara;2026-03-18;PL 3880/2024;"Rejeitado o Requerimento. Sim: 116; Não: 311; Abstenção: 2; Total: 429.";PSDB;1;10;0
LEI 15384/2026;Câmara;2026-03-18;PL 3880/2024;"Rejeitado o Requerimento. Sim: 116; Não: 311; Abstenção: 2; Total: 429.";PSOL;0;11;0
LEI 15384/2026;Câmara;2026-03-18;PL 3880/2024;"Rejeitado o Requerimento. Sim: 116; Não: 311; Abstenção: 2; Total: 429.";PT;0;59;0
LEI 15384/2026;Câmara;2026-03-18;PL 3880/2024;"Rejeitado o Requerimento. Sim: 116; Não: 311; Abstenção: 2; Total: 429.";PV;0;4;0
LEI 15384/2026;Câmara;2026-03-18;PL 3880/2024;"Rejeitado o Requerimento. Sim: 116; Não: 311; Abstenção: 2; Total: 429.";REDE;0;4;0
LEI 15384/2026;Câmara;2026-03-18;PL 3880/2024;"Rejeitado o Requerimento. Sim: 116; Não: 311; Abstenção: 2; Total: 429.";REPUBLICANOS;6;34;0
LEI 15384/2026;Câmara;2026-03-18;PL 3880/2024;"Rejeitado o Requerimento. Sim: 116; Não: 311; Abstenção: 2; Total: 429.";SOLIDARIEDADE;0;3;0
LEI 15384/2026;Câmara;2026-03-18;PL 3880/2024;"Rejeitado o Requerimento. Sim: 116; Não: 311; Abstenção: 2; Total: 429.";UNIÃO;12;30;0
LEI 15397/2026;Câmara;2023-08-29;PL 3780/2023;"Aprovado o Requerimento de Urgência (Art. 155 do RICD). Sim: 337; não: 103; abstenção: 1; total: 441.";AVANTE;4;2;0
LEI 15397/2026;Câmara;2023-08-29;PL 3780/2023;"Aprovado o Requerimento de Urgência (Art. 155 do RICD). Sim: 337; não: 103; abstenção: 1; total: 441.";CIDADANIA;2;0;0
LEI 15397/2026;Câmara;2023-08-29;PL 3780/2023;"Aprovado o Requerimento de Urgência (Art. 155 do RICD). Sim: 337; não: 103; abstenção: 1; total: 441.";MDB;32;0;0
LEI 15397/2026;Câmara;2023-08-29;PL 3780/2023;"Aprovado o Requerimento de Urgência (Art. 155 do RICD). Sim: 337; não: 103; abstenção: 1; total: 441.";NOVO;3;0;0
LEI 15397/2026;Câmara;2023-08-29;PL 3780/2023;"Aprovado o Requerimento de Urgência (Art. 155 do RICD). Sim: 337; não: 103; abstenção: 1; total: 441.";PATRIOTA;4;0;0
LEI 15397/2026;Câmara;2023-08-29;PL 3780/2023;"Aprovado o Requerimento de Urgência (Art. 155 do RICD). Sim: 337; não: 103; abstenção: 1; total: 441.";PCdoB;1;6;0
LEI 15397/2026;Câmara;2023-08-29;PL 3780/2023;"Aprovado o Requerimento de Urgência (Art. 155 do RICD). Sim: 337; não: 103; abstenção: 1; total: 441.";PDT;11;6;0
LEI 15397/2026;Câmara;2023-08-29;PL 3780/2023;"Aprovado o Requerimento de Urgência (Art. 155 do RICD). Sim: 337; não: 103; abstenção: 1; total: 441.";PL;82;0;0
LEI 15397/2026;Câmara;2023-08-29;PL 3780/2023;"Aprovado o Requerimento de Urgência (Art. 155 do RICD). Sim: 337; não: 103; abstenção: 1; total: 441.";PODE;13;0;0
LEI 15397/2026;Câmara;2023-08-29;PL 3780/2023;"Aprovado o Requerimento de Urgência (Art. 155 do RICD). Sim: 337; não: 103; abstenção: 1; total: 441.";PP;43;0;1
LEI 15397/2026;Câmara;2023-08-29;PL 3780/2023;"Aprovado o Requerimento de Urgência (Art. 155 do RICD). Sim: 337; não: 103; abstenção: 1; total: 441.";PSB;6;8;0
LEI 15397/2026;Câmara;2023-08-29;PL 3780/2023;"Aprovado o Requerimento de Urgência (Art. 155 do RICD). Sim: 337; não: 103; abstenção: 1; total: 441.";PSD;35;0;0
LEI 15397/2026;Câmara;2023-08-29;PL 3780/2023;"Aprovado o Requerimento de Urgência (Art. 155 do RICD). Sim: 337; não: 103; abstenção: 1; total: 441.";PSDB;12;0;0
LEI 15397/2026;Câmara;2023-08-29;PL 3780/2023;"Aprovado o Requerimento de Urgência (Art. 155 do RICD). Sim: 337; não: 103; abstenção: 1; total: 441.";PSOL;0;12;0
LEI 15397/2026;Câmara;2023-08-29;PL 3780/2023;"Aprovado o Requerimento de Urgência (Art. 155 do RICD). Sim: 337; não: 103; abstenção: 1; total: 441.";PT;2;60;0
LEI 15397/2026;Câmara;2023-08-29;PL 3780/2023;"Aprovado o Requerimento de Urgência (Art. 155 do RICD). Sim: 337; não: 103; abstenção: 1; total: 441.";PV;0;6;0
LEI 15397/2026;Câmara;2023-08-29;PL 3780/2023;"Aprovado o Requerimento de Urgência (Art. 155 do RICD). Sim: 337; não: 103; abstenção: 1; total: 441.";REDE;0;1;0
LEI 15397/2026;Câmara;2023-08-29;PL 3780/2023;"Aprovado o Requerimento de Urgência (Art. 155 do RICD). Sim: 337; não: 103; abstenção: 1; total: 441.";REPUBLICANOS;38;0;0
LEI 15397/2026;Câmara;2023-08-29;PL 3780/2023;"Aprovado o Requerimento de Urgência (Art. 155 do RICD). Sim: 337; não: 103; abstenção: 1; total: 441.";SOLIDARIEDADE;1;1;0
LEI 15397/2026;Câmara;2023-08-29;PL 3780/2023;"Aprovado o Requerimento de Urgência (Art. 155 do RICD). Sim: 337; não: 103; abstenção: 1; total: 441.";UNIÃO;48;1;0
LEI 15397/2026;Câmara;2023-10-31;PL 3780/2023;"Aprovada a Subemenda Substitutiva Global ao Projeto de Lei nº 3.780, de 2023, adotada pelo Relator da Comissão de Constituição e Justiça e de Cidadania, ressalvados os destaques. Sim: 269; não: 87; abstenção: 1; total: 357.";AVANTE;3;1;0
LEI 15397/2026;Câmara;2023-10-31;PL 3780/2023;"Aprovada a Subemenda Substitutiva Global ao Projeto de Lei nº 3.780, de 2023, adotada pelo Relator da Comissão de Constituição e Justiça e de Cidadania, ressalvados os destaques. Sim: 269; não: 87; abstenção: 1; total: 357.";CIDADANIA;3;0;0
LEI 15397/2026;Câmara;2023-10-31;PL 3780/2023;"Aprovada a Subemenda Substitutiva Global ao Projeto de Lei nº 3.780, de 2023, adotada pelo Relator da Comissão de Constituição e Justiça e de Cidadania, ressalvados os destaques. Sim: 269; não: 87; abstenção: 1; total: 357.";MDB;27;2;1
LEI 15397/2026;Câmara;2023-10-31;PL 3780/2023;"Aprovada a Subemenda Substitutiva Global ao Projeto de Lei nº 3.780, de 2023, adotada pelo Relator da Comissão de Constituição e Justiça e de Cidadania, ressalvados os destaques. Sim: 269; não: 87; abstenção: 1; total: 357.";NOVO;3;0;0
LEI 15397/2026;Câmara;2023-10-31;PL 3780/2023;"Aprovada a Subemenda Substitutiva Global ao Projeto de Lei nº 3.780, de 2023, adotada pelo Relator da Comissão de Constituição e Justiça e de Cidadania, ressalvados os destaques. Sim: 269; não: 87; abstenção: 1; total: 357.";PATRIOTA;4;0;0
LEI 15397/2026;Câmara;2023-10-31;PL 3780/2023;"Aprovada a Subemenda Substitutiva Global ao Projeto de Lei nº 3.780, de 2023, adotada pelo Relator da Comissão de Constituição e Justiça e de Cidadania, ressalvados os destaques. Sim: 269; não: 87; abstenção: 1; total: 357.";PCdoB;0;6;0
LEI 15397/2026;Câmara;2023-10-31;PL 3780/2023;"Aprovada a Subemenda Substitutiva Global ao Projeto de Lei nº 3.780, de 2023, adotada pelo Relator da Comissão de Constituição e Justiça e de Cidadania, ressalvados os destaques. Sim: 269; não: 87; abstenção: 1; total: 357.";PDT;9;4;0
LEI 15397/2026;Câmara;2023-10-31;PL 3780/2023;"Aprovada a Subemenda Substitutiva Global ao Projeto de Lei nº 3.780, de 2023, adotada pelo Relator da Comissão de Constituição e Justiça e de Cidadania, ressalvados os destaques. Sim: 269; não: 87; abstenção: 1; total: 357.";PL;80;0;0
LEI 15397/2026;Câmara;2023-10-31;PL 3780/2023;"Aprovada a Subemenda Substitutiva Global ao Projeto de Lei nº 3.780, de 2023, adotada pelo Relator da Comissão de Constituição e Justiça e de Cidadania, ressalvados os destaques. Sim: 269; não: 87; abstenção: 1; total: 357.";PODE;8;1;0
LEI 15397/2026;Câmara;2023-10-31;PL 3780/2023;"Aprovada a Subemenda Substitutiva Global ao Projeto de Lei nº 3.780, de 2023, adotada pelo Relator da Comissão de Constituição e Justiça e de Cidadania, ressalvados os destaques. Sim: 269; não: 87; abstenção: 1; total: 357.";PP;31;0;0
LEI 15397/2026;Câmara;2023-10-31;PL 3780/2023;"Aprovada a Subemenda Substitutiva Global ao Projeto de Lei nº 3.780, de 2023, adotada pelo Relator da Comissão de Constituição e Justiça e de Cidadania, ressalvados os destaques. Sim: 269; não: 87; abstenção: 1; total: 357.";PSB;2;8;0
LEI 15397/2026;Câmara;2023-10-31;PL 3780/2023;"Aprovada a Subemenda Substitutiva Global ao Projeto de Lei nº 3.780, de 2023, adotada pelo Relator da Comissão de Constituição e Justiça e de Cidadania, ressalvados os destaques. Sim: 269; não: 87; abstenção: 1; total: 357.";PSD;21;1;0
LEI 15397/2026;Câmara;2023-10-31;PL 3780/2023;"Aprovada a Subemenda Substitutiva Global ao Projeto de Lei nº 3.780, de 2023, adotada pelo Relator da Comissão de Constituição e Justiça e de Cidadania, ressalvados os destaques. Sim: 269; não: 87; abstenção: 1; total: 357.";PSDB;9;0;0
LEI 15397/2026;Câmara;2023-10-31;PL 3780/2023;"Aprovada a Subemenda Substitutiva Global ao Projeto de Lei nº 3.780, de 2023, adotada pelo Relator da Comissão de Constituição e Justiça e de Cidadania, ressalvados os destaques. Sim: 269; não: 87; abstenção: 1; total: 357.";PSOL;0;11;0
LEI 15397/2026;Câmara;2023-10-31;PL 3780/2023;"Aprovada a Subemenda Substitutiva Global ao Projeto de Lei nº 3.780, de 2023, adotada pelo Relator da Comissão de Constituição e Justiça e de Cidadania, ressalvados os destaques. Sim: 269; não: 87; abstenção: 1; total: 357.";PT;0;48;0
LEI 15397/2026;Câmara;2023-10-31;PL 3780/2023;"Aprovada a Subemenda Substitutiva Global ao Projeto de Lei nº 3.780, de 2023, adotada pelo Relator da Comissão de Constituição e Justiça e de Cidadania, ressalvados os destaques. Sim: 269; não: 87; abstenção: 1; total: 357.";PV;1;2;0
LEI 15397/2026;Câmara;2023-10-31;PL 3780/2023;"Aprovada a Subemenda Substitutiva Global ao Projeto de Lei nº 3.780, de 2023, adotada pelo Relator da Comissão de Constituição e Justiça e de Cidadania, ressalvados os destaques. Sim: 269; não: 87; abstenção: 1; total: 357.";REDE;0;1;0
LEI 15397/2026;Câmara;2023-10-31;PL 3780/2023;"Aprovada a Subemenda Substitutiva Global ao Projeto de Lei nº 3.780, de 2023, adotada pelo Relator da Comissão de Constituição e Justiça e de Cidadania, ressalvados os destaques. Sim: 269; não: 87; abstenção: 1; total: 357.";REPUBLICANOS;29;0;0
LEI 15397/2026;Câmara;2023-10-31;PL 3780/2023;"Aprovada a Subemenda Substitutiva Global ao Projeto de Lei nº 3.780, de 2023, adotada pelo Relator da Comissão de Constituição e Justiça e de Cidadania, ressalvados os destaques. Sim: 269; não: 87; abstenção: 1; total: 357.";S.PART.;1;0;0
LEI 15397/2026;Câmara;2023-10-31;PL 3780/2023;"Aprovada a Subemenda Substitutiva Global ao Projeto de Lei nº 3.780, de 2023, adotada pelo Relator da Comissão de Constituição e Justiça e de Cidadania, ressalvados os destaques. Sim: 269; não: 87; abstenção: 1; total: 357.";SOLIDARIEDADE;2;1;0
LEI 15397/2026;Câmara;2023-10-31;PL 3780/2023;"Aprovada a Subemenda Substitutiva Global ao Projeto de Lei nº 3.780, de 2023, adotada pelo Relator da Comissão de Constituição e Justiça e de Cidadania, ressalvados os destaques. Sim: 269; não: 87; abstenção: 1; total: 357.";UNIÃO;36;1;0
LEI 15397/2026;Câmara;2023-10-31;PL 3780/2023;"Rejeitado o Requerimento. Sim: 91; não: 253; abstenção: 1; total: 345.";AVANTE;1;2;0
LEI 15397/2026;Câmara;2023-10-31;PL 3780/2023;"Rejeitado o Requerimento. Sim: 91; não: 253; abstenção: 1; total: 345.";CIDADANIA;0;2;0
LEI 15397/2026;Câmara;2023-10-31;PL 3780/2023;"Rejeitado o Requerimento. Sim: 91; não: 253; abstenção: 1; total: 345.";MDB;2;24;1
LEI 15397/2026;Câmara;2023-10-31;PL 3780/2023;"Rejeitado o Requerimento. Sim: 91; não: 253; abstenção: 1; total: 345.";NOVO;0;3;0
LEI 15397/2026;Câmara;2023-10-31;PL 3780/2023;"Rejeitado o Requerimento. Sim: 91; não: 253; abstenção: 1; total: 345.";PATRIOTA;0;4;0
LEI 15397/2026;Câmara;2023-10-31;PL 3780/2023;"Rejeitado o Requerimento. Sim: 91; não: 253; abstenção: 1; total: 345.";PCdoB;6;0;0
LEI 15397/2026;Câmara;2023-10-31;PL 3780/2023;"Rejeitado o Requerimento. Sim: 91; não: 253; abstenção: 1; total: 345.";PDT;12;1;0
LEI 15397/2026;Câmara;2023-10-31;PL 3780/2023;"Rejeitado o Requerimento. Sim: 91; não: 253; abstenção: 1; total: 345.";PL;0;79;0
LEI 15397/2026;Câmara;2023-10-31;PL 3780/2023;"Rejeitado o Requerimento. Sim: 91; não: 253; abstenção: 1; total: 345.";PODE;0;9;0
LEI 15397/2026;Câmara;2023-10-31;PL 3780/2023;"Rejeitado o Requerimento. Sim: 91; não: 253; abstenção: 1; total: 345.";PP;0;29;0
LEI 15397/2026;Câmara;2023-10-31;PL 3780/2023;"Rejeitado o Requerimento. Sim: 91; não: 253; abstenção: 1; total: 345.";PSB;8;1;0
LEI 15397/2026;Câmara;2023-10-31;PL 3780/2023;"Rejeitado o Requerimento. Sim: 91; não: 253; abstenção: 1; total: 345.";PSD;1;24;0
LEI 15397/2026;Câmara;2023-10-31;PL 3780/2023;"Rejeitado o Requerimento. Sim: 91; não: 253; abstenção: 1; total: 345.";PSDB;0;8;0
LEI 15397/2026;Câmara;2023-10-31;PL 3780/2023;"Rejeitado o Requerimento. Sim: 91; não: 253; abstenção: 1; total: 345.";PSOL;11;0;0
LEI 15397/2026;Câmara;2023-10-31;PL 3780/2023;"Rejeitado o Requerimento. Sim: 91; não: 253; abstenção: 1; total: 345.";PT;46;2;0
LEI 15397/2026;Câmara;2023-10-31;PL 3780/2023;"Rejeitado o Requerimento. Sim: 91; não: 253; abstenção: 1; total: 345.";PV;1;0;0
LEI 15397/2026;Câmara;2023-10-31;PL 3780/2023;"Rejeitado o Requerimento. Sim: 91; não: 253; abstenção: 1; total: 345.";REDE;1;0;0
LEI 15397/2026;Câmara;2023-10-31;PL 3780/2023;"Rejeitado o Requerimento. Sim: 91; não: 253; abstenção: 1; total: 345.";REPUBLICANOS;0;27;0
LEI 15397/2026;Câmara;2023-10-31;PL 3780/2023;"Rejeitado o Requerimento. Sim: 91; não: 253; abstenção: 1; total: 345.";S.PART.;0;1;0
LEI 15397/2026;Câmara;2023-10-31;PL 3780/2023;"Rejeitado o Requerimento. Sim: 91; não: 253; abstenção: 1; total: 345.";SOLIDARIEDADE;1;1;0
LEI 15397/2026;Câmara;2023-10-31;PL 3780/2023;"Rejeitado o Requerimento. Sim: 91; não: 253; abstenção: 1; total: 345.";UNIÃO;1;36;0
LEI 15397/2026;Câmara;2023-10-31;PL 3780/2023;"Rejeitado o Requerimento. Sim: 93; não: 246; total: 339.";AVANTE;1;4;0
LEI 15397/2026;Câmara;2023-10-31;PL 3780/2023;"Rejeitado o Requerimento. Sim: 93; não: 246; total: 339.";CIDADANIA;0;2;0
LEI 15397/2026;Câmara;2023-10-31;PL 3780/2023;"Rejeitado o Requerimento. Sim: 93; não: 246; total: 339.";MDB;1;26;0
LEI 15397/2026;Câmara;2023-10-31;PL 3780/2023;"Rejeitado o Requerimento. Sim: 93; não: 246; total: 339.";NOVO;0;3;0
LEI 15397/2026;Câmara;2023-10-31;PL 3780/2023;"Rejeitado o Requerimento. Sim: 93; não: 246; total: 339.";PATRIOTA;0;4;0
LEI 15397/2026;Câmara;2023-10-31;PL 3780/2023;"Rejeitado o Requerimento. Sim: 93; não: 246; total: 339.";PCdoB;7;0;0
LEI 15397/2026;Câmara;2023-10-31;PL 3780/2023;"Rejeitado o Requerimento. Sim: 93; não: 246; total: 339.";PDT;11;1;0
LEI 15397/2026;Câmara;2023-10-31;PL 3780/2023;"Rejeitado o Requerimento. Sim: 93; não: 246; total: 339.";PL;0;70;0
LEI 15397/2026;Câmara;2023-10-31;PL 3780/2023;"Rejeitado o Requerimento. Sim: 93; não: 246; total: 339.";PODE;0;8;0
LEI 15397/2026;Câmara;2023-10-31;PL 3780/2023;"Rejeitado o Requerimento. Sim: 93; não: 246; total: 339.";PP;1;28;0
LEI 15397/2026;Câmara;2023-10-31;PL 3780/2023;"Rejeitado o Requerimento. Sim: 93; não: 246; total: 339.";PSB;8;2;0
LEI 15397/2026;Câmara;2023-10-31;PL 3780/2023;"Rejeitado o Requerimento. Sim: 93; não: 246; total: 339.";PSD;1;22;0
LEI 15397/2026;Câmara;2023-10-31;PL 3780/2023;"Rejeitado o Requerimento. Sim: 93; não: 246; total: 339.";PSDB;0;8;0
LEI 15397/2026;Câmara;2023-10-31;PL 3780/2023;"Rejeitado o Requerimento. Sim: 93; não: 246; total: 339.";PSOL;10;0;0
LEI 15397/2026;Câmara;2023-10-31;PL 3780/2023;"Rejeitado o Requerimento. Sim: 93; não: 246; total: 339.";PT;48;0;0
LEI 15397/2026;Câmara;2023-10-31;PL 3780/2023;"Rejeitado o Requerimento. Sim: 93; não: 246; total: 339.";PV;3;0;0
LEI 15397/2026;Câmara;2023-10-31;PL 3780/2023;"Rejeitado o Requerimento. Sim: 93; não: 246; total: 339.";REDE;1;0;0
LEI 15397/2026;Câmara;2023-10-31;PL 3780/2023;"Rejeitado o Requerimento. Sim: 93; não: 246; total: 339.";REPUBLICANOS;0;29;0
LEI 15397/2026;Câmara;2023-10-31;PL 3780/2023;"Rejeitado o Requerimento. Sim: 93; não: 246; total: 339.";S.PART.;0;1;0
LEI 15397/2026;Câmara;2023-10-31;PL 3780/2023;"Rejeitado o Requerimento. Sim: 93; não: 246; total: 339.";SOLIDARIEDADE;1;1;0
LEI 15397/2026;Câmara;2023-10-31;PL 3780/2023;"Rejeitado o Requerimento. Sim: 93; não: 246; total: 339.";UNIÃO;0;37;0
LEI 15397/2026;Câmara;2023-10-31;PL 3780/2023;"Rejeitado o Requerimento. Sim: 81; não: 234; total: 315.";AVANTE;0;4;0
LEI 15397/2026;Câmara;2023-10-31;PL 3780/2023;"Rejeitado o Requerimento. Sim: 81; não: 234; total: 315.";CIDADANIA;0;2;0
LEI 15397/2026;Câmara;2023-10-31;PL 3780/2023;"Rejeitado o Requerimento. Sim: 81; não: 234; total: 315.";MDB;1;24;0
LEI 15397/2026;Câmara;2023-10-31;PL 3780/2023;"Rejeitado o Requerimento. Sim: 81; não: 234; total: 315.";NOVO;0;3;0
LEI 15397/2026;Câmara;2023-10-31;PL 3780/2023;"Rejeitado o Requerimento. Sim: 81; não: 234; total: 315.";PATRIOTA;1;3;0
LEI 15397/2026;Câmara;2023-10-31;PL 3780/2023;"Rejeitado o Requerimento. Sim: 81; não: 234; total: 315.";PCdoB;4;0;0
LEI 15397/2026;Câmara;2023-10-31;PL 3780/2023;"Rejeitado o Requerimento. Sim: 81; não: 234; total: 315.";PDT;6;3;0
LEI 15397/2026;Câmara;2023-10-31;PL 3780/2023;"Rejeitado o Requerimento. Sim: 81; não: 234; total: 315.";PL;1;67;0
LEI 15397/2026;Câmara;2023-10-31;PL 3780/2023;"Rejeitado o Requerimento. Sim: 81; não: 234; total: 315.";PODE;0;9;0
LEI 15397/2026;Câmara;2023-10-31;PL 3780/2023;"Rejeitado o Requerimento. Sim: 81; não: 234; total: 315.";PP;1;24;0
LEI 15397/2026;Câmara;2023-10-31;PL 3780/2023;"Rejeitado o Requerimento. Sim: 81; não: 234; total: 315.";PSB;8;1;0
LEI 15397/2026;Câmara;2023-10-31;PL 3780/2023;"Rejeitado o Requerimento. Sim: 81; não: 234; total: 315.";PSD;1;23;0
LEI 15397/2026;Câmara;2023-10-31;PL 3780/2023;"Rejeitado o Requerimento. Sim: 81; não: 234; total: 315.";PSDB;0;9;0
LEI 15397/2026;Câmara;2023-10-31;PL 3780/2023;"Rejeitado o Requerimento. Sim: 81; não: 234; total: 315.";PSOL;9;0;0
LEI 15397/2026;Câmara;2023-10-31;PL 3780/2023;"Rejeitado o Requerimento. Sim: 81; não: 234; total: 315.";PT;46;0;0
LEI 15397/2026;Câmara;2023-10-31;PL 3780/2023;"Rejeitado o Requerimento. Sim: 81; não: 234; total: 315.";PV;1;1;0
LEI 15397/2026;Câmara;2023-10-31;PL 3780/2023;"Rejeitado o Requerimento. Sim: 81; não: 234; total: 315.";REDE;1;0;0
LEI 15397/2026;Câmara;2023-10-31;PL 3780/2023;"Rejeitado o Requerimento. Sim: 81; não: 234; total: 315.";REPUBLICANOS;0;24;0
LEI 15397/2026;Câmara;2023-10-31;PL 3780/2023;"Rejeitado o Requerimento. Sim: 81; não: 234; total: 315.";SOLIDARIEDADE;0;3;0
LEI 15397/2026;Câmara;2023-10-31;PL 3780/2023;"Rejeitado o Requerimento. Sim: 81; não: 234; total: 315.";UNIÃO;1;34;0
LEI 15397/2026;Câmara;2026-03-18;PL 3780/2023;"Mantido o texto. Sim: 278; Não: 114; Abstenção: 2; Total: 394.";AVANTE;4;1;0
LEI 15397/2026;Câmara;2026-03-18;PL 3780/2023;"Mantido o texto. Sim: 278; Não: 114; Abstenção: 2; Total: 394.";CIDADANIA;1;2;0
LEI 15397/2026;Câmara;2026-03-18;PL 3780/2023;"Mantido o texto. Sim: 278; Não: 114; Abstenção: 2; Total: 394.";MDB;21;7;0
LEI 15397/2026;Câmara;2026-03-18;PL 3780/2023;"Mantido o texto. Sim: 278; Não: 114; Abstenção: 2; Total: 394.";MISSÃO;0;1;0
LEI 15397/2026;Câmara;2026-03-18;PL 3780/2023;"Mantido o texto. Sim: 278; Não: 114; Abstenção: 2; Total: 394.";NOVO;0;5;0
LEI 15397/2026;Câmara;2026-03-18;PL 3780/2023;"Mantido o texto. Sim: 278; Não: 114; Abstenção: 2; Total: 394.";PCdoB;7;1;0
LEI 15397/2026;Câmara;2026-03-18;PL 3780/2023;"Mantido o texto. Sim: 278; Não: 114; Abstenção: 2; Total: 394.";PDT;9;1;0
LEI 15397/2026;Câmara;2026-03-18;PL 3780/2023;"Mantido o texto. Sim: 278; Não: 114; Abstenção: 2; Total: 394.";PL;37;36;0
LEI 15397/2026;Câmara;2026-03-18;PL 3780/2023;"Mantido o texto. Sim: 278; Não: 114; Abstenção: 2; Total: 394.";PODE;9;2;1
LEI 15397/2026;Câmara;2026-03-18;PL 3780/2023;"Mantido o texto. Sim: 278; Não: 114; Abstenção: 2; Total: 394.";PP;15;20;0
LEI 15397/2026;Câmara;2026-03-18;PL 3780/2023;"Mantido o texto. Sim: 278; Não: 114; Abstenção: 2; Total: 394.";PRD;0;3;0
LEI 15397/2026;Câmara;2026-03-18;PL 3780/2023;"Mantido o texto. Sim: 278; Não: 114; Abstenção: 2; Total: 394.";PSB;9;2;0
LEI 15397/2026;Câmara;2026-03-18;PL 3780/2023;"Mantido o texto. Sim: 278; Não: 114; Abstenção: 2; Total: 394.";PSD;26;7;1
LEI 15397/2026;Câmara;2026-03-18;PL 3780/2023;"Mantido o texto. Sim: 278; Não: 114; Abstenção: 2; Total: 394.";PSDB;6;6;0
LEI 15397/2026;Câmara;2026-03-18;PL 3780/2023;"Mantido o texto. Sim: 278; Não: 114; Abstenção: 2; Total: 394.";PSOL;10;0;0
LEI 15397/2026;Câmara;2026-03-18;PL 3780/2023;"Mantido o texto. Sim: 278; Não: 114; Abstenção: 2; Total: 394.";PT;55;1;0
LEI 15397/2026;Câmara;2026-03-18;PL 3780/2023;"Mantido o texto. Sim: 278; Não: 114; Abstenção: 2; Total: 394.";PV;4;0;0
LEI 15397/2026;Câmara;2026-03-18;PL 3780/2023;"Mantido o texto. Sim: 278; Não: 114; Abstenção: 2; Total: 394.";REDE;4;0;0
LEI 15397/2026;Câmara;2026-03-18;PL 3780/2023;"Mantido o texto. Sim: 278; Não: 114; Abstenção: 2; Total: 394.";REPUBLICANOS;31;5;0
LEI 15397/2026;Câmara;2026-03-18;PL 3780/2023;"Mantido o texto. Sim: 278; Não: 114; Abstenção: 2; Total: 394.";SOLIDARIEDADE;1;1;0
LEI 15397/2026;Câmara;2026-03-18;PL 3780/2023;"Mantido o texto. Sim: 278; Não: 114; Abstenção: 2; Total: 394.";UNIÃO;29;13;0
LEI 15402/2026;Câmara;2025-09-17;PL 2162/2023;"Aprovado o Requerimento de Urgência (Art. 155 do RICD). Sim: 311; Não: 163; Abstenção: 7; Total: 481.";AVANTE;6;0;0
LEI 15402/2026;Câmara;2025-09-17;PL 2162/2023;"Aprovado o Requerimento de Urgência (Art. 155 do RICD). Sim: 311; Não: 163; Abstenção: 7; Total: 481.";CIDADANIA;3;0;0
LEI 15402/2026;Câmara;2025-09-17;PL 2162/2023;"Aprovado o Requerimento de Urgência (Art. 155 do RICD). Sim: 311; Não: 163; Abstenção: 7; Total: 481.";MDB;21;14;2
LEI 15402/2026;Câmara;2025-09-17;PL 2162/2023;"Aprovado o Requerimento de Urgência (Art. 155 do RICD). Sim: 311; Não: 163; Abstenção: 7; Total: 481.";NOVO;5;0;0
LEI 15402/2026;Câmara;2025-09-17;PL 2162/2023;"Aprovado o Requerimento de Urgência (Art. 155 do RICD). Sim: 311; Não: 163; Abstenção: 7; Total: 481.";PCdoB;0;9;0
LEI 15402/2026;Câmara;2025-09-17;PL 2162/2023;"Aprovado o Requerimento de Urgência (Art. 155 do RICD). Sim: 311; Não: 163; Abstenção: 7; Total: 481.";PDT;0;13;0
LEI 15402/2026;Câmara;2025-09-17;PL 2162/2023;"Aprovado o Requerimento de Urgência (Art. 155 do RICD). Sim: 311; Não: 163; Abstenção: 7; Total: 481.";PL;85;0;0
LEI 15402/2026;Câmara;2025-09-17;PL 2162/2023;"Aprovado o Requerimento de Urgência (Art. 155 do RICD). Sim: 311; Não: 163; Abstenção: 7; Total: 481.";PODE;12;2;3
LEI 15402/2026;Câmara;2025-09-17;PL 2162/2023;"Aprovado o Requerimento de Urgência (Art. 155 do RICD). Sim: 311; Não: 163; Abstenção: 7; Total: 481.";PP;43;6;0
LEI 15402/2026;Câmara;2025-09-17;PL 2162/2023;"Aprovado o Requerimento de Urgência (Art. 155 do RICD). Sim: 311; Não: 163; Abstenção: 7; Total: 481.";PRD;5;0;0
LEI 15402/2026;Câmara;2025-09-17;PL 2162/2023;"Aprovado o Requerimento de Urgência (Art. 155 do RICD). Sim: 311; Não: 163; Abstenção: 7; Total: 481.";PSB;0;12;0
LEI 15402/2026;Câmara;2025-09-17;PL 2162/2023;"Aprovado o Requerimento de Urgência (Art. 155 do RICD). Sim: 311; Não: 163; Abstenção: 7; Total: 481.";PSD;28;12;0
LEI 15402/2026;Câmara;2025-09-17;PL 2162/2023;"Aprovado o Requerimento de Urgência (Art. 155 do RICD). Sim: 311; Não: 163; Abstenção: 7; Total: 481.";PSDB;10;2;0
LEI 15402/2026;Câmara;2025-09-17;PL 2162/2023;"Aprovado o Requerimento de Urgência (Art. 155 do RICD). Sim: 311; Não: 163; Abstenção: 7; Total: 481.";PSOL;0;14;0
LEI 15402/2026;Câmara;2025-09-17;PL 2162/2023;"Aprovado o Requerimento de Urgência (Art. 155 do RICD). Sim: 311; Não: 163; Abstenção: 7; Total: 481.";PT;0;66;0
LEI 15402/2026;Câmara;2025-09-17;PL 2162/2023;"Aprovado o Requerimento de Urgência (Art. 155 do RICD). Sim: 311; Não: 163; Abstenção: 7; Total: 481.";PV;0;4;0
LEI 15402/2026;Câmara;2025-09-17;PL 2162/2023;"Aprovado o Requerimento de Urgência (Art. 155 do RICD). Sim: 311; Não: 163; Abstenção: 7; Total: 481.";REDE;0;1;0
LEI 15402/2026;Câmara;2025-09-17;PL 2162/2023;"Aprovado o Requerimento de Urgência (Art. 155 do RICD). Sim: 311; Não: 163; Abstenção: 7; Total: 481.";REPUBLICANOS;40;1;1
LEI 15402/2026;Câmara;2025-09-17;PL 2162/2023;"Aprovado o Requerimento de Urgência (Art. 155 do RICD). Sim: 311; Não: 163; Abstenção: 7; Total: 481.";SOLIDARIEDADE;4;1;0
LEI 15402/2026;Câmara;2025-09-17;PL 2162/2023;"Aprovado o Requerimento de Urgência (Art. 155 do RICD). Sim: 311; Não: 163; Abstenção: 7; Total: 481.";UNIÃO;49;6;1
LEI 15402/2026;Câmara;2025-12-09;PL 2162/2023;"Aprovada a Redação Final assinada pelo relator, Dep. Paulinho da Força (SOLIDARIEDADE/SP). Sim: 235; Não: 25; Abstenção: 3; Total: 263.";AVANTE;5;1;0
LEI 15402/2026;Câmara;2025-12-09;PL 2162/2023;"Aprovada a Redação Final assinada pelo relator, Dep. Paulinho da Força (SOLIDARIEDADE/SP). Sim: 235; Não: 25; Abstenção: 3; Total: 263.";CIDADANIA;1;0;0
LEI 15402/2026;Câmara;2025-12-09;PL 2162/2023;"Aprovada a Redação Final assinada pelo relator, Dep. Paulinho da Força (SOLIDARIEDADE/SP). Sim: 235; Não: 25; Abstenção: 3; Total: 263.";MDB;15;1;0
LEI 15402/2026;Câmara;2025-12-09;PL 2162/2023;"Aprovada a Redação Final assinada pelo relator, Dep. Paulinho da Força (SOLIDARIEDADE/SP). Sim: 235; Não: 25; Abstenção: 3; Total: 263.";NOVO;4;0;0
LEI 15402/2026;Câmara;2025-12-09;PL 2162/2023;"Aprovada a Redação Final assinada pelo relator, Dep. Paulinho da Força (SOLIDARIEDADE/SP). Sim: 235; Não: 25; Abstenção: 3; Total: 263.";PCdoB;0;6;3
LEI 15402/2026;Câmara;2025-12-09;PL 2162/2023;"Aprovada a Redação Final assinada pelo relator, Dep. Paulinho da Força (SOLIDARIEDADE/SP). Sim: 235; Não: 25; Abstenção: 3; Total: 263.";PDT;1;0;3
LEI 15402/2026;Câmara;2025-12-09;PL 2162/2023;"Aprovada a Redação Final assinada pelo relator, Dep. Paulinho da Força (SOLIDARIEDADE/SP). Sim: 235; Não: 25; Abstenção: 3; Total: 263.";PL;74;0;0
LEI 15402/2026;Câmara;2025-12-09;PL 2162/2023;"Aprovada a Redação Final assinada pelo relator, Dep. Paulinho da Força (SOLIDARIEDADE/SP). Sim: 235; Não: 25; Abstenção: 3; Total: 263.";PODE;11;0;1
LEI 15402/2026;Câmara;2025-12-09;PL 2162/2023;"Aprovada a Redação Final assinada pelo relator, Dep. Paulinho da Força (SOLIDARIEDADE/SP). Sim: 235; Não: 25; Abstenção: 3; Total: 263.";PP;24;1;0
LEI 15402/2026;Câmara;2025-12-09;PL 2162/2023;"Aprovada a Redação Final assinada pelo relator, Dep. Paulinho da Força (SOLIDARIEDADE/SP). Sim: 235; Não: 25; Abstenção: 3; Total: 263.";PRD;3;0;0
LEI 15402/2026;Câmara;2025-12-09;PL 2162/2023;"Aprovada a Redação Final assinada pelo relator, Dep. Paulinho da Força (SOLIDARIEDADE/SP). Sim: 235; Não: 25; Abstenção: 3; Total: 263.";PSB;0;2;1
LEI 15402/2026;Câmara;2025-12-09;PL 2162/2023;"Aprovada a Redação Final assinada pelo relator, Dep. Paulinho da Força (SOLIDARIEDADE/SP). Sim: 235; Não: 25; Abstenção: 3; Total: 263.";PSD;21;3;0
LEI 15402/2026;Câmara;2025-12-09;PL 2162/2023;"Aprovada a Redação Final assinada pelo relator, Dep. Paulinho da Força (SOLIDARIEDADE/SP). Sim: 235; Não: 25; Abstenção: 3; Total: 263.";PSDB;6;1;1
LEI 15402/2026;Câmara;2025-12-09;PL 2162/2023;"Aprovada a Redação Final assinada pelo relator, Dep. Paulinho da Força (SOLIDARIEDADE/SP). Sim: 235; Não: 25; Abstenção: 3; Total: 263.";PSOL;0;2;7
LEI 15402/2026;Câmara;2025-12-09;PL 2162/2023;"Aprovada a Redação Final assinada pelo relator, Dep. Paulinho da Força (SOLIDARIEDADE/SP). Sim: 235; Não: 25; Abstenção: 3; Total: 263.";PT;0;5;43
LEI 15402/2026;Câmara;2025-12-09;PL 2162/2023;"Aprovada a Redação Final assinada pelo relator, Dep. Paulinho da Força (SOLIDARIEDADE/SP). Sim: 235; Não: 25; Abstenção: 3; Total: 263.";PV;0;0;1
LEI 15402/2026;Câmara;2025-12-09;PL 2162/2023;"Aprovada a Redação Final assinada pelo relator, Dep. Paulinho da Força (SOLIDARIEDADE/SP). Sim: 235; Não: 25; Abstenção: 3; Total: 263.";REDE;0;0;3
LEI 15402/2026;Câmara;2025-12-09;PL 2162/2023;"Aprovada a Redação Final assinada pelo relator, Dep. Paulinho da Força (SOLIDARIEDADE/SP). Sim: 235; Não: 25; Abstenção: 3; Total: 263.";REPUBLICANOS;29;1;0
LEI 15402/2026;Câmara;2025-12-09;PL 2162/2023;"Aprovada a Redação Final assinada pelo relator, Dep. Paulinho da Força (SOLIDARIEDADE/SP). Sim: 235; Não: 25; Abstenção: 3; Total: 263.";SOLIDARIEDADE;2;1;0
LEI 15402/2026;Câmara;2025-12-09;PL 2162/2023;"Aprovada a Redação Final assinada pelo relator, Dep. Paulinho da Força (SOLIDARIEDADE/SP). Sim: 235; Não: 25; Abstenção: 3; Total: 263.";UNIÃO;39;1;1
LEI 15402/2026;Câmara;2025-12-09;PL 2162/2023;"Mantido o texto. Sim: 229; Não: 26; Abstenção: 3; Total: 258.";AVANTE;5;0;0
LEI 15402/2026;Câmara;2025-12-09;PL 2162/2023;"Mantido o texto. Sim: 229; Não: 26; Abstenção: 3; Total: 258.";CIDADANIA;1;0;0
LEI 15402/2026;Câmara;2025-12-09;PL 2162/2023;"Mantido o texto. Sim: 229; Não: 26; Abstenção: 3; Total: 258.";MDB;15;2;0
LEI 15402/2026;Câmara;2025-12-09;PL 2162/2023;"Mantido o texto. Sim: 229; Não: 26; Abstenção: 3; Total: 258.";NOVO;5;0;0
LEI 15402/2026;Câmara;2025-12-09;PL 2162/2023;"Mantido o texto. Sim: 229; Não: 26; Abstenção: 3; Total: 258.";PCdoB;0;8;0
LEI 15402/2026;Câmara;2025-12-09;PL 2162/2023;"Mantido o texto. Sim: 229; Não: 26; Abstenção: 3; Total: 258.";PDT;0;0;4
LEI 15402/2026;Câmara;2025-12-09;PL 2162/2023;"Mantido o texto. Sim: 229; Não: 26; Abstenção: 3; Total: 258.";PL;70;0;0
LEI 15402/2026;Câmara;2025-12-09;PL 2162/2023;"Mantido o texto. Sim: 229; Não: 26; Abstenção: 3; Total: 258.";PODE;12;0;1
LEI 15402/2026;Câmara;2025-12-09;PL 2162/2023;"Mantido o texto. Sim: 229; Não: 26; Abstenção: 3; Total: 258.";PP;25;1;0
LEI 15402/2026;Câmara;2025-12-09;PL 2162/2023;"Mantido o texto. Sim: 229; Não: 26; Abstenção: 3; Total: 258.";PRD;3;0;0
LEI 15402/2026;Câmara;2025-12-09;PL 2162/2023;"Mantido o texto. Sim: 229; Não: 26; Abstenção: 3; Total: 258.";PSB;0;2;6
LEI 15402/2026;Câmara;2025-12-09;PL 2162/2023;"Mantido o texto. Sim: 229; Não: 26; Abstenção: 3; Total: 258.";PSD;20;6;0
LEI 15402/2026;Câmara;2025-12-09;PL 2162/2023;"Mantido o texto. Sim: 229; Não: 26; Abstenção: 3; Total: 258.";PSDB;7;1;1
LEI 15402/2026;Câmara;2025-12-09;PL 2162/2023;"Mantido o texto. Sim: 229; Não: 26; Abstenção: 3; Total: 258.";PSOL;0;1;7
LEI 15402/2026;Câmara;2025-12-09;PL 2162/2023;"Mantido o texto. Sim: 229; Não: 26; Abstenção: 3; Total: 258.";PT;0;1;46
LEI 15402/2026;Câmara;2025-12-09;PL 2162/2023;"Mantido o texto. Sim: 229; Não: 26; Abstenção: 3; Total: 258.";PV;0;0;1
LEI 15402/2026;Câmara;2025-12-09;PL 2162/2023;"Mantido o texto. Sim: 229; Não: 26; Abstenção: 3; Total: 258.";REDE;0;0;2
LEI 15402/2026;Câmara;2025-12-09;PL 2162/2023;"Mantido o texto. Sim: 229; Não: 26; Abstenção: 3; Total: 258.";REPUBLICANOS;27;2;0
LEI 15402/2026;Câmara;2025-12-09;PL 2162/2023;"Mantido o texto. Sim: 229; Não: 26; Abstenção: 3; Total: 258.";SOLIDARIEDADE;3;1;0
LEI 15402/2026;Câmara;2025-12-09;PL 2162/2023;"Mantido o texto. Sim: 229; Não: 26; Abstenção: 3; Total: 258.";UNIÃO;36;1;1
LEI 15402/2026;Câmara;2025-12-09;PL 2162/2023;"Mantido o texto. Sim: 230; Não: 34; Abstenção: 4; Total: 268.";AVANTE;5;1;0
LEI 15402/2026;Câmara;2025-12-09;PL 2162/2023;"Mantido o texto. Sim: 230; Não: 34; Abstenção: 4; Total: 268.";CIDADANIA;1;1;0
LEI 15402/2026;Câmara;2025-12-09;PL 2162/2023;"Mantido o texto. Sim: 230; Não: 34; Abstenção: 4; Total: 268.";MDB;16;2;0
LEI 15402/2026;Câmara;2025-12-09;PL 2162/2023;"Mantido o texto. Sim: 230; Não: 34; Abstenção: 4; Total: 268.";NOVO;4;0;0
LEI 15402/2026;Câmara;2025-12-09;PL 2162/2023;"Mantido o texto. Sim: 230; Não: 34; Abstenção: 4; Total: 268.";PCdoB;0;5;1
LEI 15402/2026;Câmara;2025-12-09;PL 2162/2023;"Mantido o texto. Sim: 230; Não: 34; Abstenção: 4; Total: 268.";PDT;0;1;3
LEI 15402/2026;Câmara;2025-12-09;PL 2162/2023;"Mantido o texto. Sim: 230; Não: 34; Abstenção: 4; Total: 268.";PL;69;0;0
LEI 15402/2026;Câmara;2025-12-09;PL 2162/2023;"Mantido o texto. Sim: 230; Não: 34; Abstenção: 4; Total: 268.";PODE;11;0;0
LEI 15402/2026;Câmara;2025-12-09;PL 2162/2023;"Mantido o texto. Sim: 230; Não: 34; Abstenção: 4; Total: 268.";PP;26;0;0
LEI 15402/2026;Câmara;2025-12-09;PL 2162/2023;"Mantido o texto. Sim: 230; Não: 34; Abstenção: 4; Total: 268.";PRD;3;0;0
LEI 15402/2026;Câmara;2025-12-09;PL 2162/2023;"Mantido o texto. Sim: 230; Não: 34; Abstenção: 4; Total: 268.";PSB;0;0;4
LEI 15402/2026;Câmara;2025-12-09;PL 2162/2023;"Mantido o texto. Sim: 230; Não: 34; Abstenção: 4; Total: 268.";PSD;19;5;1
LEI 15402/2026;Câmara;2025-12-09;PL 2162/2023;"Mantido o texto. Sim: 230; Não: 34; Abstenção: 4; Total: 268.";PSDB;9;0;1
LEI 15402/2026;Câmara;2025-12-09;PL 2162/2023;"Mantido o texto. Sim: 230; Não: 34; Abstenção: 4; Total: 268.";PSOL;0;0;9
LEI 15402/2026;Câmara;2025-12-09;PL 2162/2023;"Mantido o texto. Sim: 230; Não: 34; Abstenção: 4; Total: 268.";PT;0;14;33
LEI 15402/2026;Câmara;2025-12-09;PL 2162/2023;"Mantido o texto. Sim: 230; Não: 34; Abstenção: 4; Total: 268.";PV;0;0;3
LEI 15402/2026;Câmara;2025-12-09;PL 2162/2023;"Mantido o texto. Sim: 230; Não: 34; Abstenção: 4; Total: 268.";REDE;0;0;3
LEI 15402/2026;Câmara;2025-12-09;PL 2162/2023;"Mantido o texto. Sim: 230; Não: 34; Abstenção: 4; Total: 268.";REPUBLICANOS;29;0;1
LEI 15402/2026;Câmara;2025-12-09;PL 2162/2023;"Mantido o texto. Sim: 230; Não: 34; Abstenção: 4; Total: 268.";SOLIDARIEDADE;2;1;0
LEI 15402/2026;Câmara;2025-12-09;PL 2162/2023;"Mantido o texto. Sim: 230; Não: 34; Abstenção: 4; Total: 268.";UNIÃO;36;4;0
LEI 15402/2026;Câmara;2025-12-09;PL 2162/2023;"Aprovado o Substitutivo ao Projeto de Lei nº 2.162, de 2023, adotado pelo relator da Comissão Especial, ressalvados os destaques. Sim: 291; Não: 148; Abstenção: 1; Total: 440.";AVANTE;6;1;0
LEI 15402/2026;Câmara;2025-12-09;PL 2162/2023;"Aprovado o Substitutivo ao Projeto de Lei nº 2.162, de 2023, adotado pelo relator da Comissão Especial, ressalvados os destaques. Sim: 291; Não: 148; Abstenção: 1; Total: 440.";CIDADANIA;3;0;0
LEI 15402/2026;Câmara;2025-12-09;PL 2162/2023;"Aprovado o Substitutivo ao Projeto de Lei nº 2.162, de 2023, adotado pelo relator da Comissão Especial, ressalvados os destaques. Sim: 291; Não: 148; Abstenção: 1; Total: 440.";MDB;25;5;0
LEI 15402/2026;Câmara;2025-12-09;PL 2162/2023;"Aprovado o Substitutivo ao Projeto de Lei nº 2.162, de 2023, adotado pelo relator da Comissão Especial, ressalvados os destaques. Sim: 291; Não: 148; Abstenção: 1; Total: 440.";NOVO;5;0;0
LEI 15402/2026;Câmara;2025-12-09;PL 2162/2023;"Aprovado o Substitutivo ao Projeto de Lei nº 2.162, de 2023, adotado pelo relator da Comissão Especial, ressalvados os destaques. Sim: 291; Não: 148; Abstenção: 1; Total: 440.";PCdoB;0;9;0
LEI 15402/2026;Câmara;2025-12-09;PL 2162/2023;"Aprovado o Substitutivo ao Projeto de Lei nº 2.162, de 2023, adotado pelo relator da Comissão Especial, ressalvados os destaques. Sim: 291; Não: 148; Abstenção: 1; Total: 440.";PDT;1;13;0
LEI 15402/2026;Câmara;2025-12-09;PL 2162/2023;"Aprovado o Substitutivo ao Projeto de Lei nº 2.162, de 2023, adotado pelo relator da Comissão Especial, ressalvados os destaques. Sim: 291; Não: 148; Abstenção: 1; Total: 440.";PL;75;1;0
LEI 15402/2026;Câmara;2025-12-09;PL 2162/2023;"Aprovado o Substitutivo ao Projeto de Lei nº 2.162, de 2023, adotado pelo relator da Comissão Especial, ressalvados os destaques. Sim: 291; Não: 148; Abstenção: 1; Total: 440.";PODE;14;1;0
LEI 15402/2026;Câmara;2025-12-09;PL 2162/2023;"Aprovado o Substitutivo ao Projeto de Lei nº 2.162, de 2023, adotado pelo relator da Comissão Especial, ressalvados os destaques. Sim: 291; Não: 148; Abstenção: 1; Total: 440.";PP;39;2;0
LEI 15402/2026;Câmara;2025-12-09;PL 2162/2023;"Aprovado o Substitutivo ao Projeto de Lei nº 2.162, de 2023, adotado pelo relator da Comissão Especial, ressalvados os destaques. Sim: 291; Não: 148; Abstenção: 1; Total: 440.";PRD;5;0;0
LEI 15402/2026;Câmara;2025-12-09;PL 2162/2023;"Aprovado o Substitutivo ao Projeto de Lei nº 2.162, de 2023, adotado pelo relator da Comissão Especial, ressalvados os destaques. Sim: 291; Não: 148; Abstenção: 1; Total: 440.";PSB;1;12;0
LEI 15402/2026;Câmara;2025-12-09;PL 2162/2023;"Aprovado o Substitutivo ao Projeto de Lei nº 2.162, de 2023, adotado pelo relator da Comissão Especial, ressalvados os destaques. Sim: 291; Não: 148; Abstenção: 1; Total: 440.";PSD;24;12;1
LEI 15402/2026;Câmara;2025-12-09;PL 2162/2023;"Aprovado o Substitutivo ao Projeto de Lei nº 2.162, de 2023, adotado pelo relator da Comissão Especial, ressalvados os destaques. Sim: 291; Não: 148; Abstenção: 1; Total: 440.";PSDB;10;2;0
LEI 15402/2026;Câmara;2025-12-09;PL 2162/2023;"Aprovado o Substitutivo ao Projeto de Lei nº 2.162, de 2023, adotado pelo relator da Comissão Especial, ressalvados os destaques. Sim: 291; Não: 148; Abstenção: 1; Total: 440.";PSOL;0;12;0
LEI 15402/2026;Câmara;2025-12-09;PL 2162/2023;"Aprovado o Substitutivo ao Projeto de Lei nº 2.162, de 2023, adotado pelo relator da Comissão Especial, ressalvados os destaques. Sim: 291; Não: 148; Abstenção: 1; Total: 440.";PT;0;65;0
LEI 15402/2026;Câmara;2025-12-09;PL 2162/2023;"Aprovado o Substitutivo ao Projeto de Lei nº 2.162, de 2023, adotado pelo relator da Comissão Especial, ressalvados os destaques. Sim: 291; Não: 148; Abstenção: 1; Total: 440.";PV;0;3;0
LEI 15402/2026;Câmara;2025-12-09;PL 2162/2023;"Aprovado o Substitutivo ao Projeto de Lei nº 2.162, de 2023, adotado pelo relator da Comissão Especial, ressalvados os destaques. Sim: 291; Não: 148; Abstenção: 1; Total: 440.";REDE;0;3;0
LEI 15402/2026;Câmara;2025-12-09;PL 2162/2023;"Aprovado o Substitutivo ao Projeto de Lei nº 2.162, de 2023, adotado pelo relator da Comissão Especial, ressalvados os destaques. Sim: 291; Não: 148; Abstenção: 1; Total: 440.";REPUBLICANOS;32;2;0
LEI 15402/2026;Câmara;2025-12-09;PL 2162/2023;"Aprovado o Substitutivo ao Projeto de Lei nº 2.162, de 2023, adotado pelo relator da Comissão Especial, ressalvados os destaques. Sim: 291; Não: 148; Abstenção: 1; Total: 440.";SOLIDARIEDADE;4;1;0
LEI 15402/2026;Câmara;2025-12-09;PL 2162/2023;"Aprovado o Substitutivo ao Projeto de Lei nº 2.162, de 2023, adotado pelo relator da Comissão Especial, ressalvados os destaques. Sim: 291; Não: 148; Abstenção: 1; Total: 440.";UNIÃO;47;4;0
LEI 15402/2026;Câmara;2025-12-09;PL 2162/2023;"Mantido o texto. Sim: 208; Não: 121; Total: 329.";AVANTE;3;1;0
LEI 15402/2026;Câmara;2025-12-09;PL 2162/2023;"Mantido o texto. Sim: 208; Não: 121; Total: 329.";CIDADANIA;1;0;0
LEI 15402/2026;Câmara;2025-12-09;PL 2162/2023;"Mantido o texto. Sim: 208; Não: 121; Total: 329.";MDB;13;3;0
LEI 15402/2026;Câmara;2025-12-09;PL 2162/2023;"Mantido o texto. Sim: 208; Não: 121; Total: 329.";NOVO;3;0;0
LEI 15402/2026;Câmara;2025-12-09;PL 2162/2023;"Mantido o texto. Sim: 208; Não: 121; Total: 329.";PCdoB;0;9;0
LEI 15402/2026;Câmara;2025-12-09;PL 2162/2023;"Mantido o texto. Sim: 208; Não: 121; Total: 329.";PDT;1;11;0
LEI 15402/2026;Câmara;2025-12-09;PL 2162/2023;"Mantido o texto. Sim: 208; Não: 121; Total: 329.";PL;63;0;0
LEI 15402/2026;Câmara;2025-12-09;PL 2162/2023;"Mantido o texto. Sim: 208; Não: 121; Total: 329.";PODE;8;1;0
LEI 15402/2026;Câmara;2025-12-09;PL 2162/2023;"Mantido o texto. Sim: 208; Não: 121; Total: 329.";PP;27;1;0
LEI 15402/2026;Câmara;2025-12-09;PL 2162/2023;"Mantido o texto. Sim: 208; Não: 121; Total: 329.";PRD;4;0;0
LEI 15402/2026;Câmara;2025-12-09;PL 2162/2023;"Mantido o texto. Sim: 208; Não: 121; Total: 329.";PSB;0;8;0
LEI 15402/2026;Câmara;2025-12-09;PL 2162/2023;"Mantido o texto. Sim: 208; Não: 121; Total: 329.";PSD;20;10;0
LEI 15402/2026;Câmara;2025-12-09;PL 2162/2023;"Mantido o texto. Sim: 208; Não: 121; Total: 329.";PSDB;4;4;0
LEI 15402/2026;Câmara;2025-12-09;PL 2162/2023;"Mantido o texto. Sim: 208; Não: 121; Total: 329.";PSOL;0;8;0
LEI 15402/2026;Câmara;2025-12-09;PL 2162/2023;"Mantido o texto. Sim: 208; Não: 121; Total: 329.";PT;0;50;0
LEI 15402/2026;Câmara;2025-12-09;PL 2162/2023;"Mantido o texto. Sim: 208; Não: 121; Total: 329.";PV;0;3;0
LEI 15402/2026;Câmara;2025-12-09;PL 2162/2023;"Mantido o texto. Sim: 208; Não: 121; Total: 329.";REDE;0;3;0
LEI 15402/2026;Câmara;2025-12-09;PL 2162/2023;"Mantido o texto. Sim: 208; Não: 121; Total: 329.";REPUBLICANOS;28;2;0
LEI 15402/2026;Câmara;2025-12-09;PL 2162/2023;"Mantido o texto. Sim: 208; Não: 121; Total: 329.";SOLIDARIEDADE;2;0;0
LEI 15402/2026;Câmara;2025-12-09;PL 2162/2023;"Mantido o texto. Sim: 208; Não: 121; Total: 329.";UNIÃO;31;7;0
LEI 15402/2026;Câmara;2025-12-09;PL 2162/2023;"Mantido o texto. Sim: 218; Não: 136; Abstenção: 1; Total: 355.";AVANTE;4;1;0
LEI 15402/2026;Câmara;2025-12-09;PL 2162/2023;"Mantido o texto. Sim: 218; Não: 136; Abstenção: 1; Total: 355.";CIDADANIA;1;0;0
LEI 15402/2026;Câmara;2025-12-09;PL 2162/2023;"Mantido o texto. Sim: 218; Não: 136; Abstenção: 1; Total: 355.";MDB;20;5;0
LEI 15402/2026;Câmara;2025-12-09;PL 2162/2023;"Mantido o texto. Sim: 218; Não: 136; Abstenção: 1; Total: 355.";NOVO;5;0;0
LEI 15402/2026;Câmara;2025-12-09;PL 2162/2023;"Mantido o texto. Sim: 218; Não: 136; Abstenção: 1; Total: 355.";PCdoB;0;8;0
LEI 15402/2026;Câmara;2025-12-09;PL 2162/2023;"Mantido o texto. Sim: 218; Não: 136; Abstenção: 1; Total: 355.";PDT;1;12;0
LEI 15402/2026;Câmara;2025-12-09;PL 2162/2023;"Mantido o texto. Sim: 218; Não: 136; Abstenção: 1; Total: 355.";PL;65;2;0
LEI 15402/2026;Câmara;2025-12-09;PL 2162/2023;"Mantido o texto. Sim: 218; Não: 136; Abstenção: 1; Total: 355.";PODE;8;2;0
LEI 15402/2026;Câmara;2025-12-09;PL 2162/2023;"Mantido o texto. Sim: 218; Não: 136; Abstenção: 1; Total: 355.";PP;30;1;0
LEI 15402/2026;Câmara;2025-12-09;PL 2162/2023;"Mantido o texto. Sim: 218; Não: 136; Abstenção: 1; Total: 355.";PRD;3;0;0
LEI 15402/2026;Câmara;2025-12-09;PL 2162/2023;"Mantido o texto. Sim: 218; Não: 136; Abstenção: 1; Total: 355.";PSB;0;10;0
LEI 15402/2026;Câmara;2025-12-09;PL 2162/2023;"Mantido o texto. Sim: 218; Não: 136; Abstenção: 1; Total: 355.";PSD;16;14;0
LEI 15402/2026;Câmara;2025-12-09;PL 2162/2023;"Mantido o texto. Sim: 218; Não: 136; Abstenção: 1; Total: 355.";PSDB;5;4;0
LEI 15402/2026;Câmara;2025-12-09;PL 2162/2023;"Mantido o texto. Sim: 218; Não: 136; Abstenção: 1; Total: 355.";PSOL;0;9;0
LEI 15402/2026;Câmara;2025-12-09;PL 2162/2023;"Mantido o texto. Sim: 218; Não: 136; Abstenção: 1; Total: 355.";PT;1;50;1
LEI 15402/2026;Câmara;2025-12-09;PL 2162/2023;"Mantido o texto. Sim: 218; Não: 136; Abstenção: 1; Total: 355.";PV;0;3;0
LEI 15402/2026;Câmara;2025-12-09;PL 2162/2023;"Mantido o texto. Sim: 218; Não: 136; Abstenção: 1; Total: 355.";REDE;0;3;0
LEI 15402/2026;Câmara;2025-12-09;PL 2162/2023;"Mantido o texto. Sim: 218; Não: 136; Abstenção: 1; Total: 355.";REPUBLICANOS;24;2;0
LEI 15402/2026;Câmara;2025-12-09;PL 2162/2023;"Mantido o texto. Sim: 218; Não: 136; Abstenção: 1; Total: 355.";SOLIDARIEDADE;2;0;0
LEI 15402/2026;Câmara;2025-12-09;PL 2162/2023;"Mantido o texto. Sim: 218; Não: 136; Abstenção: 1; Total: 355.";UNIÃO;33;10;0
LEI 15402/2026;Câmara;2025-12-09;PL 2162/2023;"Rejeitado o Requerimento. Sim: 147; Não: 287; Total: 434.";AVANTE;1;5;0
LEI 15402/2026;Câmara;2025-12-09;PL 2162/2023;"Rejeitado o Requerimento. Sim: 147; Não: 287; Total: 434.";CIDADANIA;0;3;0
LEI 15402/2026;Câmara;2025-12-09;PL 2162/2023;"Rejeitado o Requerimento. Sim: 147; Não: 287; Total: 434.";MDB;5;26;0
LEI 15402/2026;Câmara;2025-12-09;PL 2162/2023;"Rejeitado o Requerimento. Sim: 147; Não: 287; Total: 434.";NOVO;0;5;0
LEI 15402/2026;Câmara;2025-12-09;PL 2162/2023;"Rejeitado o Requerimento. Sim: 147; Não: 287; Total: 434.";PCdoB;9;0;0
LEI 15402/2026;Câmara;2025-12-09;PL 2162/2023;"Rejeitado o Requerimento. Sim: 147; Não: 287; Total: 434.";PDT;10;1;0
LEI 15402/2026;Câmara;2025-12-09;PL 2162/2023;"Rejeitado o Requerimento. Sim: 147; Não: 287; Total: 434.";PL;1;75;0
LEI 15402/2026;Câmara;2025-12-09;PL 2162/2023;"Rejeitado o Requerimento. Sim: 147; Não: 287; Total: 434.";PODE;1;13;0
LEI 15402/2026;Câmara;2025-12-09;PL 2162/2023;"Rejeitado o Requerimento. Sim: 147; Não: 287; Total: 434.";PP;3;37;0
LEI 15402/2026;Câmara;2025-12-09;PL 2162/2023;"Rejeitado o Requerimento. Sim: 147; Não: 287; Total: 434.";PRD;0;4;0
LEI 15402/2026;Câmara;2025-12-09;PL 2162/2023;"Rejeitado o Requerimento. Sim: 147; Não: 287; Total: 434.";PSB;13;0;0
LEI 15402/2026;Câmara;2025-12-09;PL 2162/2023;"Rejeitado o Requerimento. Sim: 147; Não: 287; Total: 434.";PSD;14;23;0
LEI 15402/2026;Câmara;2025-12-09;PL 2162/2023;"Rejeitado o Requerimento. Sim: 147; Não: 287; Total: 434.";PSDB;3;10;0
LEI 15402/2026;Câmara;2025-12-09;PL 2162/2023;"Rejeitado o Requerimento. Sim: 147; Não: 287; Total: 434.";PSOL;12;0;0
LEI 15402/2026;Câmara;2025-12-09;PL 2162/2023;"Rejeitado o Requerimento. Sim: 147; Não: 287; Total: 434.";PT;62;0;0
LEI 15402/2026;Câmara;2025-12-09;PL 2162/2023;"Rejeitado o Requerimento. Sim: 147; Não: 287; Total: 434.";PV;3;0;0
LEI 15402/2026;Câmara;2025-12-09;PL 2162/2023;"Rejeitado o Requerimento. Sim: 147; Não: 287; Total: 434.";REDE;3;0;0
LEI 15402/2026;Câmara;2025-12-09;PL 2162/2023;"Rejeitado o Requerimento. Sim: 147; Não: 287; Total: 434.";REPUBLICANOS;2;34;0
LEI 15402/2026;Câmara;2025-12-09;PL 2162/2023;"Rejeitado o Requerimento. Sim: 147; Não: 287; Total: 434.";SOLIDARIEDADE;1;4;0
LEI 15402/2026;Câmara;2025-12-09;PL 2162/2023;"Rejeitado o Requerimento. Sim: 147; Não: 287; Total: 434.";UNIÃO;4;47;0
LEI 15402/2026;Câmara;2025-12-09;PL 2162/2023;"Rejeitado o Requerimento. Sim: 146; Não: 294; Total: 440.";AVANTE;3;4;0
LEI 15402/2026;Câmara;2025-12-09;PL 2162/2023;"Rejeitado o Requerimento. Sim: 146; Não: 294; Total: 440.";CIDADANIA;0;3;0
LEI 15402/2026;Câmara;2025-12-09;PL 2162/2023;"Rejeitado o Requerimento. Sim: 146; Não: 294; Total: 440.";MDB;5;27;0
LEI 15402/2026;Câmara;2025-12-09;PL 2162/2023;"Rejeitado o Requerimento. Sim: 146; Não: 294; Total: 440.";NOVO;0;5;0
LEI 15402/2026;Câmara;2025-12-09;PL 2162/2023;"Rejeitado o Requerimento. Sim: 146; Não: 294; Total: 440.";PCdoB;9;0;0
LEI 15402/2026;Câmara;2025-12-09;PL 2162/2023;"Rejeitado o Requerimento. Sim: 146; Não: 294; Total: 440.";PDT;13;1;0
LEI 15402/2026;Câmara;2025-12-09;PL 2162/2023;"Rejeitado o Requerimento. Sim: 146; Não: 294; Total: 440.";PL;1;76;0
LEI 15402/2026;Câmara;2025-12-09;PL 2162/2023;"Rejeitado o Requerimento. Sim: 146; Não: 294; Total: 440.";PODE;3;10;0
LEI 15402/2026;Câmara;2025-12-09;PL 2162/2023;"Rejeitado o Requerimento. Sim: 146; Não: 294; Total: 440.";PP;2;40;0
LEI 15402/2026;Câmara;2025-12-09;PL 2162/2023;"Rejeitado o Requerimento. Sim: 146; Não: 294; Total: 440.";PRD;0;4;0
LEI 15402/2026;Câmara;2025-12-09;PL 2162/2023;"Rejeitado o Requerimento. Sim: 146; Não: 294; Total: 440.";PSB;11;1;0
LEI 15402/2026;Câmara;2025-12-09;PL 2162/2023;"Rejeitado o Requerimento. Sim: 146; Não: 294; Total: 440.";PSD;13;27;0
LEI 15402/2026;Câmara;2025-12-09;PL 2162/2023;"Rejeitado o Requerimento. Sim: 146; Não: 294; Total: 440.";PSDB;3;10;0
LEI 15402/2026;Câmara;2025-12-09;PL 2162/2023;"Rejeitado o Requerimento. Sim: 146; Não: 294; Total: 440.";PSOL;11;0;0
LEI 15402/2026;Câmara;2025-12-09;PL 2162/2023;"Rejeitado o Requerimento. Sim: 146; Não: 294; Total: 440.";PT;59;0;0
LEI 15402/2026;Câmara;2025-12-09;PL 2162/2023;"Rejeitado o Requerimento. Sim: 146; Não: 294; Total: 440.";PV;2;0;0
LEI 15402/2026;Câmara;2025-12-09;PL 2162/2023;"Rejeitado o Requerimento. Sim: 146; Não: 294; Total: 440.";REDE;3;0;0
LEI 15402/2026;Câmara;2025-12-09;PL 2162/2023;"Rejeitado o Requerimento. Sim: 146; Não: 294; Total: 440.";REPUBLICANOS;3;35;0
LEI 15402/2026;Câmara;2025-12-09;PL 2162/2023;"Rejeitado o Requerimento. Sim: 146; Não: 294; Total: 440.";SOLIDARIEDADE;1;4;0
LEI 15402/2026;Câmara;2025-12-09;PL 2162/2023;"Rejeitado o Requerimento. Sim: 146; Não: 294; Total: 440.";UNIÃO;4;47;0
LEI 15402/2026;Senado;2025-12-17;PL 2162/2023;Votação nominal do Projeto de Lei nº 2.162, de 2023, nos termos do parecer. Resultado: Aprovado;REPUBLICANOS;5;0;0
LEI 15402/2026;Senado;2025-12-17;PL 2162/2023;Votação nominal do Projeto de Lei nº 2.162, de 2023, nos termos do parecer. Resultado: Aprovado;MDB;2;7;1
LEI 15402/2026;Senado;2025-12-17;PL 2162/2023;Votação nominal do Projeto de Lei nº 2.162, de 2023, nos termos do parecer. Resultado: Aprovado;PDT;0;2;1
LEI 15402/2026;Senado;2025-12-17;PL 2162/2023;Votação nominal do Projeto de Lei nº 2.162, de 2023, nos termos do parecer. Resultado: Aprovado;PSD;6;5;3
LEI 15402/2026;Senado;2025-12-17;PL 2162/2023;Votação nominal do Projeto de Lei nº 2.162, de 2023, nos termos do parecer. Resultado: Aprovado;PL;15;0;0
LEI 15402/2026;Senado;2025-12-17;PL 2162/2023;Votação nominal do Projeto de Lei nº 2.162, de 2023, nos termos do parecer. Resultado: Aprovado;PT;0;9;0
LEI 15402/2026;Senado;2025-12-17;PL 2162/2023;Votação nominal do Projeto de Lei nº 2.162, de 2023, nos termos do parecer. Resultado: Aprovado;PODEMOS;2;1;1
LEI 15402/2026;Senado;2025-12-17;PL 2162/2023;Votação nominal do Projeto de Lei nº 2.162, de 2023, nos termos do parecer. Resultado: Aprovado;PSB;4;0;0
LEI 15402/2026;Senado;2025-12-17;PL 2162/2023;Votação nominal do Projeto de Lei nº 2.162, de 2023, nos termos do parecer. Resultado: Aprovado;PP;5;1;1
LEI 15402/2026;Senado;2025-12-17;PL 2162/2023;Votação nominal do Projeto de Lei nº 2.162, de 2023, nos termos do parecer. Resultado: Aprovado;UNIÃO;4;0;1
LEI 15402/2026;Senado;2025-12-17;PL 2162/2023;Votação nominal do Projeto de Lei nº 2.162, de 2023, nos termos do parecer. Resultado: Aprovado;NOVO;1;0;0
LEI 15402/2026;Senado;2025-12-17;PL 2162/2023;Votação nominal do Projeto de Lei nº 2.162, de 2023, nos termos do parecer. Resultado: Aprovado;S/Partido;1;0;0
LEI 15402/2026;Senado;2025-12-17;PL 2162/2023;Votação nominal do Projeto de Lei nº 2.162, de 2023, nos termos do parecer. Resultado: Aprovado;PSDB;3;0;0