artigo;sufixo;dispositivo;parte;tipo;norma_especie;norma_numero;norma_ano;anotacao;posicao
1;;art. 1;Parte Geral;redacao dada;LEI;7209;1984;(Redação dada pela Lei nº 7.209, de 11.7.1984);776
2;;art. 2;Parte Geral;redacao dada;LEI;7209;1984;(Redação dada pela Lei nº 7.209, de 11.7.1984);1012
2;;art. 2;Parte Geral;redacao dada;LEI;7209;1984;(Redação dada pela Lei nº 7.209, de 11.7.1984);1236
2;;art. 2;Parte Geral;incluido;LEI;7209;1984;(Incluído pela Lei nº 7.209, de 11.7.1984);1313
3;;art. 3;Parte Geral;redacao dada;LEI;7209;1984;(Redação dada pela Lei nº 7.209, de 1984);1541
4;;art. 4;Parte Geral;redacao dada;LEI;7209;1984;(Redação dada pela Lei nº 7.209, de 1984);1715
5;;art. 5;Parte Geral;redacao dada;LEI;7209;1984;(Redação dada pela Lei nº 7.209, de 1984);1926
5;;art. 5;Parte Geral;redacao dada;LEI;7209;1984;(Redação dada pela Lei nº 7.209, de 1984);2340
5;;art. 5;Parte Geral;redacao dada;LEI;7209;1984;(Redação dada pela Lei nº 7.209, de 1984);2660
5;;art. 5;Parte Geral;redacao dada;LEI;7209;1984;(Redação dada pela Lei nº 7.209, de 1984);2717
6;;art. 6;Parte Geral;redacao dada;LEI;7209;1984;(Redação dada pela Lei nº 7.209, de 1984);2926
6;;art. 6;Parte Geral;redacao dada;LEI;7209;1984;(Redação dada pela Lei nº 7.209, de 1984);2990
7;;art. 7;Parte Geral;redacao dada;LEI;7209;1984;(Redação dada pela Lei nº 7.209, de 1984);3108
7;;art. 7;Parte Geral;redacao dada;LEI;7209;1984;(Redação dada pela Lei nº 7.209, de 11.7.1984);3165
7;;art. 7;Parte Geral;incluido;LEI;7209;1984;(Incluído pela Lei nº 7.209, de 1984);3272
7;;art. 7;Parte Geral;incluido;LEI;7209;1984;(Incluído pela Lei nº 7.209, de 1984);3522
7;;art. 7;Parte Geral;incluido;LEI;7209;1984;(Incluído pela Lei nº 7.209, de 1984);3624
7;;art. 7;Parte Geral;incluido;LEI;7209;1984;(Incluído pela Lei nº 7.209, de 1984);3736
7;;art. 7;Parte Geral;redacao dada;LEI;7209;1984;(Redação dada pela Lei nº 7.209, de 11.7.1984);3790
7;;art. 7;Parte Geral;incluido;LEI;7209;1984;(Incluído pela Lei nº 7.209, de 1984);3903
7;;art. 7;Parte Geral;incluido;LEI;7209;1984;(Incluído pela Lei nº 7.209, de 1984);3971
7;;art. 7;Parte Geral;incluido;LEI;7209;1984;(Incluído pela Lei nº 7.209, de 1984);4159
7;;art. 7;Parte Geral;incluido;LEI;7209;1984;(Incluído pela Lei nº 7.209, de 1984);4320
7;;art. 7;Parte Geral;incluido;LEI;7209;1984;(Incluído pela Lei nº 7.209, de 1984);4464
7;;art. 7;Parte Geral;incluido;LEI;7209;1984;(Incluído pela Lei nº 7.209, de 1984);4545
7;;art. 7;Parte Geral;incluido;LEI;7209;1984;(Incluído pela Lei nº 7.209, de 1984);4642
7;;art. 7;Parte Geral;incluido;LEI;7209;1984;(Incluído pela Lei nº 7.209, de 1984);4772
7;;art. 7;Parte Geral;incluido;LEI;7209;1984;(Incluído pela Lei nº 7.209, de 1984);4891
7;;art. 7;Parte Geral;incluido;LEI;7209;1984;(Incluído pela Lei nº 7.209, de 1984);5064
7;;art. 7;Parte Geral;incluido;LEI;7209;1984;(Incluído pela Lei nº 7.209, de 1984);5270
7;;art. 7;Parte Geral;incluido;LEI;7209;1984;(Incluído pela Lei nº 7.209, de 1984);5354
7;;art. 7;Parte Geral;incluido;LEI;7209;1984;(Incluído pela Lei nº 7.209, de 1984);5436
7;;art. 7;Parte Geral;redacao dada;LEI;7209;1984;(Redação dada pela Lei nº 7.209, de 11.7.1984);5503
8;;art. 8;Parte Geral;redacao dada;LEI;7209;1984;(Redação dada pela Lei nº 7.209, de 11.7.1984);5697
8;;art. 8;Parte Geral;redacao dada;LEI;7209;1984;(Redação dada pela Lei nº 7.209, de 11.7.1984);5777
9;;art. 9;Parte Geral;redacao dada;LEI;7209;1984;(Redação dada pela Lei nº 7.209, de 11.7.1984);5974
9;;art. 9;Parte Geral;incluido;LEI;7209;1984;(Incluído pela Lei nº 7.209, de 11.7.1984);6107
9;;art. 9;Parte Geral;incluido;LEI;7209;1984;(Incluído pela Lei nº 7.209, de 11.7.1984);6189
9;;art. 9;Parte Geral;incluido;LEI;7209;1984;(Incluído pela Lei nº 7.209, de 11.7.1984);6273
9;;art. 9;Parte Geral;incluido;LEI;7209;1984;(Incluído pela Lei nº 7.209, de 11.7.1984);6390
9;;art. 9;Parte Geral;incluido;LEI;7209;1984;(Incluído pela Lei nº 7.209, de 11.7.1984);6622
9;;art. 9;Parte Geral;redacao dada;LEI;7209;1984;(Redação dada pela Lei nº 7.209, de 11.7.1984);6683
10;;art. 10;Parte Geral;redacao dada;LEI;7209;1984;(Redação dada pela Lei nº 7.209, de 11.7.1984);6848
10;;art. 10;Parte Geral;redacao dada;LEI;7209;1984;(Redação dada pela Lei nº 7.209, de 11.7.1984);6927
11;;art. 11;Parte Geral;redacao dada;LEI;7209;1984;(Redação dada pela Lei nº 7.209, de 11.7.1984);7127
11;;art. 11;Parte Geral;incluido;LEI;7209;1984;(Incluída pela Lei nº 7.209, de 11.7.1984);7194
12;;art. 12;Parte Geral;redacao dada;LEI;7209;1984;(Redação dada pela Lei nº 7.209, de 11.7.1984);7367
12;;art. 12;Parte Geral;redacao dada;LEI;7209;1984;(Redação dada pela Lei nº 7.209, de 11.7.1984);7456
13;;art. 13;Parte Geral;redacao dada;LEI;7209;1984;(Redação dada pela Lei nº 7.209, de 11.7.1984);7686
13;;art. 13;Parte Geral;incluido;LEI;7209;1984;(Incluído pela Lei nº 7.209, de 11.7.1984);7770
13;;art. 13;Parte Geral;incluido;LEI;7209;1984;(Incluído pela Lei nº 7.209, de 11.7.1984);7997
13;;art. 13;Parte Geral;incluido;LEI;7209;1984;(Incluído pela Lei nº 7.209, de 11.7.1984);8062
13;;art. 13;Parte Geral;incluido;LEI;7209;1984;(Incluído pela Lei nº 7.209, de 11.7.1984);8240
13;;art. 13;Parte Geral;incluido;LEI;7209;1984;(Incluído pela Lei nº 7.209, de 11.7.1984);8346
13;;art. 13;Parte Geral;incluido;LEI;7209;1984;(Incluído pela Lei nº 7.209, de 11.7.1984);8459
13;;art. 13;Parte Geral;incluido;LEI;7209;1984;(Incluído pela Lei nº 7.209, de 11.7.1984);8579
14;;art. 14;Parte Geral;redacao dada;LEI;7209;1984;(Redação dada pela Lei nº 7.209, de 11.7.1984);8648
14;;art. 14;Parte Geral;incluido;LEI;7209;1984;(Incluído pela Lei nº 7.209, de 11.7.1984);8711
14;;art. 14;Parte Geral;incluido;LEI;7209;1984;(Incluído pela Lei nº 7.209, de 11.7.1984);8834
14;;art. 14;Parte Geral;incluido;LEI;7209;1984;(Incluído pela Lei nº 7.209, de 11.7.1984);8887
14;;art. 14;Parte Geral;incluido;LEI;7209;1984;(Incluído pela Lei nº 7.209, de 11.7.1984);9036
14;;art. 14;Parte Geral;incluido;LEI;7209;1984;(Incluído pela Lei nº 7.209, de 11.7.1984);9097
14;;art. 14;Parte Geral;incluido;LEI;7209;1984;(Incluído pela Lei nº 7.209, de 11.7.1984);9286
14;;art. 14;Parte Geral;redacao dada;LEI;7209;1984;(Redação dada pela Lei nº 7.209, de 11.7.1984);9376
15;;art. 15;Parte Geral;redacao dada;LEI;7209;1984;(Redação dada pela Lei nº 7.209, de 11.7.1984);9574
15;;art. 15;Parte Geral;redacao dada;LEI;7209;1984;(Redação dada pela Lei nº 7.209, de 11.7.1984);9646
16;;art. 16;Parte Geral;redacao dada;LEI;7209;1984;(Redação dada pela Lei nº 7.209, de 11.7.1984);9919
16;;art. 16;Parte Geral;redacao dada;LEI;7209;1984;(Redação dada pela Lei nº 7.209, de 11.7.1984);9983
17;;art. 17;Parte Geral;redacao dada;LEI;7209;1984;(Redação dada pela Lei nº 7.209, de 11.7.1984);10179
18;;art. 18;Parte Geral;redacao dada;LEI;7209;1984;(Redação dada pela Lei nº 7.209, de 11.7.1984);10252
18;;art. 18;Parte Geral;incluido;LEI;7209;1984;(Incluído pela Lei nº 7.209, de 11.7.1984);10312
18;;art. 18;Parte Geral;incluido;LEI;7209;1984;(Incluído pela Lei nº 7.209, de 11.7.1984);10434
18;;art. 18;Parte Geral;incluido;LEI;7209;1984;(Incluído pela Lei nº 7.209, de 11.7.1984);10491
18;;art. 18;Parte Geral;incluido;LEI;7209;1984;(Incluído pela Lei nº 7.209, de 11.7.1984);10630
18;;art. 18;Parte Geral;incluido;LEI;7209;1984;(Incluído pela Lei nº 7.209, de 11.7.1984);10814
18;;art. 18;Parte Geral;redacao dada;LEI;7209;1984;(Redação dada pela Lei nº 7.209, de 11.7.1984);10882
19;;art. 19;Parte Geral;redacao dada;LEI;7209;1984;(Redação dada pela Lei nº 7.209, de 11.7.1984);11052
19;;art. 19;Parte Geral;redacao dada;LEI;7209;1984;(Redação dada pela Lei nº 7.209, de 11.7.1984);11128
20;;art. 20;Parte Geral;redacao dada;LEI;7209;1984;(Redação dada pela Lei nº 7.209, de 11.7.1984);11319
20;;art. 20;Parte Geral;incluido;LEI;7209;1984;(Incluído pela Lei nº 7.209, de 11.7.1984);11391
20;;art. 20;Parte Geral;redacao dada;LEI;7209;1984;(Redação dada pela Lei nº 7.209, de 11.7.1984);11678
20;;art. 20;Parte Geral;incluido;LEI;7209;1984;(Incluído pela Lei nº 7.209, de 11.7.1984);11755
20;;art. 20;Parte Geral;redacao dada;LEI;7209;1984;(Redação dada pela Lei nº 7.209, de 11.7.1984);11858
20;;art. 20;Parte Geral;incluido;LEI;7209;1984;(Incluído pela Lei nº 7.209, de 11.7.1984);11925
20;;art. 20;Parte Geral;incluido;LEI;7209;1984;(Incluído pela Lei nº 7.209, de 11.7.1984);12187
20;;art. 20;Parte Geral;redacao dada;LEI;7209;1984;(Redação dada pela Lei nº 7.209, de 11.7.1984);12261
21;;art. 21;Parte Geral;redacao dada;LEI;7209;1984;(Redação dada pela Lei nº 7.209, de 11.7.1984);12478
21;;art. 21;Parte Geral;redacao dada;LEI;7209;1984;(Redação dada pela Lei nº 7.209, de 11.7.1984);12719
21;;art. 21;Parte Geral;redacao dada;LEI;7209;1984;(Redação dada pela Lei nº 7.209, de 11.7.1984);12811
22;;art. 22;Parte Geral;redacao dada;LEI;7209;1984;(Redação dada pela Lei nº 7.209, de 11.7.1984);13043
22;;art. 22;Parte Geral;redacao dada;LEI;7209;1984;(Redação dada pela Lei nº 7.209, de 11.7.1984);13112
23;;art. 23;Parte Geral;redacao dada;LEI;7209;1984;(Redação dada pela Lei nº 7.209, de 11.7.1984);13214
23;;art. 23;Parte Geral;incluido;LEI;7209;1984;(Incluído pela Lei nº 7.209, de 11.7.1984);13291
23;;art. 23;Parte Geral;incluido;LEI;7209;1984;(Incluído pela Lei nº 7.209, de 11.7.1984);13359
23;;art. 23;Parte Geral;incluido;LEI;7209;1984;(Incluído pela Lei nº 7.209, de 11.7.1984);13498
23;;art. 23;Parte Geral;incluido;LEI;7209;1984;(Incluído pela Lei nº 7.209, de 11.7.1984);13557
23;;art. 23;Parte Geral;incluido;LEI;7209;1984;(Incluído pela Lei nº 7.209, de 11.7.1984);13711
24;;art. 24;Parte Geral;redacao dada;LEI;7209;1984;(Redação dada pela Lei nº 7.209, de 11.7.1984);14031
24;;art. 24;Parte Geral;redacao dada;LEI;7209;1984;(Redação dada pela Lei nº 7.209, de 11.7.1984);14172
24;;art. 24;Parte Geral;redacao dada;LEI;7209;1984;(Redação dada pela Lei nº 7.209, de 11.7.1984);14340
25;;art. 25;Parte Geral;redacao dada;LEI;7209;1984;(Redação dada pela Lei nº 7.209, de 11.7.1984);14565
25;;art. 25;Parte Geral;incluido;LEI;13964;2019;(Incluído pela Lei nº 13.964, de 2019);14865
26;;art. 26;Parte Geral;redacao dada;LEI;7209;1984;(Redação dada pela Lei nº 7.209, de 11.7.1984);15227
26;;art. 26;Parte Geral;redacao dada;LEI;7209;1984;(Redação dada pela Lei nº 7.209, de 11.7.1984);15581
27;;art. 27;Parte Geral;redacao dada;LEI;7209;1984;(Redação dada pela Lei nº 7.209, de 11.7.1984);15788
28;;art. 28;Parte Geral;redacao dada;LEI;7209;1984;(Redação dada pela Lei nº 7.209, de 11.7.1984);15897
28;;art. 28;Parte Geral;redacao dada;LEI;7209;1984;(Redação dada pela Lei nº 7.209, de 11.7.1984);15970
28;;art. 28;Parte Geral;redacao dada;LEI;7209;1984;(Redação dada pela Lei nº 7.209, de 11.7.1984);16117
28;;art. 28;Parte Geral;redacao dada;LEI;7209;1984;(Redação dada pela Lei nº 7.209, de 11.7.1984);16422
28;;art. 28;Parte Geral;redacao dada;LEI;7209;1984;(Redação dada pela Lei nº 7.209, de 11.7.1984);16752
29;;art. 29;Parte Geral;redacao dada;LEI;7209;1984;(Redação dada pela Lei nº 7.209, de 11.7.1984);16955
29;;art. 29;Parte Geral;redacao dada;LEI;7209;1984;(Redação dada pela Lei nº 7.209, de 11.7.1984);17104
29;;art. 29;Parte Geral;redacao dada;LEI;7209;1984;(Redação dada pela Lei nº 7.209, de 11.7.1984);17352
30;;art. 30;Parte Geral;redacao dada;LEI;7209;1984;(Redação dada pela Lei nº 7.209, de 11.7.1984);17544
31;;art. 31;Parte Geral;redacao dada;LEI;7209;1984;(Redação dada pela Lei nº 7.209, de 11.7.1984);17784
32;;art. 32;Parte Geral;redacao dada;LEI;7209;1984;(Redação dada pela Lei nº 7.209, de 11.7.1984);17906
33;;art. 33;Parte Geral;redacao dada;LEI;7209;1984;(Redação dada pela Lei nº 7.209, de 11.7.1984);18281
33;;art. 33;Parte Geral;redacao dada;LEI;7209;1984;(Redação dada pela Lei nº 7.209, de 11.7.1984);18350
33;;art. 33;Parte Geral;redacao dada;LEI;7209;1984;(Redação dada pela Lei nº 7.209, de 11.7.1984);18889
33;;art. 33;Parte Geral;redacao dada;LEI;7209;1984;(Redação dada pela Lei nº 7.209, de 11.7.1984);19462
33;;art. 33;Parte Geral;incluido;LEI;10763;2003;(Incluído pela Lei nº 10.763, de 12.11.2003);19738
34;;art. 34;Parte Geral;redacao dada;LEI;7209;1984;(Redação dada pela Lei nº 7.209, de 11.7.1984);19954
34;;art. 34;Parte Geral;redacao dada;LEI;7209;1984;(Redação dada pela Lei nº 7.209, de 11.7.1984);20105
34;;art. 34;Parte Geral;redacao dada;LEI;7209;1984;(Redação dada pela Lei nº 7.209, de 11.7.1984);20325
34;;art. 34;Parte Geral;redacao dada;LEI;7209;1984;(Redação dada pela Lei nº 7.209, de 11.7.1984);20462
35;;art. 35;Parte Geral;redacao dada;LEI;7209;1984;(Redação dada pela Lei nº 7.209, de 11.7.1984);20667
35;;art. 35;Parte Geral;redacao dada;LEI;7209;1984;(Redação dada pela Lei nº 7.209, de 11.7.1984);20853
35;;art. 35;Parte Geral;redacao dada;LEI;7209;1984;(Redação dada pela Lei nº 7.209, de 11.7.1984);21046
36;;art. 36;Parte Geral;redacao dada;LEI;7209;1984;(Redação dada pela Lei nº 7.209, de 11.7.1984);21213
36;;art. 36;Parte Geral;redacao dada;LEI;7209;1984;(Redação dada pela Lei nº 7.209, de 11.7.1984);21466
36;;art. 36;Parte Geral;redacao dada;LEI;7209;1984;(Redação dada pela Lei nº 7.209, de 11.7.1984);21704
37;;art. 37;Parte Geral;redacao dada;LEI;7209;1984;(Redação dada pela Lei nº 7.209, de 11.7.1984);21952
38;;art. 38;Parte Geral;redacao dada;LEI;7209;1984;(Redação dada pela Lei nº 7.209, de 11.7.1984);22180
39;;art. 39;Parte Geral;redacao dada;LEI;7209;1984;(Redação dada pela Lei nº 7.209, de 11.7.1984);22357
40;;art. 40;Parte Geral;redacao dada;LEI;7209;1984;(Redação dada pela Lei nº 7.209, de 11.7.1984);22695
41;;art. 41;Parte Geral;redacao dada;LEI;7209;1984;(Redação dada pela Lei nº 7.209, de 11.7.1984);22941
42;;art. 42;Parte Geral;redacao dada;LEI;7209;1984;(Redação dada pela Lei nº 7.209, de 11.7.1984);23244
43;;art. 43;Parte Geral;redacao dada;LEI;9714;1998;(Redação dada pela Lei nº 9.714, de 1998);23411
43;;art. 43;Parte Geral;incluido;LEI;9714;1998;(Incluído pela Lei nº 9.714, de 1998);23479
43;;art. 43;Parte Geral;incluido;LEI;9714;1998;(Incluído pela Lei nº 9.714, de 1998);23547
43;;art. 43;Parte Geral;incluido;LEI;7209;1984;(Incluído pela Lei nº 7.209, de 1984);23619
43;;art. 43;Parte Geral;incluido;LEI;9714;1998;(Incluído pela Lei nº 9.714, de 25.11.1998);23721
43;;art. 43;Parte Geral;incluido;LEI;9714;1998;(Incluído pela Lei nº 9.714, de 25.11.1998);23804
43;;art. 43;Parte Geral;incluido;LEI;9714;1998;(Incluído pela Lei nº 9.714, de 25.11.1998);23881
44;;art. 44;Parte Geral;redacao dada;LEI;9714;1998;(Redação dada pela Lei nº 9.714, de 1998);24030
44;;art. 44;Parte Geral;redacao dada;LEI;9714;1998;(Redação dada pela Lei nº 9.714, de 1998);24274
44;;art. 44;Parte Geral;redacao dada;LEI;9714;1998;(Redação dada pela Lei nº 9.714, de 1998);24369
44;;art. 44;Parte Geral;redacao dada;LEI;9714;1998;(Redação dada pela Lei nº 9.714, de 1998);24594
44;;art. 44;Parte Geral;incluido;LEI;9714;1998;(Incluído pela Lei nº 9.714, de 1998);24651
44;;art. 44;Parte Geral;incluido;LEI;9714;1998;(Incluído pela Lei nº 9.714, de 1998);24971
44;;art. 44;Parte Geral;incluido;LEI;9714;1998;(Incluído pela Lei nº 9.714, de 1998);25243
44;;art. 44;Parte Geral;incluido;LEI;9714;1998;(Incluído pela Lei nº 9.714, de 1998);25605
44;;art. 44;Parte Geral;incluido;LEI;9714;1998;(Incluído pela Lei nº 9.714, de 1998);25867
45;;art. 45;Parte Geral;redacao dada;LEI;9714;1998;(Redação dada pela Lei nº 9.714, de 1998);26070
45;;art. 45;Parte Geral;incluido;LEI;9714;1998;(Incluído pela Lei nº 9.714, de 1998);26514
45;;art. 45;Parte Geral;incluido;LEI;9714;1998;(Incluído pela Lei nº 9.714, de 1998);26696
45;;art. 45;Parte Geral;incluido;LEI;9714;1998;(Incluído pela Lei nº 9.714, de 1998);27056
45;;art. 45;Parte Geral;incluido;LEI;9714;1998;(Incluído pela Lei nº 9.714, de 1998);27109
46;;art. 46;Parte Geral;redacao dada;LEI;9714;1998;(Redação dada pela Lei nº 9.714, de 1998);27353
46;;art. 46;Parte Geral;incluido;LEI;9714;1998;(Incluído pela Lei nº 9.714, de 1998);27520
46;;art. 46;Parte Geral;incluido;LEI;9714;1998;(Incluído pela Lei nº 9.714, de 1998);27744
46;;art. 46;Parte Geral;incluido;LEI;9714;1998;(Incluído pela Lei nº 9.714, de 1998);28013
46;;art. 46;Parte Geral;incluido;LEI;9714;1998;(Incluído pela Lei nº 9.714, de 1998);28244
46;;art. 46;Parte Geral;redacao dada;LEI;7209;1984;(Redação dada pela Lei nº 7.209, de 11.7.1984);28316
47;;art. 47;Parte Geral;redacao dada;LEI;7209;1984;(Redação dada pela Lei nº 7.209, de 11.7.1984);28424
47;;art. 47;Parte Geral;redacao dada;LEI;7209;1984;(Redação dada pela Lei nº 7.209, de 11.7.1984);28566
47;;art. 47;Parte Geral;redacao dada;LEI;7209;1984;(Redação dada pela Lei nº 7.209, de 11.7.1984);28757
47;;art. 47;Parte Geral;redacao dada;LEI;7209;1984;(Redação dada pela Lei nº 7.209, de 11.7.1984);28875
47;;art. 47;Parte Geral;incluido;LEI;9714;1998;(Incluído pela Lei nº 9.714, de 1998);28978
47;;art. 47;Parte Geral;incluido;LEI;12550;2011;(Incluído pela Lei nº 12.550, de 2011);29088
48;;art. 48;Parte Geral;redacao dada;LEI;7209;1984;(Redação dada pela Lei nº 7.209, de 11.7.1984);29339
48;;art. 48;Parte Geral;redacao dada;LEI;7209;1984;(Redação dada pela Lei nº 7.209, de 11.7.1984);29519
49;;art. 49;Parte Geral;redacao dada;LEI;7209;1984;(Redação dada pela Lei nº 7.209, de 11.7.1984);29812
49;;art. 49;Parte Geral;redacao dada;LEI;7209;1984;(Redação dada pela Lei nº 7.209, de 11.7.1984);30051
49;;art. 49;Parte Geral;redacao dada;LEI;7209;1984;(Redação dada pela Lei nº 7.209, de 11.7.1984);30196
50;;art. 50;Parte Geral;redacao dada;LEI;7209;1984;(Redação dada pela Lei nº 7.209, de 11.7.1984);30489
50;;art. 50;Parte Geral;incluido;LEI;7209;1984;(Incluído pela Lei nº 7.209, de 11.7.1984);30643
50;;art. 50;Parte Geral;incluido;LEI;7209;1984;(Incluído pela Lei nº 7.209, de 11.7.1984);30712
50;;art. 50;Parte Geral;incluido;LEI;7209;1984;(Incluído pela Lei nº 7.209, de 11.7.1984);30816
50;;art. 50;Parte Geral;incluido;LEI;7209;1984;(Incluído pela Lei nº 7.209, de 11.7.1984);30905
50;;art. 50;Parte Geral;incluido;LEI;7209;1984;(Incluído pela Lei nº 7.209, de 11.7.1984);31059
50;;art. 50;Parte Geral;redacao dada;LEI;7209;1984;(Redação dada pela Lei nº 7.209, de 11.7.1984);31133
51;;art. 51;Parte Geral;redacao dada;LEI;13964;2019;(Redação dada pela Lei nº 13.964, de 2019);31473
51;;art. 51;Parte Geral;revogado;LEI;9268;1996;(Revogado pela Lei nº 9.268, de 1º.4.1996);31539
51;;art. 51;Parte Geral;revogado;LEI;9268;1996;(Revogado pela Lei nº 9.268, de 1º.4.1996);31589
52;;art. 52;Parte Geral;redacao dada;LEI;7209;1984;(Redação dada pela Lei nº 7.209, de 11.7.1984);31753
53;;art. 53;Parte Geral;redacao dada;LEI;7209;1984;(Redação dada pela Lei nº 7.209, de 11.7.1984);31992
54;;art. 54;Parte Geral;redacao dada;LEI;7209;1984;(Redação dada pela Lei nº 7.209, de 11.7.1984);32293
55;;art. 55;Parte Geral;redacao dada;LEI;9714;1998;(Redação dada pela Lei nº 9.714, de 1998);32540
56;;art. 56;Parte Geral;redacao dada;LEI;7209;1984;(Redação dada pela Lei nº 7.209, de 11.7.1984);32834
57;;art. 57;Parte Geral;redacao dada;LEI;7209;1984;(Redação dada pela Lei nº 7.209, de 11.7.1984);33004
58;;art. 58;Parte Geral;redacao dada;LEI;7209;1984;(Redação dada pela Lei nº 7.209, de 11.7.1984);33188
58;;art. 58;Parte Geral;redacao dada;LEI;7209;1984;(Redação dada pela Lei nº 7.209, de 11.7.1984);33394
59;;art. 59;Parte Geral;redacao dada;LEI;7209;1984;(Redação dada pela Lei nº 7.209, de 11.7.1984);33783
59;;art. 59;Parte Geral;redacao dada;LEI;7209;1984;(Redação dada pela Lei nº 7.209, de 11.7.1984);33892
59;;art. 59;Parte Geral;redacao dada;LEI;7209;1984;(Redação dada pela Lei nº 7.209, de 11.7.1984);34006
59;;art. 59;Parte Geral;redacao dada;LEI;7209;1984;(Redação dada pela Lei nº 7.209, de 11.7.1984);34123
59;;art. 59;Parte Geral;redacao dada;LEI;7209;1984;(Redação dada pela Lei nº 7.209, de 11.7.1984);34270
60;;art. 60;Parte Geral;redacao dada;LEI;7209;1984;(Redação dada pela Lei nº 7.209, de 11.7.1984);34458
60;;art. 60;Parte Geral;redacao dada;LEI;7209;1984;(Redação dada pela Lei nº 7.209, de 11.7.1984);34660
60;;art. 60;Parte Geral;redacao dada;LEI;7209;1984;(Redação dada pela Lei nº 7.209, de 11.7.1984);34910
61;;art. 61;Parte Geral;redacao dada;LEI;7209;1984;(Redação dada pela Lei nº 7.209, de 11.7.1984);35084
61;;art. 61;Parte Geral;redacao dada;LEI;7209;1984;(Redação dada pela Lei nº 7.209, de 11.7.1984);35151
61;;art. 61;Parte Geral;redacao dada;LEI;7209;1984;(Redação dada pela Lei nº 7.209, de 11.7.1984);35234
61;;art. 61;Parte Geral;redacao dada;LEI;11340;2006;(Redação dada pela Lei nº 11.340, de 2006);35880
61;;art. 61;Parte Geral;redacao dada;LEI;10741;2003;(Redação dada pela Lei nº 10.741, de 2003);36092
61;;art. 61;Parte Geral;incluido;LEI;15159;2025;(Incluído pela Lei nº 15.159, de 2025);36407
62;;art. 62;Parte Geral;redacao dada;LEI;7209;1984;(Redação dada pela Lei nº 7.209, de 11.7.1984);36551
62;;art. 62;Parte Geral;redacao dada;LEI;7209;1984;(Redação dada pela Lei nº 7.209, de 11.7.1984);36687
62;;art. 62;Parte Geral;redacao dada;LEI;7209;1984;(Redação dada pela Lei nº 7.209, de 11.7.1984);36791
62;;art. 62;Parte Geral;redacao dada;LEI;7209;1984;(Redação dada pela Lei nº 7.209, de 11.7.1984);36975
62;;art. 62;Parte Geral;redacao dada;LEI;7209;1984;(Redação dada pela Lei nº 7.209, de 11.7.1984);37104
63;;art. 63;Parte Geral;redacao dada;LEI;7209;1984;(Redação dada pela Lei nº 7.209, de 11.7.1984);37348
64;;art. 64;Parte Geral;redacao dada;LEI;7209;1984;(Redação dada pela Lei nº 7.209, de 11.7.1984);37434
64;;art. 64;Parte Geral;redacao dada;LEI;7209;1984;(Redação dada pela Lei nº 7.209, de 11.7.1984);37754
64;;art. 64;Parte Geral;redacao dada;LEI;7209;1984;(Redação dada pela Lei nº 7.209, de 11.7.1984);37866
65;;art. 65;Parte Geral;redacao dada;LEI;7209;1984;(Redação dada pela Lei nº 7.209, de 11.7.1984);37995
65;;art. 65;Parte Geral;redacao dada;LEI;15160;2025;(Redação dada pela Lei nº 15.160, de 2025);38219
65;;art. 65;Parte Geral;redacao dada;LEI;7209;1984;(Redação dada pela Lei nº 7.209, de 11.7.1984);38293
65;;art. 65;Parte Geral;redacao dada;LEI;7209;1984;(Redação dada pela Lei nº 7.209, de 11.7.1984);38360
66;;art. 66;Parte Geral;redacao dada;LEI;7209;1984;(Redação dada pela Lei nº 7.209, de 11.7.1984);39130
67;;art. 67;Parte Geral;redacao dada;LEI;7209;1984;(Redação dada pela Lei nº 7.209, de 11.7.1984);39481
68;;art. 68;Parte Geral;redacao dada;LEI;7209;1984;(Redação dada pela Lei nº 7.209, de 11.7.1984);39751
68;;art. 68;Parte Geral;redacao dada;LEI;7209;1984;(Redação dada pela Lei nº 7.209, de 11.7.1984);40018
69;;art. 69;Parte Geral;redacao dada;LEI;7209;1984;(Redação dada pela Lei nº 7.209, de 11.7.1984);40374
69;;art. 69;Parte Geral;redacao dada;LEI;7209;1984;(Redação dada pela Lei nº 7.209, de 11.7.1984);40635
69;;art. 69;Parte Geral;redacao dada;LEI;7209;1984;(Redação dada pela Lei nº 7.209, de 11.7.1984);40843
70;;art. 70;Parte Geral;redacao dada;LEI;7209;1984;(Redação dada pela Lei nº 7.209, de 11.7.1984);41329
70;;art. 70;Parte Geral;redacao dada;LEI;7209;1984;(Redação dada pela Lei nº 7.209, de 11.7.1984);41476
71;;art. 71;Parte Geral;redacao dada;LEI;7209;1984;(Redação dada pela Lei nº 7.209, de 11.7.1984);41934
71;;art. 71;Parte Geral;redacao dada;LEI;7209;1984;(Redação dada pela Lei nº 7.209, de 11.7.1984);42418
72;;art. 72;Parte Geral;redacao dada;LEI;7209;1984;(Redação dada pela Lei nº 7.209, de 11.7.1984);42585
73;;art. 73;Parte Geral;redacao dada;LEI;7209;1984;(Redação dada pela Lei nº 7.209, de 11.7.1984);43034
74;;art. 74;Parte Geral;redacao dada;LEI;7209;1984;(Redação dada pela Lei nº 7.209, de 11.7.1984);43405
75;;art. 75;Parte Geral;redacao dada;LEI;13964;2019;(Redação dada pela Lei nº 13.964, de 2019);43579
75;;art. 75;Parte Geral;redacao dada;LEI;13964;2019;(Redação dada pela Lei nº 13.964, de 2019);43805
75;;art. 75;Parte Geral;redacao dada;LEI;7209;1984;(Redação dada pela Lei nº 7.209, de 11.7.1984);44018
76;;art. 76;Parte Geral;redacao dada;LEI;7209;1984;(Redação dada pela Lei nº 7.209, de 11.7.1984);44170
77;;art. 77;Parte Geral;redacao dada;LEI;7209;1984;(Redação dada pela Lei nº 7.209, de 11.7.1984);44441
77;;art. 77;Parte Geral;redacao dada;LEI;7209;1984;(Redação dada pela Lei nº 7.209, de 11.7.1984);44542
77;;art. 77;Parte Geral;redacao dada;LEI;7209;1984;(Redação dada pela Lei nº 7.209, de 11.7.1984);44748
77;;art. 77;Parte Geral;redacao dada;LEI;7209;1984;(Redação dada pela Lei nº 7.209, de 11.7.1984);44879
77;;art. 77;Parte Geral;redacao dada;LEI;7209;1984;(Redação dada pela Lei nº 7.209, de 11.7.1984);45008
77;;art. 77;Parte Geral;redacao dada;LEI;9714;1998;(Redação dada pela Lei nº 9.714, de 1998);45280
78;;art. 78;Parte Geral;redacao dada;LEI;7209;1984;(Redação dada pela Lei nº 7.209, de 11.7.1984);45458
78;;art. 78;Parte Geral;redacao dada;LEI;7209;1984;(Redação dada pela Lei nº 7.209, de 11.7.1984);45652
78;;art. 78;Parte Geral;redacao dada;LEI;9268;1996;(Redação dada pela Lei nº 9.268, de 1º.4.1996 );45972
78;;art. 78;Parte Geral;redacao dada;LEI;7209;1984;(Redação dada pela Lei nº 7.209, de 11.7.1984);46069
78;;art. 78;Parte Geral;redacao dada;LEI;7209;1984;(Redação dada pela Lei nº 7.209, de 11.7.1984);46193
78;;art. 78;Parte Geral;redacao dada;LEI;7209;1984;(Redação dada pela Lei nº 7.209, de 11.7.1984);46346
79;;art. 79;Parte Geral;redacao dada;LEI;7209;1984;(Redação dada pela Lei nº 7.209, de 11.7.1984);46549
80;;art. 80;Parte Geral;redacao dada;LEI;7209;1984;(Redação dada pela Lei nº 7.209, de 11.7.1984);46679
81;;art. 81;Parte Geral;redacao dada;LEI;7209;1984;(Redação dada pela Lei nº 7.209, de 11.7.1984);46823
81;;art. 81;Parte Geral;redacao dada;LEI;7209;1984;(Redação dada pela Lei nº 7.209, de 11.7.1984);46931
81;;art. 81;Parte Geral;redacao dada;LEI;7209;1984;(Redação dada pela Lei nº 7.209, de 11.7.1984);47097
81;;art. 81;Parte Geral;redacao dada;LEI;7209;1984;(Redação dada pela Lei nº 7.209, de 11.7.1984);47204
81;;art. 81;Parte Geral;redacao dada;LEI;7209;1984;(Redação dada pela Lei nº 7.209, de 11.7.1984);47499
81;;art. 81;Parte Geral;redacao dada;LEI;7209;1984;(Redação dada pela Lei nº 7.209, de 11.7.1984);47732
81;;art. 81;Parte Geral;redacao dada;LEI;7209;1984;(Redação dada pela Lei nº 7.209, de 11.7.1984);47924
82;;art. 82;Parte Geral;redacao dada;LEI;7209;1984;(Redação dada pela Lei nº 7.209, de 11.7.1984);48108
83;;art. 83;Parte Geral;redacao dada;LEI;7209;1984;(Redação dada pela Lei nº 7.209, de 11.7.1984);48374
83;;art. 83;Parte Geral;redacao dada;LEI;7209;1984;(Redação dada pela Lei nº 7.209, de 11.7.1984);48537
83;;art. 83;Parte Geral;redacao dada;LEI;7209;1984;(Redação dada pela Lei nº 7.209, de 11.7.1984);48661
83;;art. 83;Parte Geral;redacao dada;LEI;13964;2019;(Redação dada pela Lei nº 13.964, de 2019);48726
83;;art. 83;Parte Geral;incluido;LEI;13964;2019;(Incluído pela Lei nº 13.964, de 2019);48818
83;;art. 83;Parte Geral;incluido;LEI;13964;2019;(Incluído pela Lei nº 13.964, de 2019);48920
83;;art. 83;Parte Geral;incluido;LEI;13964;2019;(Incluído pela Lei nº 13.964, de 2019);49014
83;;art. 83;Parte Geral;incluido;LEI;13964;2019;(Incluído pela Lei nº 13.964, de 2019);49126
83;;art. 83;Parte Geral;redacao dada;LEI;7209;1984;(Redação dada pela Lei nº 7.209, de 11.7.1984);49258
83;;art. 83;Parte Geral;incluido;LEI;13344;2016;(Incluído pela Lei nº 13.344, de 2016);49564
83;;art. 83;Parte Geral;redacao dada;LEI;7209;1984;(Redação dada pela Lei nº 7.209, de 11.7.1984);49863
84;;art. 84;Parte Geral;redacao dada;LEI;7209;1984;(Redação dada pela Lei nº 7.209, de 11.7.1984);50023
85;;art. 85;Parte Geral;redacao dada;LEI;7209;1984;(Redação dada pela Lei nº 7.209, de 11.7.1984);50183
86;;art. 86;Parte Geral;redacao dada;LEI;7209;1984;(Redação dada pela Lei nº 7.209, de 11.7.1984);50379
86;;art. 86;Parte Geral;redacao dada;LEI;7209;1984;(Redação dada pela Lei nº 7.209, de 11.7.1984);50482
86;;art. 86;Parte Geral;redacao dada;LEI;7209;1984;(Redação dada pela Lei nº 7.209, de 11.7.1984);50600
87;;art. 87;Parte Geral;redacao dada;LEI;7209;1984;(Redação dada pela Lei nº 7.209, de 11.7.1984);50911
88;;art. 88;Parte Geral;redacao dada;LEI;7209;1984;(Redação dada pela Lei nº 7.209, de 11.7.1984);51206
89;;art. 89;Parte Geral;redacao dada;LEI;7209;1984;(Redação dada pela Lei nº 7.209, de 11.7.1984);51442
90;;art. 90;Parte Geral;redacao dada;LEI;7209;1984;(Redação dada pela Lei nº 7.209, de 11.7.1984);51601
91;;art. 91;Parte Geral;redacao dada;LEI;7209;1984;(Redação dada pela Lei nº 7.209, de 11.7.1984);51755
91;;art. 91;Parte Geral;redacao dada;LEI;7209;1984;(Redação dada pela Lei nº 7.209, de 11.7.1984);51871
91;;art. 91;Parte Geral;redacao dada;LEI;7209;1984;(Redação dada pela Lei nº 7.209, de 11.7.1984);52007
91;;art. 91;Parte Geral;incluido;LEI;12694;2012;(Incluído pela Lei nº 12.694, de 2012);52502
91;;art. 91;Parte Geral;incluido;LEI;12694;2012;(Incluído pela Lei nº 12.694, de 2012);52739
91;A;art. 91-A;Parte Geral;incluido;LEI;13964;2019;(Incluído pela Lei nº 13.964, de 2019);53102
91;A;art. 91-A;Parte Geral;incluido;LEI;13964;2019;(Incluído pela Lei nº 13.964, de 2019);53253
91;A;art. 91-A;Parte Geral;incluido;LEI;13964;2019;(Incluído pela Lei nº 13.964, de 2019);53452
91;A;art. 91-A;Parte Geral;incluido;LEI;13964;2019;(Incluído pela Lei nº 13.964, de 2019);53620
91;A;art. 91-A;Parte Geral;incluido;LEI;13964;2019;(Incluído pela Lei nº 13.964, de 2019);53769
91;A;art. 91-A;Parte Geral;incluido;LEI;13964;2019;(Incluído pela Lei nº 13.964, de 2019);53980
91;A;art. 91-A;Parte Geral;incluido;LEI;13964;2019;(Incluído pela Lei nº 13.964, de 2019);54148
91;A;art. 91-A;Parte Geral;redacao dada;LEI;15358;2026;(Redação dada pela Lei nº 15.358, de 2026);54580
92;;art. 92;Parte Geral;redacao dada;LEI;7209;1984;(Redação dada pela Lei nº 7.209, de 11.7.1984);54667
92;;art. 92;Parte Geral;redacao dada;LEI;9268;1996;(Redação dada pela Lei nº 9.268, de 1º.4.1996 );54771
92;;art. 92;Parte Geral;incluido;LEI;9268;1996;(Incluído pela Lei nº 9.268, de 1º.4.1996);55000
92;;art. 92;Parte Geral;incluido;LEI;9268;1996;(Incluído pela Lei nº 9.268, de 1º.4.1996);55149
92;;art. 92;Parte Geral;redacao dada;LEI;14994;2024;(Redação dada pela Lei nº 14.994, de 2024);55588
92;;art. 92;Parte Geral;redacao dada;LEI;7209;1984;(Redação dada pela Lei nº 7.209, de 11.7.1984);55733
92;;art. 92;Parte Geral;incluido;LEI;15358;2026;(Incluído pela Lei nº 15.358, de 2026);56136
92;;art. 92;Parte Geral;incluido;LEI;14994;2024;(Incluído pela Lei nº 14.994, de 2024);56401
92;;art. 92;Parte Geral;redacao dada;LEI;15487;2026;(Redação dada pela Lei nº 15.487, de 2026);56928
92;;art. 92;Parte Geral;incluido;LEI;14994;2024;(Incluído pela Lei nº 14.994, de 2024);57048
92;;art. 92;Parte Geral;incluido;LEI;14994;2024;(Incluído pela Lei nº 14.994, de 2024);57271
92;;art. 92;Parte Geral;incluido;LEI;14994;2024;(Incluído pela Lei nº 14.994, de 2024);57404
92;;art. 92;Parte Geral;incluido;LEI;15358;2026;(Incluído pela Lei nº 15.358, de 2026);57683
92;;art. 92;Parte Geral;incluido;LEI;15358;2026;(Incluído pela Lei nº 15.358, de 2026);57941
93;;art. 93;Parte Geral;redacao dada;LEI;7209;1984;(Redação dada pela Lei nº 7.209, de 11.7.1984);58188
93;;art. 93;Parte Geral;redacao dada;LEI;7209;1984;(Redação dada pela Lei nº 7.209, de 11.7.1984);58441
94;;art. 94;Parte Geral;redacao dada;LEI;7209;1984;(Redação dada pela Lei nº 7.209, de 11.7.1984);58766
94;;art. 94;Parte Geral;redacao dada;LEI;7209;1984;(Redação dada pela Lei nº 7.209, de 11.7.1984);58871
94;;art. 94;Parte Geral;redacao dada;LEI;7209;1984;(Redação dada pela Lei nº 7.209, de 11.7.1984);59028
94;;art. 94;Parte Geral;redacao dada;LEI;7209;1984;(Redação dada pela Lei nº 7.209, de 11.7.1984);59272
94;;art. 94;Parte Geral;redacao dada;LEI;7209;1984;(Redação dada pela Lei nº 7.209, de 11.7.1984);59497
95;;art. 95;Parte Geral;redacao dada;LEI;7209;1984;(Redação dada pela Lei nº 7.209, de 11.7.1984);59739
96;;art. 96;Parte Geral;redacao dada;LEI;7209;1984;(Redação dada pela Lei nº 7.209, de 11.7.1984);59892
96;;art. 96;Parte Geral;redacao dada;LEI;7209;1984;(Redação dada pela Lei nº 7.209, de 11.7.1984);60052
96;;art. 96;Parte Geral;redacao dada;LEI;7209;1984;(Redação dada pela Lei nº 7.209, de 11.7.1984);60140
96;;art. 96;Parte Geral;redacao dada;LEI;7209;1984;(Redação dada pela Lei nº 7.209, de 11.7.1984);60301
97;;art. 97;Parte Geral;redacao dada;LEI;7209;1984;(Redação dada pela Lei nº 7.209, de 11.7.1984);60600
97;;art. 97;Parte Geral;redacao dada;LEI;7209;1984;(Redação dada pela Lei nº 7.209, de 11.7.1984);60881
97;;art. 97;Parte Geral;redacao dada;LEI;7209;1984;(Redação dada pela Lei nº 7.209, de 11.7.1984);61107
97;;art. 97;Parte Geral;redacao dada;LEI;7209;1984;(Redação dada pela Lei nº 7.209, de 11.7.1984);61411
97;;art. 97;Parte Geral;redacao dada;LEI;7209;1984;(Redação dada pela Lei nº 7.209, de 11.7.1984);61615
98;;art. 98;Parte Geral;redacao dada;LEI;7209;1984;(Redação dada pela Lei nº 7.209, de 11.7.1984);62051
99;;art. 99;Parte Geral;redacao dada;LEI;7209;1984;(Redação dada pela Lei nº 7.209, de 11.7.1984);62245
100;;art. 100;Parte Geral;redacao dada;LEI;7209;1984;(Redação dada pela Lei nº 7.209, de 11.7.1984);62455
100;;art. 100;Parte Geral;redacao dada;LEI;7209;1984;(Redação dada pela Lei nº 7.209, de 11.7.1984);62665
100;;art. 100;Parte Geral;redacao dada;LEI;7209;1984;(Redação dada pela Lei nº 7.209, de 11.7.1984);62835
100;;art. 100;Parte Geral;redacao dada;LEI;7209;1984;(Redação dada pela Lei nº 7.209, de 11.7.1984);63024
100;;art. 100;Parte Geral;redacao dada;LEI;7209;1984;(Redação dada pela Lei nº 7.209, de 11.7.1984);63268
101;;art. 101;Parte Geral;redacao dada;LEI;7209;1984;(Redação dada pela Lei nº 7.209, de 11.7.1984);63604
102;;art. 102;Parte Geral;redacao dada;LEI;7209;1984;(Redação dada pela Lei nº 7.209, de 11.7.1984);63763
103;;art. 103;Parte Geral;redacao dada;LEI;7209;1984;(Redação dada pela Lei nº 7.209, de 11.7.1984);64191
103;;art. 103;Parte Geral;incluido;LEI;15438;2026;(Incluído pela Lei nº 15.438, de 2026);64610
104;;art. 104;Parte Geral;redacao dada;LEI;7209;1984;(Redação dada pela Lei nº 7.209, de 11.7.1984);64794
104;;art. 104;Parte Geral;redacao dada;LEI;7209;1984;(Redação dada pela Lei nº 7.209, de 11.7.1984);65057
105;;art. 105;Parte Geral;redacao dada;LEI;7209;1984;(Redação dada pela Lei nº 7.209, de 11.7.1984);65243
106;;art. 106;Parte Geral;redacao dada;LEI;7209;1984;(Redação dada pela Lei nº 7.209, de 11.7.1984);65357
106;;art. 106;Parte Geral;redacao dada;LEI;7209;1984;(Redação dada pela Lei nº 7.209, de 11.7.1984);65467
106;;art. 106;Parte Geral;redacao dada;LEI;7209;1984;(Redação dada pela Lei nº 7.209, de 11.7.1984);65590
106;;art. 106;Parte Geral;redacao dada;LEI;7209;1984;(Redação dada pela Lei nº 7.209, de 11.7.1984);65687
106;;art. 106;Parte Geral;redacao dada;LEI;7209;1984;(Redação dada pela Lei nº 7.209, de 11.7.1984);65839
106;;art. 106;Parte Geral;redacao dada;LEI;7209;1984;(Redação dada pela Lei nº 7.209, de 11.7.1984);65972
106;;art. 106;Parte Geral;redacao dada;LEI;7209;1984;(Redação dada pela Lei nº 7.209, de 11.7.1984);66124
106;;art. 106;Parte Geral;revogado;LEI;11106;2005;(Revogado pela Lei nº 11.106, de 2005);66521
106;;art. 106;Parte Geral;revogado;LEI;11106;2005;(Revogado pela Lei nº 11.106, de 2005);66567
108;;art. 108;Parte Geral;redacao dada;LEI;7209;1984;(Redação dada pela Lei nº 7.209, de 11.7.1984);66941
109;;art. 109;Parte Geral;redacao dada;LEI;12234;2010;(Redação dada pela Lei nº 12.234, de 2010);67252
109;;art. 109;Parte Geral;redacao dada;LEI;12234;2010;(Redação dada pela Lei nº 12.234, de 2010);67777
109;;art. 109;Parte Geral;redacao dada;LEI;7209;1984;(Redação dada pela Lei nº 7.209, de 11.7.1984);67986
110;;art. 110;Parte Geral;redacao dada;LEI;7209;1984;(Redação dada pela Lei nº 7.209, de 11.7.1984);68328
110;;art. 110;Parte Geral;redacao dada;LEI;12234;2010;(Redação dada pela Lei nº 12.234, de 2010);68628
110;;art. 110;Parte Geral;revogado;LEI;12234;2010;(Revogado pela Lei nº 12.234, de 2010);68678
111;;art. 111;Parte Geral;redacao dada;LEI;7209;1984;(Redação dada pela Lei nº 7.209, de 11.7.1984);68883
111;;art. 111;Parte Geral;redacao dada;LEI;7209;1984;(Redação dada pela Lei nº 7.209, de 11.7.1984);68969
111;;art. 111;Parte Geral;redacao dada;LEI;7209;1984;(Redação dada pela Lei nº 7.209, de 11.7.1984);69087
111;;art. 111;Parte Geral;redacao dada;LEI;7209;1984;(Redação dada pela Lei nº 7.209, de 11.7.1984);69200
111;;art. 111;Parte Geral;redacao dada;LEI;7209;1984;(Redação dada pela Lei nº 7.209, de 11.7.1984);69380
111;;art. 111;Parte Geral;redacao dada;LEI;14344;2022;(Redação dada pela Lei nº 14.344, de 2022);69691
112;;art. 112;Parte Geral;redacao dada;LEI;7209;1984;(Redação dada pela Lei nº 7.209, de 11.7.1984);69888
112;;art. 112;Parte Geral;redacao dada;LEI;7209;1984;(Redação dada pela Lei nº 7.209, de 11.7.1984);70092
112;;art. 112;Parte Geral;redacao dada;LEI;7209;1984;(Redação dada pela Lei nº 7.209, de 11.7.1984);70246
113;;art. 113;Parte Geral;redacao dada;LEI;7209;1984;(Redação dada pela Lei nº 7.209, de 11.7.1984);70518
114;;art. 114;Parte Geral;redacao dada;LEI;9268;1996;(Redação dada pela Lei nº 9.268, de 1º.4.1996);70636
114;;art. 114;Parte Geral;incluido;LEI;9268;1996;(Incluído pela Lei nº 9.268, de 1º.4.1996);70754
114;;art. 114;Parte Geral;incluido;LEI;9268;1996;(Incluído pela Lei nº 9.268, de 1º.4.1996);70966
115;;art. 115;Parte Geral;redacao dada;LEI;15160;2025;(Redação dada pela Lei nº 15.160, de 2025);71286
116;;art. 116;Parte Geral;redacao dada;LEI;7209;1984;(Redação dada pela Lei nº 7.209, de 11.7.1984);71442
116;;art. 116;Parte Geral;redacao dada;LEI;7209;1984;(Redação dada pela Lei nº 7.209, de 11.7.1984);71600
116;;art. 116;Parte Geral;redacao dada;LEI;13964;2019;(Redação dada pela Lei nº 13.964, de 2019);71695
116;;art. 116;Parte Geral;incluido;LEI;13964;2019;(Incluído pela Lei nº 13.964, de 2019);71848
116;;art. 116;Parte Geral;incluido;LEI;13964;2019;(Incluído pela Lei nº 13.964, de 2019);71966
116;;art. 116;Parte Geral;redacao dada;LEI;7209;1984;(Redação dada pela Lei nº 7.209, de 11.7.1984);72164
117;;art. 117;Parte Geral;redacao dada;LEI;7209;1984;(Redação dada pela Lei nº 7.209, de 11.7.1984);72294
117;;art. 117;Parte Geral;redacao dada;LEI;7209;1984;(Redação dada pela Lei nº 7.209, de 11.7.1984);72388
117;;art. 117;Parte Geral;redacao dada;LEI;7209;1984;(Redação dada pela Lei nº 7.209, de 11.7.1984);72456
117;;art. 117;Parte Geral;redacao dada;LEI;7209;1984;(Redação dada pela Lei nº 7.209, de 11.7.1984);72550
117;;art. 117;Parte Geral;redacao dada;LEI;11596;2007;(Redação dada pela Lei nº 11.596, de 2007);72668
117;;art. 117;Parte Geral;redacao dada;LEI;9268;1996;(Redação dada pela Lei nº 9.268, de 1º.4.1996);72767
117;;art. 117;Parte Geral;redacao dada;LEI;9268;1996;(Redação dada pela Lei nº 9.268, de 1º.4.1996);72838
117;;art. 117;Parte Geral;redacao dada;LEI;7209;1984;(Redação dada pela Lei nº 7.209, de 11.7.1984);73150
117;;art. 117;Parte Geral;redacao dada;LEI;7209;1984;(Redação dada pela Lei nº 7.209, de 11.7.1984);73338
118;;art. 118;Parte Geral;redacao dada;LEI;7209;1984;(Redação dada pela Lei nº 7.209, de 11.7.1984);73447
119;;art. 119;Parte Geral;redacao dada;LEI;7209;1984;(Redação dada pela Lei nº 7.209, de 11.7.1984);73611
120;;art. 120;Parte Geral;redacao dada;LEI;7209;1984;(Redação dada pela Lei nº 7.209, de 11.7.1984);73776
121;;art. 121;Parte Especial;incluido;LEI;13104;2015;(Incluído pela Lei nº 13.104, de 2015);74821
121;;art. 121;Parte Especial;revogado;LEI;14994;2024;(Revogado pela Lei nº 14.994, de 2024);74865
121;;art. 121;Parte Especial;redacao dada;LEI;15134;2025;(Redação dada pela Lei nº 15.134, de 2025);74918
121;;art. 121;Parte Especial;incluido;LEI;15134;2025;(Incluída pela Lei nº 15.134, de 2025);75267
121;;art. 121;Parte Especial;incluido;LEI;15134;2025;(Incluída pela Lei nº 15.134, de 2025);75654
121;;art. 121;Parte Especial;incluido;LEI;13964;2019;(Incluído pela Lei nº 13.964, de 2019);75757
121;;art. 121;Parte Especial;incluido;LEI;14344;2022;(Incluído pela Lei nº 14.344, de 2022);75852
121;;art. 121;Parte Especial;incluido;LEI;14344;2022;(Incluído pela Lei nº 14.344, de 2022);75941
121;;art. 121;Parte Especial;incluido;LEI;15159;2025;(Incluído pela Lei nº 15.159, de 2025);76036
121;;art. 121;Parte Especial;revogado;LEI;14994;2024;(Revogado pela Lei nº 14.994, de 2024);76124
121;;art. 121;Parte Especial;incluido;LEI;14344;2022;(Incluído pela Lei nº 14.344, de 2022);76242
121;;art. 121;Parte Especial;incluido;LEI;14344;2022;(Incluído pela Lei nº 14.344, de 2022);76420
121;;art. 121;Parte Especial;incluido;LEI;14344;2022;(Incluído pela Lei nº 14.344, de 2022);76679
121;;art. 121;Parte Especial;incluido;LEI;14811;2024;(Incluído pela Lei nº 14.811, de 2024);76830
121;;art. 121;Parte Especial;incluido;LEI;15159;2025;(Incluído pela Lei nº 15.159, de 2025);76964
121;;art. 121;Parte Especial;incluido;LEI;15159;2025;(Incluído pela Lei nº 15.159, de 2025);77158
121;;art. 121;Parte Especial;incluido;LEI;15159;2025;(Incluído pela Lei nº 15.159, de 2025);77472
121;;art. 121;Parte Especial;incluido;LEI;15358;2026;(Incluído pela Lei nº 15.358, de 2026);77799
121;;art. 121;Parte Especial;incluido;LEI;15358;2026;(Incluído pela Lei nº 15.358, de 2026);77891
121;;art. 121;Parte Especial;redacao dada;LEI;10741;2003;(Redação dada pela Lei nº 10.741, de 2003);78514
121;;art. 121;Parte Especial;incluido;LEI;6416;1977;(Incluído pela Lei nº 6.416, de 24.5.1977);78759
121;;art. 121;Parte Especial;incluido;LEI;12720;2012;(Incluído pela Lei nº 12.720, de 2012);78985
121;;art. 121;Parte Especial;revogado;LEI;14994;2024;(Revogado pela Lei nº 14.994, de 2024);79030
121;;art. 121;Parte Especial;incluido;LEI;14994;2024;(Incluído pela Lei nº 14.994, de 2024);79081
121;A;art. 121-A;Parte Especial;incluido;LEI;14994;2024;(Incluído pela Lei nº 14.994, de 2024);79186
121;A;art. 121-A;Parte Especial;incluido;LEI;14994;2024;(Incluído pela Lei nº 14.994, de 2024);79278
121;A;art. 121-A;Parte Especial;incluido;LEI;14994;2024;(Incluído pela Lei nº 14.994, de 2024);79402
121;A;art. 121-A;Parte Especial;incluido;LEI;14994;2024;(Incluído pela Lei nº 14.994, de 2024);79477
121;A;art. 121-A;Parte Especial;incluido;LEI;14994;2024;(Incluído pela Lei nº 14.994, de 2024);79571
121;A;art. 121-A;Parte Especial;incluido;LEI;14994;2024;(Incluído pela Lei nº 14.994, de 2024);79722
121;A;art. 121-A;Parte Especial;incluido;LEI;14994;2024;(Incluído pela Lei nº 14.994, de 2024);79935
121;A;art. 121-A;Parte Especial;incluido;LEI;14994;2024;(Incluído pela Lei nº 14.994, de 2024);80177
121;A;art. 121-A;Parte Especial;incluido;LEI;14994;2024;(Incluído pela Lei nº 14.994, de 2024);80295
121;A;art. 121-A;Parte Especial;incluido;LEI;14994;2024;(Incluído pela Lei nº 14.994, de 2024);80510
121;A;art. 121-A;Parte Especial;incluido;LEI;14994;2024;(Incluído pela Lei nº 14.994, de 2024);80643
121;A;art. 121-A;Parte Especial;incluido;LEI;14994;2024;(Incluído pela Lei nº 14.994, de 2024);80692
121;A;art. 121-A;Parte Especial;incluido;LEI;14994;2024;(Incluído pela Lei nº 14.994, de 2024);80853
121;A;art. 121-A;Parte Especial;incluido;LEI;15384;2026;(Incluído pela Lei nº 15.384, de 2026);80904
121;B;art. 121-B;Parte Especial;incluido;LEI;15384;2026;(Incluído pela Lei nº 15.384, de 2026);81180
121;B;art. 121-B;Parte Especial;incluido;LEI;15384;2026;(Incluído pela Lei nº 15.384, de 2026);81272
121;B;art. 121-B;Parte Especial;incluido;LEI;15384;2026;(Incluído pela Lei nº 15.384, de 2026);81419
121;B;art. 121-B;Parte Especial;incluido;LEI;15384;2026;(Incluído pela Lei nº 15.384, de 2026);81543
121;B;art. 121-B;Parte Especial;incluido;LEI;15384;2026;(Incluído pela Lei nº 15.384, de 2026);81653
121;B;art. 121-B;Parte Especial;incluido;LEI;15384;2026;(Incluído pela Lei nº 15.384, de 2026);81749
121;B;art. 121-B;Parte Especial;redacao dada;LEI;13968;2019;(Redação dada pela Lei nº 13.968, de 2019);81853
122;;art. 122;Parte Especial;redacao dada;LEI;13968;2019;(Redação dada pela Lei nº 13.968, de 2019);82024
122;;art. 122;Parte Especial;redacao dada;LEI;13968;2019;(Redação dada pela Lei nº 13.968, de 2019);82119
122;;art. 122;Parte Especial;incluido;LEI;13968;2019;(Incluído pela Lei nº 13.968, de 2019);82323
122;;art. 122;Parte Especial;incluido;LEI;13968;2019;(Incluído pela Lei nº 13.968, de 2019);82406
122;;art. 122;Parte Especial;incluido;LEI;13968;2019;(Incluído pela Lei nº 13.968, de 2019);82513
122;;art. 122;Parte Especial;incluido;LEI;13968;2019;(Incluído pela Lei nº 13.968, de 2019);82598
122;;art. 122;Parte Especial;incluido;LEI;13968;2019;(Incluído pela Lei nº 13.968, de 2019);82662
122;;art. 122;Parte Especial;incluido;LEI;13968;2019;(Incluído pela Lei nº 13.968, de 2019);82766
122;;art. 122;Parte Especial;incluido;LEI;13968;2019;(Incluído pela Lei nº 13.968, de 2019);82897
122;;art. 122;Parte Especial;incluido;LEI;13968;2019;(Incluído pela Lei nº 13.968, de 2019);83076
122;;art. 122;Parte Especial;redacao dada;LEI;14811;2024;(Redação dada pela Lei nº 14.811, de 2024);83267
122;;art. 122;Parte Especial;incluido;LEI;13968;2019;(Incluído pela Lei nº 13.968, de 2019);83706
122;;art. 122;Parte Especial;incluido;LEI;13968;2019;(Incluído pela Lei nº 13.968, de 2019);84058
129;;art. 129;Parte Especial;incluido;LEI;15358;2026;(Incluído pela Lei nº 15.358, de 2026);86578
129;;art. 129;Parte Especial;incluido;LEI;15358;2026;(Incluído pela Lei nº 15.358, de 2026);86670
129;;art. 129;Parte Especial;redacao dada;LEI;12720;2012;(Redação dada pela Lei nº 12.720, de 2012);87462
129;;art. 129;Parte Especial;redacao dada;LEI;8069;1990;(Redação dada pela Lei nº 8.069, de 1990);87570
129;;art. 129;Parte Especial;incluido;LEI;15358;2026;(Incluído pela Lei nº 15.358, de 2026);87977
129;;art. 129;Parte Especial;incluido;LEI;10886;2004;(Incluído pela Lei nº 10.886, de 2004);88036
129;;art. 129;Parte Especial;redacao dada;LEI;15455;2026;(Redação dada pela Lei nº 15.455, de 2026);88368
129;;art. 129;Parte Especial;redacao dada;LEI;14994;2024;(Redação dada pela Lei nº 14.994, de 2024);88458
129;;art. 129;Parte Especial;incluido;LEI;10886;2004;(Incluído pela Lei nº 10.886, de 2004);88656
129;;art. 129;Parte Especial;incluido;LEI;11340;2006;(Incluído pela Lei nº 11.340, de 2006);88834
129;;art. 129;Parte Especial;redacao dada;LEI;15159;2025;(Redação dada pela Lei nº 15.159, de 2025);88901
129;;art. 129;Parte Especial;redacao dada;LEI;15159;2025;(Redação dada pela Lei nº 15.159, de 2025);89016
129;;art. 129;Parte Especial;incluido;LEI;15159;2025;(Incluído pela Lei nº 15.159, de 2025);89372
129;;art. 129;Parte Especial;incluido;LEI;15159;2025;(Incluído pela Lei nº 15.159, de 2025);89768
129;;art. 129;Parte Especial;incluido;LEI;15159;2025;(Incluído pela Lei nº 15.159, de 2025);89853
129;;art. 129;Parte Especial;redacao dada;LEI;15159;2025;(Redação dada pela Lei nº 15.159, de 2025);90001
129;;art. 129;Parte Especial;incluido;LEI;15159;2025;(Incluído pela Lei nº 15.159, de 2025);90172
129;;art. 129;Parte Especial;incluido;LEI;15159;2025;(Incluído pela Lei nº 15.159, de 2025);90466
129;;art. 129;Parte Especial;redacao dada;LEI;14994;2024;(Redação dada pela Lei nº 14.994, de 2024);90639
129;;art. 129;Parte Especial;redacao dada;LEI;14994;2024;(Redação dada pela Lei nº 14.994, de 2024);90729
132;;art. 132;Parte Especial;incluido;LEI;9777;1998;(Incluído pela Lei nº 9.777, de 1998);91869
133;;art. 133;Parte Especial;redacao dada;LEI;15163;2025;(Redação dada pela Lei nº 15.163, de 2025);92145
133;;art. 133;Parte Especial;redacao dada;LEI;15163;2025;(Redação dada pela Lei nº 15.163, de 2025);92298
133;;art. 133;Parte Especial;redacao dada;LEI;15163;2025;(Redação dada pela Lei nº 15.163, de 2025);92419
133;;art. 133;Parte Especial;incluido;LEI;10741;2003;(Incluído pela Lei nº 10.741, de 2003);92725
135;;art. 135;Parte Especial;incluido;LEI;12653;2012;(Incluído pela Lei nº 12.653, de 2012);93606
135;A;art. 135-A;Parte Especial;incluido;LEI;12653;2012;(Incluído pela Lei nº 12.653, de 2012);93847
135;A;art. 135-A;Parte Especial;incluido;LEI;12653;2012;(Incluído pela Lei nº 12.653, de 2012);93945
135;A;art. 135-A;Parte Especial;incluido;LEI;12653;2012;(Incluído pela Lei nº 12.653, de 2012);94140
136;;art. 136;Parte Especial;redacao dada;LEI;15163;2025;(Redação dada pela Lei nº 15.163, de 2025);94552
136;;art. 136;Parte Especial;redacao dada;LEI;15163;2025;(Redação dada pela Lei nº 15.163, de 2025);94701
136;;art. 136;Parte Especial;redacao dada;LEI;15163;2025;(Redação dada pela Lei nº 15.163, de 2025);94822
136;;art. 136;Parte Especial;incluido;LEI;8069;1990;(Incluído pela Lei nº 8.069, de 1990);94968
140;;art. 140;Parte Especial;redacao dada;LEI;14532;2023;(Redação dada pela Lei nº 14.532, de 2023);96939
140;;art. 140;Parte Especial;redacao dada;LEI;14532;2023;(Redação dada pela Lei nº 14.532, de 2023);97035
141;;art. 141;Parte Especial;redacao dada;LEI;14197;2021;(Redação dada pela Lei nº 14.197, de 2021);97439
141;;art. 141;Parte Especial;redacao dada;LEI;14344;2022;(Redação dada pela Lei nº 14.344, de 2022);97766
141;;art. 141;Parte Especial;redacao dada;LEI;13964;2019;(Redação dada pela Lei nº 13.964, de 2019);97915
141;;art. 141;Parte Especial;incluido;LEI;13964;2019;(Incluído pela Lei nº 13.964, de 2019);98102
141;;art. 141;Parte Especial;incluido;LEI;14994;2024;(Incluído pela Lei nº 14.994, de 2024);98310
143;;art. 143;Parte Especial;incluido;LEI;13188;2015;(Incluído pela Lei nº 13.188, de 2015);99248
145;;art. 145;Parte Especial;redacao dada;LEI;12033;2009;(Redação dada pela Lei nº 12.033. de 2009);99951
146;A;art. 146-A;Parte Especial;incluido;LEI;14811;2024;(Incluído pela Lei nº 14.811, de 2024);101254
146;A;art. 146-A;Parte Especial;incluido;LEI;14811;2024;(Incluído pela Lei nº 14.811, de 2024);101353
146;A;art. 146-A;Parte Especial;incluido;LEI;14811;2024;(Incluído pela Lei nº 14.811, de 2024);101440
146;A;art. 146-A;Parte Especial;incluido;LEI;14811;2024;(Incluído pela Lei nº 14.811, de 2024);101682
146;A;art. 146-A;Parte Especial;incluido;LEI;14811;2024;(Incluído pela Lei nº 14.811, de 2024);101829
147;;art. 147;Parte Especial;incluido;LEI;14994;2024;(Incluído pela Lei nº 14.994, de 2024);102207
147;;art. 147;Parte Especial;incluido;LEI;14994;2024;(Incluído pela Lei nº 14.994, de 2024);102344
147;A;art. 147-A;Parte Especial;incluido;LEI;14132;2021;(Incluído pela Lei nº 14.132, de 2021);102643
147;A;art. 147-A;Parte Especial;incluido;LEI;14132;2021;(Incluído pela Lei nº 14.132, de 2021);102743
147;A;art. 147-A;Parte Especial;incluido;LEI;14132;2021;(Incluído pela Lei nº 14.132, de 2021);102839
147;A;art. 147-A;Parte Especial;incluido;LEI;14132;2021;(Incluído pela Lei nº 14.132, de 2021);102920
147;A;art. 147-A;Parte Especial;incluido;LEI;14132;2021;(Incluído pela Lei nº 14.132, de 2021);103066
147;A;art. 147-A;Parte Especial;incluido;LEI;14132;2021;(Incluído pela Lei nº 14.132, de 2021);103183
147;A;art. 147-A;Parte Especial;incluido;LEI;14132;2021;(Incluído pela Lei nº 14.132, de 2021);103310
147;A;art. 147-A;Parte Especial;incluido;LEI;14132;2021;(Incluído pela Lei nº 14.132, de 2021);103397
147;A;art. 147-A;Parte Especial;incluido;LEI;14188;2021;(Incluído pela Lei nº 14.188, de 2021);103474
147;B;art. 147-B;Parte Especial;incluido;LEI;14188;2021;(Incluído pela Lei nº 14.188, de 2021);103914
147;B;art. 147-B;Parte Especial;incluido;LEI;14188;2021;(Incluído pela Lei nº 14.188, de 2021);104059
147;B;art. 147-B;Parte Especial;incluido;LEI;15123;2025;(Incluído pela Lei nº 15.123, de 2025);104283
147;C;art. 147-C;Parte Especial;incluido;LEI;15358;2026;(Incluído pela Lei nº 15.358, de 2026);104604
147;C;art. 147-C;Parte Especial;incluido;LEI;15358;2026;(Incluído pela Lei nº 15.358, de 2026);104687
148;;art. 148;Parte Especial;redacao dada;LEI;11106;2005;(Redação dada pela Lei nº 11.106, de 2005);105066
148;;art. 148;Parte Especial;incluido;LEI;11106;2005;(Incluído pela Lei nº 11.106, de 2005);105324
148;;art. 148;Parte Especial;incluido;LEI;11106;2005;(Incluído pela Lei nº 11.106, de 2005);105417
148;;art. 148;Parte Especial;incluido;LEI;15358;2026;(Incluído pela Lei nº 15.358, de 2026);105872
148;;art. 148;Parte Especial;incluido;LEI;15358;2026;(Incluído pela Lei nº 15.358, de 2026);105960
149;;art. 149;Parte Especial;redacao dada;LEI;10803;2003;(Redação dada pela Lei nº 10.803, de 11.12.2003);106326
149;;art. 149;Parte Especial;redacao dada;LEI;10803;2003;(Redação dada pela Lei nº 10.803, de 11.12.2003);106463
149;;art. 149;Parte Especial;incluido;LEI;10803;2003;(Incluído pela Lei nº 10.803, de 11.12.2003);106549
149;;art. 149;Parte Especial;incluido;LEI;10803;2003;(Incluído pela Lei nº 10.803, de 11.12.2003);106717
149;;art. 149;Parte Especial;incluido;LEI;10803;2003;(Incluído pela Lei nº 10.803, de 11.12.2003);106928
149;;art. 149;Parte Especial;incluido;LEI;10803;2003;(Incluído pela Lei nº 10.803, de 11.12.2003);107032
149;;art. 149;Parte Especial;incluido;LEI;10803;2003;(Incluído pela Lei nº 10.803, de 11.12.2003);107117
149;;art. 149;Parte Especial;incluido;LEI;10803;2003;(Incluído pela Lei nº 10.803, de 11.12.2003);107239
149;;art. 149;Parte Especial;incluido;LEI;13344;2016;(Incluído pela Lei nº 13.344, de 2016);107303
149;A;art. 149-A;Parte Especial;incluido;LEI;13344;2016;(Incluído pela Lei nº 13.344, de 2016);107534
149;A;art. 149-A;Parte Especial;incluido;LEI;13344;2016;(Incluído pela Lei nº 13.344, de 2016);107636
149;A;art. 149-A;Parte Especial;incluido;LEI;13344;2016;(Incluído pela Lei nº 13.344, de 2016);107749
149;A;art. 149-A;Parte Especial;incluido;LEI;13344;2016;(Incluído pela Lei nº 13.344, de 2016);107845
149;A;art. 149-A;Parte Especial;incluido;LEI;13344;2016;(Incluído pela Lei nº 13.344, de 2016);107918
149;A;art. 149-A;Parte Especial;incluido;LEI;13344;2016;(Incluído pela Lei nº 13.344, de 2016);107991
149;A;art. 149-A;Parte Especial;incluido;LEI;13344;2016;(Incluído pela Lei nº 13.344, de 2016);108098
149;A;art. 149-A;Parte Especial;incluido;LEI;13344;2016;(Incluído pela Lei nº 13.344, de 2016);108202
149;A;art. 149-A;Parte Especial;incluido;LEI;13344;2016;(Incluído pela Lei nº 13.344, de 2016);108359
149;A;art. 149-A;Parte Especial;incluido;LEI;13344;2016;(Incluído pela Lei nº 13.344, de 2016);108499
149;A;art. 149-A;Parte Especial;incluido;LEI;13344;2016;(Incluído pela Lei nº 13.344, de 2016);108776
149;A;art. 149-A;Parte Especial;incluido;LEI;13344;2016;(Incluído pela Lei nº 13.344, de 2016);108899
149;A;art. 149-A;Parte Especial;incluido;LEI;13344;2016;(Incluído pela Lei nº 13.344, de 2016);109056
150;;art. 150;Parte Especial;revogado;LEI;13869;2019;(Revogado pela Lei nº 13.869, de 2019);109623
153;;art. 153;Parte Especial;renumerado;LEI;9983;2000;(Parágrafo único renumerado pela Lei nº 9.983, de 2000);112372
153;;art. 153;Parte Especial;incluido;LEI;9983;2000;(Incluído pela Lei nº 9.983, de 2000);112614
153;;art. 153;Parte Especial;incluido;LEI;9983;2000;(Incluído pela Lei nº 9.983, de 2000);112712
153;;art. 153;Parte Especial;incluido;LEI;9983;2000;(Incluído pela Lei nº 9.983, de 2000);112845
154;;art. 154;Parte Especial;incluido;LEI;12737;2012;(Incluído pela Lei nº 12.737, de 2012);113297
154;A;art. 154-A;Parte Especial;redacao dada;LEI;14155;2021;(Redação dada pela Lei nº 14.155, de 2021);113630
154;A;art. 154-A;Parte Especial;redacao dada;LEI;14155;2021;(Redação dada pela Lei nº 14.155, de 2021);113728
154;A;art. 154-A;Parte Especial;incluido;LEI;12737;2012;(Incluído pela Lei nº 12.737, de 2012);113954
154;A;art. 154-A;Parte Especial;redacao dada;LEI;14155;2021;(Redação dada pela Lei nº 14.155, de 2021);114105
154;A;art. 154-A;Parte Especial;incluido;LEI;12737;2012;(Incluído pela Lei nº 12.737, de 2012);114382
154;A;art. 154-A;Parte Especial;redacao dada;LEI;14155;2021;(Redação dada pela Lei nº 14.155, de 2021);114486
154;A;art. 154-A;Parte Especial;incluido;LEI;12737;2012;(Incluído pela Lei nº 12.737, de 2012);114714
154;A;art. 154-A;Parte Especial;incluido;LEI;12737;2012;(Incluído pela Lei nº 12.737, de 2012);114840
154;A;art. 154-A;Parte Especial;incluido;LEI;12737;2012;(Incluído pela Lei nº 12.737, de 2012);114943
154;A;art. 154-A;Parte Especial;incluido;LEI;12737;2012;(Incluído pela Lei nº 12.737, de 2012);115036
154;A;art. 154-A;Parte Especial;incluido;LEI;12737;2012;(Incluído pela Lei nº 12.737, de 2012);115251
154;A;art. 154-A;Parte Especial;incluido;LEI;12737;2012;(Incluído pela Lei nº 12.737, de 2012);115409
154;A;art. 154-A;Parte Especial;incluido;LEI;12737;2012;(Incluído pela Lei nº 12.737, de 2012);115468
154;B;art. 154-B;Parte Especial;incluido;LEI;12737;2012;(Incluído pela Lei nº 12.737, de 2012);115816
155;;art. 155;Parte Especial;redacao dada;LEI;15397;2026;(Redação dada pela Lei nº 15.397, de 2026);116049
155;;art. 155;Parte Especial;redacao dada;LEI;15397;2026;(Redação dada pela Lei nº 15.397, de 2026);116176
155;;art. 155;Parte Especial;redacao dada;LEI;15397;2026;(Redação dada pela Lei nº 15.397, de 2026);116622
155;;art. 155;Parte Especial;redacao dada;LEI;15397;2026;(Redação dada pela Lei nº 15.397, de 2026);117088
155;;art. 155;Parte Especial;incluido;LEI;13654;2018;(Incluído pela Lei nº 13.654, de 2018);117276
155;;art. 155;Parte Especial;redacao dada;LEI;15397;2026;(Redação dada pela Lei nº 15.397, de 2026);117650
155;;art. 155;Parte Especial;incluido;LEI;14155;2021;(Incluído pela Lei nº 14.155, de 2021);117788
155;;art. 155;Parte Especial;incluido;LEI;14155;2021;(Incluído pela Lei nº 14.155, de 2021);117975
155;;art. 155;Parte Especial;incluido;LEI;14155;2021;(Incluído pela Lei nº 14.155, de 2021);118109
155;;art. 155;Parte Especial;redacao dada;LEI;15397;2026;(Redação dada pela Lei nº 15.397, de 2026);118322
155;;art. 155;Parte Especial;redacao dada;LEI;15397;2026;(Redação dada pela Lei nº 15.397, de 2026);118452
155;;art. 155;Parte Especial;redacao dada;LEI;15397;2026;(Redação dada pela Lei nº 15.397, de 2026);118625
155;;art. 155;Parte Especial;redacao dada;LEI;15397;2026;(Redação dada pela Lei nº 15.397, de 2026);118828
155;;art. 155;Parte Especial;redacao dada;LEI;15397;2026;(Redação dada pela Lei nº 15.397, de 2026);118958
155;;art. 155;Parte Especial;incluido;LEI;15397;2026;(Incluído pela Lei nº 15.397, de 2026);119129
155;;art. 155;Parte Especial;incluido;LEI;15397;2026;(Incluído pela Lei nº 15.397, de 2026);119190
155;;art. 155;Parte Especial;redacao dada;LEI;15397;2026;(Redação dada pela Lei nº 15.397, de 2026);119583
155;;art. 155;Parte Especial;incluido;LEI;15358;2026;(Incluído pela Lei nº 15.358, de 2026);120011
157;;art. 157;Parte Especial;redacao dada;LEI;15397;2026;(Redação dada pela Lei nº 15.397, de 2026);120704
157;;art. 157;Parte Especial;redacao dada;LEI;15397;2026;(Redação dada pela Lei nº 15.397, de 2026);121259
157;;art. 157;Parte Especial;redacao dada;LEI;13654;2018;(Redação dada pela Lei nº 13.654, de 2018);121355
157;;art. 157;Parte Especial;revogado;;;;(revogado);121402
157;;art. 157;Parte Especial;redacao dada;LEI;13654;2018;(Redação dada pela Lei nº 13.654, de 2018);121415
157;;art. 157;Parte Especial;incluido;LEI;9426;1996;(Incluído pela Lei nº 9.426, de 1996);121714
157;;art. 157;Parte Especial;incluido;LEI;9426;1996;(Incluído pela Lei nº 9.426, de 1996);121826
157;;art. 157;Parte Especial;incluido;LEI;13654;2018;(Incluído pela Lei nº 13.654, de 2018);122012
157;;art. 157;Parte Especial;incluido;LEI;13964;2019;(Incluído pela Lei nº 13.964, de 2019);122127
157;;art. 157;Parte Especial;incluido;LEI;15181;2025;(Incluído pela Lei nº 15.181, de 2025);122400
157;;art. 157;Parte Especial;incluido;LEI;15397;2026;(Incluído pela Lei nº 15.397, de 2026);122618
157;;art. 157;Parte Especial;incluido;LEI;15397;2026;(Incluído pela Lei nº 15.397, de 2026);122697
157;;art. 157;Parte Especial;incluido;LEI;13654;2018;(Incluído pela Lei nº 13.654, de 2018);122783
157;;art. 157;Parte Especial;incluido;LEI;13654;2018;(Incluído pela Lei nº 13.654, de 2018);122891
157;;art. 157;Parte Especial;incluido;LEI;13654;2018;(Incluído pela Lei nº 13.654, de 2018);123058
157;;art. 157;Parte Especial;incluido;LEI;13964;2019;(Incluído pela Lei nº 13.964, de 2019);123262
157;;art. 157;Parte Especial;redacao dada;LEI;13654;2018;(Redação dada pela Lei nº 13.654, de 2018);123331
157;;art. 157;Parte Especial;incluido;LEI;13654;2018;(Incluído pela Lei nº 13.654, de 2018);123463
157;;art. 157;Parte Especial;redacao dada;LEI;15397;2026;(Redação dada pela Lei nº 15.397, de 2026);123588
157;;art. 157;Parte Especial;incluido;LEI;15358;2026;(Incluído pela Lei nº 15.358, de 2026);124025
157;;art. 157;Parte Especial;incluido;LEI;15358;2026;(Incluído pela Lei nº 15.358, de 2026);124411
157;;art. 157;Parte Especial;incluido;LEI;15358;2026;(Incluído pela Lei nº 15.358, de 2026);124512
158;;art. 158;Parte Especial;incluido;LEI;11923;2009;(Incluído pela Lei nº 11.923, de 2009);125386
158;;art. 158;Parte Especial;incluido;LEI;15358;2026;(Incluído pela Lei nº 15.358, de 2026);125666
159;;art. 159;Parte Especial;redacao dada;LEI;8072;1990;(Redação dada pela Lei nº 8.072, de 25.7.1990);125962
159;;art. 159;Parte Especial;redacao dada;LEI;10741;2003;(Redação dada pela Lei nº 10.741, de 2003);126222
159;;art. 159;Parte Especial;redacao dada;LEI;8072;1990;(Redação dada pela Lei nº 8.072, de 25.7.1990);126304
159;;art. 159;Parte Especial;redacao dada;LEI;8072;1990;(Redação dada pela Lei nº 8.072, de 25.7.1990);126494
159;;art. 159;Parte Especial;redacao dada;LEI;8072;1990;(Redação dada pela Lei nº 8.072, de 25.7.1990);126648
159;;art. 159;Parte Especial;redacao dada;LEI;9269;1996;(Redação dada pela Lei nº 9.269, de 1996);126867
159;;art. 159;Parte Especial;incluido;LEI;15358;2026;(Incluído pela Lei nº 15.358, de 2026);127262
163;;art. 163;Parte Especial;redacao dada;LEI;13531;2017;(Redação dada pela Lei nº 13.531, de 2017);129041
168;;art. 168;Parte Especial;incluido;LEI;9983;2000;(Incluído pela Lei nº 9.983, de 2000);130578
168;A;art. 168-A;Parte Especial;incluido;LEI;9983;2000;(Incluído pela Lei nº 9.983, de 2000);130755
168;A;art. 168-A;Parte Especial;incluido;LEI;9983;2000;(Incluído pela Lei nº 9.983, de 2000);130854
168;A;art. 168-A;Parte Especial;incluido;LEI;9983;2000;(Incluído pela Lei nº 9.983, de 2000);130939
168;A;art. 168-A;Parte Especial;incluido;LEI;9983;2000;(Incluído pela Lei nº 9.983, de 2000);131176
168;A;art. 168-A;Parte Especial;incluido;LEI;9983;2000;(Incluído pela Lei nº 9.983, de 2000);131384
168;A;art. 168-A;Parte Especial;incluido;LEI;9983;2000;(Incluído pela Lei nº 9.983, de 2000);131566
168;A;art. 168-A;Parte Especial;incluido;LEI;9983;2000;(Incluído pela Lei nº 9.983, de 2000);131874
168;A;art. 168-A;Parte Especial;incluido;LEI;9983;2000;(Incluído pela Lei nº 9.983, de 2000);132053
168;A;art. 168-A;Parte Especial;incluido;LEI;9983;2000;(Incluído pela Lei nº 9.983, de 2000);132255
168;A;art. 168-A;Parte Especial;incluido;LEI;9983;2000;(Incluído pela Lei nº 9.983, de 2000);132515
168;A;art. 168-A;Parte Especial;incluido;LEI;13606;2018;(Incluído pela Lei nº 13.606, de 2018);132819
168;A;art. 168-A;Parte Especial;incluido;LEI COMPLEMENTAR;225;2026;(Incluído pela Lei Complementar nº 225, de 2026);133157
168;A;art. 168-A;Parte Especial;incluido;LEI COMPLEMENTAR;225;2026;(Incluído pela Lei Complementar nº 225, de 2026);133388
171;;art. 171;Parte Especial;redacao dada;LEI;15397;2026;(Redação dada pela Lei nº 15.397, de 2026);134475
171;;art. 171;Parte Especial;incluido;LEI;15397;2026;(Incluído pela Lei nº 15.397, de 2026);135808
171;;art. 171;Parte Especial;incluido;LEI;15397;2026;(Incluído pela Lei nº 15.397, de 2026);136009
171;;art. 171;Parte Especial;redacao dada;LEI;15397;2026;(Redação dada pela Lei nº 15.397, de 2026);136447
171;;art. 171;Parte Especial;incluido;LEI;14155;2021;(Incluído pela Lei nº 14.155, de 2021);136729
171;;art. 171;Parte Especial;redacao dada;LEI;14155;2021;(Redação dada pela Lei nº 14.155, de 2021);136985
171;;art. 171;Parte Especial;redacao dada;LEI;14155;2021;(Redação dada pela Lei nº 14.155, de 2021);137176
171;;art. 171;Parte Especial;revogado;;;;(Revogado);137224
171;;art. 171;Parte Especial;redacao dada;LEI;15397;2026;(Redação dada pela Lei nº 15.397, de 2026);137237
171;;art. 171;Parte Especial;revogado;;;;(Revogado);137284
171;;art. 171;Parte Especial;redacao dada;LEI;15397;2026;(Redação dada pela Lei nº 15.397, de 2026);137297
171;;art. 171;Parte Especial;revogado;;;;(Revogado);137345
171;;art. 171;Parte Especial;redacao dada;LEI;15397;2026;(Redação dada pela Lei nº 15.397, de 2026);137358
171;;art. 171;Parte Especial;revogado;;;;(Revogado);137407
171;;art. 171;Parte Especial;redacao dada;LEI;15397;2026;(Redação dada pela Lei nº 15.397, de 2026);137420
171;;art. 171;Parte Especial;revogado;;;;(Revogado);137468
171;;art. 171;Parte Especial;redacao dada;LEI;15397;2026;(Redação dada pela Lei nº 15.397, de 2026);137481
171;A;art. 171-A;Parte Especial;incluido;LEI;14478;2022;(Incluído pela Lei nº 14.478, de 2022);137850
171;A;art. 171-A;Parte Especial;incluido;LEI;14478;2022;(Incluído pela Lei nº 14.478, de 2022);137955
172;;art. 172;Parte Especial;redacao dada;LEI;8137;1990;(Redação dada pela Lei nº 8.137, de 27.12.1990);138169
172;;art. 172;Parte Especial;redacao dada;LEI;8137;1990;(Redação dada pela Lei nº 8.137, de 27.12.1990);138274
172;;art. 172;Parte Especial;incluido;LEI;5474;1968;(Incluído pela Lei nº 5.474. de 1968);138452
180;;art. 180;Parte Especial;redacao dada;LEI;9426;1996;(Redação dada pela Lei nº 9.426, de 1996);142862
180;;art. 180;Parte Especial;redacao dada;LEI;15397;2026;(Redação dada pela Lei nº 15.397, de 2026);142959
180;;art. 180;Parte Especial;redacao dada;LEI;9426;1996;(Redação dada pela Lei nº 9.426, de 1996);143025
180;;art. 180;Parte Especial;redacao dada;LEI;9426;1996;(Redação dada pela Lei nº 9.426, de 1996);143350
180;;art. 180;Parte Especial;redacao dada;LEI;9426;1996;(Redação dada pela Lei nº 9.426, de 1996);143439
180;;art. 180;Parte Especial;redacao dada;LEI;9426;1996;(Redação dada pela Lei nº 9.426, de 1996);143648
180;;art. 180;Parte Especial;redacao dada;LEI;9426;1996;(Redação dada pela Lei nº 9.426, de 1996);143871
180;;art. 180;Parte Especial;redacao dada;LEI;9426;1996;(Redação dada pela Lei nº 9.426, de 1996);143979
180;;art. 180;Parte Especial;redacao dada;LEI;9426;1996;(Redação dada pela Lei nº 9.426, de 1996);144134
180;;art. 180;Parte Especial;revogado;;;;(Revogado);144181
180;;art. 180;Parte Especial;redacao dada;LEI;15358;2026;(Redação dada pela Lei nº 15.358, de 2026);144193
180;;art. 180;Parte Especial;redacao dada;LEI;13531;2017;(Redação dada pela Lei nº 13.531, de 2017);144517
180;;art. 180;Parte Especial;incluido;LEI;15181;2025;(Incluído pela Lei nº 15.181, de 2025);144885
180;;art. 180;Parte Especial;incluido;LEI;15358;2026;(Incluído pela Lei nº 15.358, de 2026);145277
180;A;art. 180-A;Parte Especial;redacao dada;LEI;15397;2026;(Redação dada pela Lei nº 15.397, de 2026);145622
180;A;art. 180-A;Parte Especial;redacao dada;LEI;15397;2026;(Redação dada pela Lei nº 15.397, de 2026);145720
183;;art. 183;Parte Especial;incluido;LEI;10741;2003;(Incluído pela Lei nº 10.741, de 2003);146679
183;A;art. 183-A;Parte Especial;incluido;LEI;14967;2024;(Incluído pela Lei nº 14.967, de 2024);147016
184;;art. 184;Parte Especial;redacao dada;LEI;10695;2003;(Redação dada pela Lei nº 10.695, de 1º.7.2003);147252
184;;art. 184;Parte Especial;redacao dada;LEI;10695;2003;(Redação dada pela Lei nº 10.695, de 1º.7.2003);147364
184;;art. 184;Parte Especial;redacao dada;LEI;10695;2003;(Redação dada pela Lei nº 10.695, de 1º.7.2003);147733
184;;art. 184;Parte Especial;redacao dada;LEI;10695;2003;(Redação dada pela Lei nº 10.695, de 1º.7.2003);147843
184;;art. 184;Parte Especial;redacao dada;LEI;10695;2003;(Redação dada pela Lei nº 10.695, de 1º.7.2003);148402
184;;art. 184;Parte Especial;redacao dada;LEI;10695;2003;(Redação dada pela Lei nº 10.695, de 1º.7.2003);148912
184;;art. 184;Parte Especial;incluido;LEI;10695;2003;(Incluído pela Lei nº 10.695, de 1º.7.2003);149022
184;;art. 184;Parte Especial;incluido;LEI;10695;2003;(Incluído pela Lei nº 10.695, de 1º.7.2003);149419
185;;art. 185;Parte Especial;revogado;LEI;10695;2003;(Revogado pela Lei nº 10.695, de 1º.7.2003);149513
186;;art. 186;Parte Especial;redacao dada;LEI;10695;2003;(Redação dada pela Lei nº 10.695, de 1º.7.2003);149588
186;;art. 186;Parte Especial;incluido;LEI;10695;2003;(Incluído pela Lei nº 10.695, de 1º.7.2003);149696
186;;art. 186;Parte Especial;incluido;LEI;10695;2003;(Incluído pela Lei nº 10.695, de 1º.7.2003);149836
186;;art. 186;Parte Especial;incluido;LEI;10695;2003;(Incluído pela Lei nº 10.695, de 1º.7.2003);150091
186;;art. 186;Parte Especial;incluido;LEI;10695;2003;(Incluído pela Lei nº 10.695, de 1º.7.2003);150237
187;;art. 187;Parte Especial;revogado;LEI;9279;1996;(Revogado pela Lei nº 9.279, de 14.5.1996);150380
188;;art. 188;Parte Especial;revogado;LEI;9279;1996;(Revogado pela Lei nº 9.279, de 14.5.1996);150463
189;;art. 189;Parte Especial;revogado;LEI;9279;1996;(Revogado pela Lei nº 9.279, de 14.5.1996);150583
190;;art. 190;Parte Especial;revogado;LEI;9279;1996;(Revogado pela Lei nº 9.279, de 14.5.1996);150686
191;;art. 191;Parte Especial;revogado;LEI;9279;1996;(Revogado pela Lei nº 9.279, de 14.5.1996);150739
192;;art. 192;Parte Especial;revogado;LEI;9279;1996;(Revogado pela Lei nº 9.279, de 14.5.1996);150886
193;;art. 193;Parte Especial;revogado;LEI;9279;1996;(Revogado pela Lei nº 9.279, de 14.5.1996);150993
194;;art. 194;Parte Especial;revogado;LEI;9279;1996;(Revogado pela Lei nº 9.279, de 14.5.1996);151087
195;;art. 195;Parte Especial;revogado;LEI;9279;1996;(Revogado pela Lei nº 9.279, de 14.5.1996);151140
196;;art. 196;Parte Especial;revogado;LEI;9279;1996;(Revogado pela Lei nº 9.279, de 14.5.1996);151261
203;;art. 203;Parte Especial;redacao dada;LEI;9777;1998;(Redação dada pela Lei nº 9.777, de 29.12.1998);153811
203;;art. 203;Parte Especial;incluido;LEI;9777;1998;(Incluído pela Lei nº 9.777, de 1998);153892
203;;art. 203;Parte Especial;incluido;LEI;9777;1998;(Incluído pela Lei nº 9.777, de 1998);154076
203;;art. 203;Parte Especial;incluido;LEI;9777;1998;(Incluído pela Lei nº 9.777, de 1998);154266
203;;art. 203;Parte Especial;incluido;LEI;9777;1998;(Incluído pela Lei nº 9.777, de 1998);154460
206;;art. 206;Parte Especial;redacao dada;LEI;8683;1993;(Redação dada pela Lei nº 8.683, de 1993);155078
206;;art. 206;Parte Especial;redacao dada;LEI;8683;1993;(Redação dada pela Lei nº 8.683, de 1993);155172
207;;art. 207;Parte Especial;redacao dada;LEI;9777;1998;(Redação dada pela Lei nº 9.777, de 29.12.1998);155442
207;;art. 207;Parte Especial;incluido;LEI;9777;1998;(Incluído pela Lei nº 9.777, de 1998);155754
207;;art. 207;Parte Especial;incluido;LEI;9777;1998;(Incluído pela Lei nº 9.777, de 1998);155948
212;;art. 212;Parte Especial;redacao dada;LEI;12015;2009;(Redação dada pela Lei nº 12.015, de 2009);157340
212;;art. 212;Parte Especial;redacao dada;LEI;12015;2009;(Redação dada pela Lei nº 12.015, de 2009);157431
213;;art. 213;Parte Especial;redacao dada;LEI;12015;2009;(Redação dada pela Lei nº 12.015, de 2009);157643
213;;art. 213;Parte Especial;redacao dada;LEI;12015;2009;(Redação dada pela Lei nº 12.015, de 2009);157732
213;;art. 213;Parte Especial;incluido;LEI;12015;2009;(Incluído pela Lei nº 12.015, de 2009);157906
213;;art. 213;Parte Especial;incluido;LEI;12015;2009;(Incluído pela Lei nº 12.015, de 2009);157992
213;;art. 213;Parte Especial;incluido;LEI;12015;2009;(Incluído pela Lei nº 12.015, de 2009);158066
213;;art. 213;Parte Especial;incluido;LEI;12015;2009;(Incluído pela Lei nº 12.015, de 2009);158154
214;;art. 214;Parte Especial;revogado;LEI;12015;2009;(Revogado pela Lei nº 12.015, de 2009);158204
214;;art. 214;Parte Especial;redacao dada;LEI;12015;2009;(Redação dada pela Lei nº 12.015, de 2009);158275
215;;art. 215;Parte Especial;redacao dada;LEI;12015;2009;(Redação dada pela Lei nº 12.015, de 2009);158491
215;;art. 215;Parte Especial;redacao dada;LEI;12015;2009;(Redação dada pela Lei nº 12.015, de 2009);158580
215;;art. 215;Parte Especial;redacao dada;LEI;12015;2009;(Redação dada pela Lei nº 12.015, de 2009);158725
215;;art. 215;Parte Especial;incluido;LEI;13718;2018;(Incluído pela Lei nº 13.718, de 2018);158788
215;A;art. 215-A;Parte Especial;incluido;LEI;13718;2018;(Incluído pela Lei nº 13.718, de 2018);158964
215;A;art. 215-A;Parte Especial;incluido;LEI;13718;2018;(Incluído pela Lei nº 13.718, de 2018);159089
216;;art. 216;Parte Especial;revogado;LEI;12015;2009;(Revogado pela Lei nº 12.015, de 2009);159138
216;;art. 216;Parte Especial;incluido;LEI;10224;2001;(Incluído pela Lei nº 10.224, de 15 de 2001);159192
216;A;art. 216-A;Parte Especial;incluido;LEI;10224;2001;(Incluído pela Lei nº 10.224, de 15 de 2001);159457
216;A;art. 216-A;Parte Especial;incluido;LEI;10224;2001;(Incluído pela Lei nº 10.224, de 15 de 2001);159551
216;A;art. 216-A;Parte Especial;incluido;LEI;10224;2001;(Incluído pela Lei nº 10.224, de 15 de 2001);159622
216;A;art. 216-A;Parte Especial;incluido;LEI;12015;2009;(Incluído pela Lei nº 12.015, de 2009);159750
216;A;art. 216-A;Parte Especial;incluido;LEI;13772;2018;(Incluído pela Lei nº 13.772, de 2018);159802
216;B;art. 216-B;Parte Especial;incluido;LEI;13772;2018;(Incluído pela Lei nº 13.772, de 2018);160112
216;B;art. 216-B;Parte Especial;incluido;LEI;13772;2018;(Incluído pela Lei nº 13.772, de 2018);160417
216;B;art. 216-B;Parte Especial;redacao dada;LEI;12015;2009;(Redação dada pela Lei nº 12.015, de 2009);160505
217;;art. 217;Parte Especial;revogado;LEI;11106;2005;(Revogado pela Lei nº 11.106, de 2005);160567
217;;art. 217;Parte Especial;incluido;LEI;12015;2009;(Incluído pela Lei nº 12.015, de 2009);160628
217;A;art. 217-A;Parte Especial;incluido;LEI;12015;2009;(Incluído pela Lei nº 12.015, de 2009);160765
217;A;art. 217-A;Parte Especial;redacao dada;LEI;15280;2025;(Redação dada pela Lei nº 15.280, de 2025);160863
217;A;art. 217-A;Parte Especial;incluido;LEI;12015;2009;(Incluído pela Lei nº 12.015, de 2009);161153
217;A;art. 217-A;Parte Especial;incluido;LEI;12015;2009;(Incluído pela Lei nº 12.015, de 2009);161207
217;A;art. 217-A;Parte Especial;incluido;LEI;12015;2009;(Incluído pela Lei nº 12.015, de 2009);161308
217;A;art. 217-A;Parte Especial;redacao dada;LEI;15280;2025;(Redação dada pela Lei nº 15.280, de 2025);161414
217;A;art. 217-A;Parte Especial;incluido;LEI;12015;2009;(Incluído pela Lei nº 12.015, de 2009);161492
217;A;art. 217-A;Parte Especial;redacao dada;LEI;15280;2025;(Redação dada pela Lei nº 15.280, de 2025);161593
217;A;art. 217-A;Parte Especial;incluido;LEI;15353;2026;(Incluído pela Lei nº 15.353, de 2026);161730
217;A;art. 217-A;Parte Especial;redacao dada;LEI;15353;2026;(Redação dada pela Lei nº 15.353, de 2026);162048
218;;art. 218;Parte Especial;redacao dada;LEI;12015;2009;(Redação dada pela Lei nº 12.015, de 2009);162199
218;;art. 218;Parte Especial;redacao dada;LEI;15280;2025;(Redação dada pela Lei nº 15.280, de 2025);162302
218;;art. 218;Parte Especial;incluido;LEI;12015;2009;(Incluído pela Lei nº 12.015, de 2009);162373
218;;art. 218;Parte Especial;incluido;LEI;12015;2009;(Incluído pela Lei nº 12.015, de 2009);162479
218;A;art. 218-A;Parte Especial;incluido;LEI;12015;2009;(Incluído pela Lei nº 12.015, de 2009);162710
218;A;art. 218-A;Parte Especial;redacao dada;LEI;15280;2025;(Redação dada pela Lei nº 15.280, de 2025);162806
218;A;art. 218-A;Parte Especial;redacao dada;LEI;12978;2014;(Redação dada pela Lei nº 12.978, de 2014);162962
218;B;art. 218-B;Parte Especial;incluido;LEI;12015;2009;(Incluído pela Lei nº 12.015, de 2009);163286
218;B;art. 218-B;Parte Especial;redacao dada;LEI;15280;2025;(Redação dada pela Lei nº 15.280, de 2025);163386
218;B;art. 218-B;Parte Especial;revogado;;;;(Revogado);163434
218;B;art. 218-B;Parte Especial;redacao dada;LEI;15280;2025;(Redação dada pela Lei nº 15.280, de 2025);163446
218;B;art. 218-B;Parte Especial;incluido;LEI;12015;2009;(Incluído pela Lei nº 12.015, de 2009);163521
218;B;art. 218-B;Parte Especial;incluido;LEI;12015;2009;(Incluído pela Lei nº 12.015, de 2009);163724
218;B;art. 218-B;Parte Especial;incluido;LEI;12015;2009;(Incluído pela Lei nº 12.015, de 2009);163888
218;B;art. 218-B;Parte Especial;incluido;LEI;12015;2009;(Incluído pela Lei nº 12.015, de 2009);164088
218;B;art. 218-B;Parte Especial;incluido;LEI;13718;2018;(Incluído pela Lei nº 13.718, de 2018);164228
218;C;art. 218-C;Parte Especial;incluido;LEI;13718;2018;(Incluído pela Lei nº 13.718, de 2018);164712
218;C;art. 218-C;Parte Especial;redacao dada;LEI;15280;2025;(Redação dada pela Lei nº 15.280, de 2025);164850
218;C;art. 218-C;Parte Especial;incluido;LEI;13718;2018;(Incluído pela Lei nº 13.718, de 2018);164909
218;C;art. 218-C;Parte Especial;incluido;LEI;13718;2018;(Incluído pela Lei nº 13.718, de 2018);165149
218;C;art. 218-C;Parte Especial;incluido;LEI;13718;2018;(Incluído pela Lei nº 13.718, de 2018);165210
218;C;art. 218-C;Parte Especial;incluido;LEI;13718;2018;(Incluído pela Lei nº 13.718, de 2018);165551
219;;art. 219;Parte Especial;revogado;LEI;11106;2005;(Revogado pela Lei nº 11.106, de 2005);165657
220;;art. 220;Parte Especial;revogado;LEI;11106;2005;(Revogado pela Lei nº 11.106, de 2005);165724
221;;art. 221;Parte Especial;revogado;LEI;11106;2005;(Revogado pela Lei nº 11.106, de 2005);165793
222;;art. 222;Parte Especial;revogado;LEI;11106;2005;(Revogado pela Lei nº 11.106, de 2005);165875
223;;art. 223;Parte Especial;revogado;LEI;12015;2009;(Revogado pela Lei nº 12.015, de 2009);165956
224;;art. 224;Parte Especial;revogado;LEI;12015;2009;(Revogado pela Lei nº 12.015, de 2009);166006
225;;art. 225;Parte Especial;redacao dada;LEI;13718;2018;(Redação dada pela Lei nº 13.718, de 2018);166177
225;;art. 225;Parte Especial;revogado;;;;(Revogado);166237
225;;art. 225;Parte Especial;redacao dada;LEI;13718;2018;(Redação dada pela Lei nº 13.718, de 2018);166250
226;;art. 226;Parte Especial;redacao dada;LEI;11106;2005;(Redação dada pela Lei nº 11.106, de 2005);166339
226;;art. 226;Parte Especial;redacao dada;LEI;11106;2005;(Redação dada pela Lei nº 11.106, de 2005);166474
226;;art. 226;Parte Especial;redacao dada;LEI;13718;2018;(Redação dada pela Lei nº 13.718, de 2018);166722
226;;art. 226;Parte Especial;revogado;LEI;11106;2005;(Revogado pela Lei nº 11.106, de 2005);166771
226;;art. 226;Parte Especial;incluido;LEI;13718;2018;(Incluído pela Lei nº 13.718, de 2018);166878
226;;art. 226;Parte Especial;incluido;LEI;13718;2018;(Incluído pela Lei nº 13.718, de 2018);166934
226;;art. 226;Parte Especial;incluido;LEI;13718;2018;(Incluído pela Lei nº 13.718, de 2018);167023
226;;art. 226;Parte Especial;incluido;LEI;13718;2018;(Incluído pela Lei nº 13.718, de 2018);167080
226;;art. 226;Parte Especial;incluido;LEI;13718;2018;(Incluído pela Lei nº 13.718, de 2018);167181
226;;art. 226;Parte Especial;redacao dada;LEI;12015;2009;(Redação dada pela Lei nº 12.015, de 2009);167328
227;;art. 227;Parte Especial;redacao dada;LEI;11106;2005;(Redação dada pela Lei nº 11.106, de 2005);167760
227;;art. 227;Parte Especial;redacao dada;LEI;12015;2009;(Redação dada pela Lei nº 12.015, de 2009);168139
228;;art. 228;Parte Especial;redacao dada;LEI;12015;2009;(Redação dada pela Lei nº 12.015, de 2009);168327
228;;art. 228;Parte Especial;redacao dada;LEI;12015;2009;(Redação dada pela Lei nº 12.015, de 2009);168426
228;;art. 228;Parte Especial;redacao dada;LEI;12015;2009;(Redação dada pela Lei nº 12.015, de 2009);168697
228;;art. 228;Parte Especial;redacao dada;LEI;12015;2009;(Redação dada pela Lei nº 12.015, de 2009);168786
229;;art. 229;Parte Especial;redacao dada;LEI;12015;2009;(Redação dada pela Lei nº 12.015, de 2009);169262
230;;art. 230;Parte Especial;redacao dada;LEI;12015;2009;(Redação dada pela Lei nº 12.015, de 2009);169880
230;;art. 230;Parte Especial;redacao dada;LEI;12015;2009;(Redação dada pela Lei nº 12.015, de 2009);169978
230;;art. 230;Parte Especial;redacao dada;LEI;12015;2009;(Redação dada pela Lei nº 12.015, de 2009);170171
230;;art. 230;Parte Especial;redacao dada;LEI;12015;2009;(Redação dada pela Lei nº 12.015, de 2009);170309
230;;art. 230;Parte Especial;redacao dada;LEI;12015;2009;(Redação dada pela Lei nº 12.015, de 2009);170414
231;;art. 231;Parte Especial;revogado;LEI;13344;2016;(Revogado pela Lei nº 13.344, de 2016);170467
231;A;art. 231-A;Parte Especial;revogado;LEI;13344;2016;(Revogado pela Lei nº 13.344, de 2016);170529
232;;art. 232;Parte Especial;revogado;LEI;12015;2009;(Revogado pela Lei nº 12.015, de 2009);170590
234;;art. 234;Parte Especial;incluido;LEI;12015;2009;(Incluído pela Lei nº 12.015, de 2009);172604
234;;art. 234;Parte Especial;incluido;LEI;12015;2009;(Incluído pela Lei nº 12.015, de 2009);172659
234;A;art. 234-A;Parte Especial;incluido;LEI;12015;2009;(Incluído pela Lei nº 12.015, de 2009);172764
234;A;art. 234-A;Parte Especial;incluido;LEI;12015;2009;(Incluído pela Lei nº 12.015, de 2009);172818
234;A;art. 234-A;Parte Especial;incluido;LEI;12015;2009;(Incluído pela Lei nº 12.015, de 2009);172873
234;A;art. 234-A;Parte Especial;redacao dada;LEI;13718;2018;(Redação dada pela Lei nº 13.718, de 2018);172979
234;A;art. 234-A;Parte Especial;redacao dada;LEI;13718;2018;(Redação dada pela Lei nº 13.718, de 2018);173223
234;B;art. 234-B;Parte Especial;incluido;LEI;12015;2009;(Incluído pela Lei nº 12.015, de 2009);173370
234;B;art. 234-B;Parte Especial;incluido;LEI;15035;2024;(Incluído pela Lei nº 15.035, de 2024);173884
234;B;art. 234-B;Parte Especial;incluido;LEI;15035;2024;(Incluído pela Lei nº 15.035, de 2024);174058
234;B;art. 234-B;Parte Especial;incluido;LEI;15035;2024;(Incluído pela Lei nº 15.035, de 2024);174171
234;C;art. 234-C;Parte Especial;incluido;LEI;12015;2009;(Incluído pela Lei nº 12.015, de 2009);174233
240;;art. 240;Parte Especial;revogado;LEI;11106;2005;(Revogado pela Lei nº 11.106, de 2005);175775
242;;art. 242;Parte Especial;redacao dada;LEI;6898;1981;(Redação dada pela Lei nº 6.898, de 1981);176283
242;;art. 242;Parte Especial;redacao dada;LEI;6898;1981;(Redação dada pela Lei nº 6.898, de 1981);176363
242;;art. 242;Parte Especial;redacao dada;LEI;6898;1981;(Redação dada pela Lei nº 6.898, de 1981);176481
242;;art. 242;Parte Especial;redacao dada;LEI;6898;1981;(Redação dada pela Lei nº 6.898, de 1981);176600
244;;art. 244;Parte Especial;redacao dada;LEI;10741;2003;(Redação dada pela Lei nº 10.741, de 2003);177419
244;;art. 244;Parte Especial;redacao dada;LEI;5478;1968;(Redação dada pela Lei nº 5.478, de 1968);177575
244;;art. 244;Parte Especial;incluido;LEI;5478;1968;(Incluído pela Lei nº 5.478, de 1968);177854
245;;art. 245;Parte Especial;redacao dada;LEI;7251;1984;(Redação dada pela Lei nº 7.251, de 1984);178084
245;;art. 245;Parte Especial;redacao dada;LEI;7251;1984;(Redação dada pela Lei nº 7.251, de 1984);178170
245;;art. 245;Parte Especial;incluido;LEI;7251;1984;(Incluído pela Lei nº 7.251, de 1984);178355
245;;art. 245;Parte Especial;incluido;LEI;7251;1984;(Incluído pela Lei nº 7.251, de 1984);178597
265;;art. 265;Parte Especial;incluido;LEI;5346;1967;(Incluído pela Lei nº 5.346, de 3.11.1967);187761
265;;art. 265;Parte Especial;redacao dada;LEI;12737;2012;(Redação dada pela Lei nº 12.737, de 2012);187929
266;;art. 266;Parte Especial;redacao dada;LEI;15397;2026;(Redação dada pela Lei nº 15.397, de 2026);188173
266;;art. 266;Parte Especial;incluido;LEI;12737;2012;(Incluído pela Lei nº 12.737, de 2012);188365
266;;art. 266;Parte Especial;redacao dada;LEI;15397;2026;(Redação dada pela Lei nº 15.397, de 2026);188470
266;;art. 266;Parte Especial;incluido;LEI;15397;2026;(Incluído pela Lei nº 15.397, de 2026);188552
266;;art. 266;Parte Especial;incluido;LEI;15397;2026;(Incluído pela Lei nº 15.397, de 2026);188733
267;;art. 267;Parte Especial;redacao dada;LEI;8072;1990;(Redação dada pela Lei nº 8.072, de 25.7.1990);188940
270;;art. 270;Parte Especial;redacao dada;LEI;8072;1990;(Redação dada pela Lei nº 8.072, de 25.7.1990);189948
271;;art. 271;Parte Especial;redacao dada;LEI;9677;1998;(Redação dada pela Lei nº 9.677, de 2.7.1998);190621
272;;art. 272;Parte Especial;redacao dada;LEI;9677;1998;(Redação dada pela Lei nº 9.677, de 2.7.1998);190839
272;;art. 272;Parte Especial;redacao dada;LEI;9677;1998;(Redação dada pela Lei nº 9.677, de 2.7.1998);190942
272;;art. 272;Parte Especial;incluido;LEI;9677;1998;(Incluído pela Lei nº 9.677, de 2.7.1998);191232
272;;art. 272;Parte Especial;redacao dada;LEI;9677;1998;(Redação dada pela Lei nº 9.677, de 2.7.1998);191404
272;;art. 272;Parte Especial;redacao dada;LEI;9677;1998;(Redação dada pela Lei nº 9.677, de 2.7.1998);191498
272;;art. 272;Parte Especial;redacao dada;LEI;9677;1998;(Redação dada pela Lei nº 9.677, de 2.7.1998);191597
272;;art. 272;Parte Especial;redacao dada;LEI;9677;1998;(Redação dada pela Lei nº 9.677, de 2.7.1998);191748
273;;art. 273;Parte Especial;redacao dada;LEI;9677;1998;(Redação dada pela Lei nº 9.677, de 2.7.1998);191902
273;;art. 273;Parte Especial;redacao dada;LEI;9677;1998;(Redação dada pela Lei nº 9.677, de 2.7.1998);192006
273;;art. 273;Parte Especial;redacao dada;LEI;9677;1998;(Redação dada pela Lei nº 9.677, de 2.7.1998);192261
273;;art. 273;Parte Especial;incluido;LEI;9677;1998;(Incluído pela Lei nº 9.677, de 2.7.1998);192492
273;;art. 273;Parte Especial;incluido;LEI;9677;1998;(Incluído pela Lei nº 9.677, de 2.7.1998);192677
273;;art. 273;Parte Especial;incluido;LEI;9677;1998;(Incluído pela Lei nº 9.677, de 2.7.1998);192799
273;;art. 273;Parte Especial;incluido;LEI;9677;1998;(Incluído pela Lei nº 9.677, de 2.7.1998);192924
273;;art. 273;Parte Especial;incluido;LEI;9677;1998;(Incluído pela Lei nº 9.677, de 2.7.1998);193059
273;;art. 273;Parte Especial;incluido;LEI;9677;1998;(Incluído pela Lei nº 9.677, de 2.7.1998);193166
273;;art. 273;Parte Especial;incluido;LEI;9677;1998;(Incluído pela Lei nº 9.677, de 2.7.1998);193237
273;;art. 273;Parte Especial;incluido;LEI;9677;1998;(Incluído pela Lei nº 9.677, de 2.7.1998);193362
273;;art. 273;Parte Especial;redacao dada;LEI;9677;1998;(Redação dada pela Lei nº 9.677, de 2.7.1998);193505
274;;art. 274;Parte Especial;redacao dada;LEI;9677;1998;(Redação dada pela Lei nº 9.677, de 2.7.1998);193907
275;;art. 275;Parte Especial;redacao dada;LEI;9677;1998;(Redação dada pela Lei nº 9.677, de 2.7.1998);194219
275;;art. 275;Parte Especial;redacao dada;LEI;9677;1998;(Redação dada pela Lei nº 9.677, de 2.7.1998);194319
276;;art. 276;Parte Especial;redacao dada;LEI;9677;1998;(Redação dada pela Lei nº 9.677, de 2.7.1998);194630
277;;art. 277;Parte Especial;redacao dada;LEI;9677;1998;(Redação dada pela Lei nº 9.677, de 2.7.1998);194861
277;;art. 277;Parte Especial;redacao dada;LEI;9677;1998;(Redação dada pela Lei nº 9.677, de 2.7.1998);194961
279;;art. 279;Parte Especial;revogado;LEI;8137;1990;(Revogado pela Lei nº 8.137, de 27.12.1990);195434
280;;art. 280;Parte Especial;redacao dada;LEI;5726;1971;(Redação dada pela Lei nº 5.726, de 1971);195841
280;;art. 280;Parte Especial;revogado;LEI;6368;1976;(Revogado pela Lei nº 6.368, 1976);195883
281;;art. 281;Parte Especial;revogado;LEI;6368;1976;(Revogado pela Lei nº 6.368, 1976);195928
281;;art. 281;Parte Especial;redacao dada;LEI;15425;2026;(Redação dada pela Lei nº 15.425, de 2026);196045
282;;art. 282;Parte Especial;redacao dada;LEI;15425;2026;(Redação dada pela Lei nº 15.425, de 2026);196256
282;;art. 282;Parte Especial;redacao dada;LEI;15425;2026;(Redação dada pela Lei nº 15.425, de 2026);196351
282;;art. 282;Parte Especial;redacao dada;LEI;15425;2026;(Redação dada pela Lei nº 15.425, de 2026);196466
282;;art. 282;Parte Especial;incluido;LEI;15425;2026;(Incluído pela Lei nº 15.425, de 2026);196671
282;;art. 282;Parte Especial;incluido;LEI;15425;2026;(Incluído pela Lei nº 15.425, de 2026);196829
282;;art. 282;Parte Especial;incluido;LEI;15425;2026;(Incluído pela Lei nº 15.425, de 2026);197048
282;;art. 282;Parte Especial;incluido;LEI;15425;2026;(Incluído pela Lei nº 15.425, de 2026);197272
286;;art. 286;Parte Especial;incluido;LEI;14197;2021;(Incluído pela Lei nº 14.197, de 2021);198285
288;;art. 288;Parte Especial;redacao dada;LEI;12850;2013;(Redação dada pela Lei nº 12.850, de 2013);198608
288;;art. 288;Parte Especial;redacao dada;LEI;12850;2013;(Redação dada pela Lei nº 12.850, de 2013);198706
288;;art. 288;Parte Especial;incluido;LEI;15245;2025;(Incluído pela Lei nº 15.245, de 2025);198876
288;;art. 288;Parte Especial;incluido;LEI;15245;2025;(Incluído pela Lei nº 15.245, de 2025);199164
288;;art. 288;Parte Especial;incluido;LEI;12720;2012;(Incluído dada pela Lei nº 12.720, de 2012);199235
288;A;art. 288-A;Parte Especial;incluido;LEI;12720;2012;(Incluído dada pela Lei nº 12.720, de 2012);199479
288;A;art. 288-A;Parte Especial;incluido;LEI;12720;2012;(Incluído dada pela Lei nº 12.720, de 2012);199571
293;;art. 293;Parte Especial;redacao dada;LEI;11035;2004;(Redação dada pela Lei nº 11.035, de 2004);202378
293;;art. 293;Parte Especial;redacao dada;LEI;11035;2004;(Redação dada pela Lei nº 11.035, de 2004);203003
293;;art. 293;Parte Especial;incluido;LEI;11035;2004;(Incluído pela Lei nº 11.035, de 2004);203146
293;;art. 293;Parte Especial;incluido;LEI;11035;2004;(Incluído pela Lei nº 11.035, de 2004);203343
293;;art. 293;Parte Especial;incluido;LEI;11035;2004;(Incluído pela Lei nº 11.035, de 2004);203644
293;;art. 293;Parte Especial;incluido;LEI;11035;2004;(Incluído pela Lei nº 11.035, de 2004);203769
293;;art. 293;Parte Especial;incluido;LEI;11035;2004;(Incluído pela Lei nº 11.035, de 2004);203916
293;;art. 293;Parte Especial;incluido;LEI;11035;2004;(Incluído pela Lei nº 11.035, de 2004);204764
296;;art. 296;Parte Especial;incluido;LEI;9983;2000;(Incluído pela Lei nº 9.983, de 2000);205919
297;;art. 297;Parte Especial;incluido;LEI;9983;2000;(Incluído pela Lei nº 9.983, de 2000);206669
297;;art. 297;Parte Especial;incluido;LEI;9983;2000;(Incluído pela Lei nº 9.983, de 2000);206891
297;;art. 297;Parte Especial;incluido;LEI;9983;2000;(Incluído pela Lei nº 9.983, de 2000);207129
297;;art. 297;Parte Especial;incluido;LEI;9983;2000;(Incluído pela Lei nº 9.983, de 2000);207359
297;;art. 297;Parte Especial;incluido;LEI;9983;2000;(Incluído pela Lei nº 9.983, de 2000);207597
297;;art. 297;Parte Especial;redacao dada;LEI;12737;2012;(Redação dada pela Lei nº 12.737, de 2012);207672
298;;art. 298;Parte Especial;incluido;LEI;12737;2012;(Incluído pela Lei nº 12.737, de 2012);207902
298;;art. 298;Parte Especial;incluido;LEI;12737;2012;(Incluído pela Lei nº 12.737, de 2012);208066
309;;art. 309;Parte Especial;incluido;LEI;9426;1996;(Incluído pela Lei nº 9.426, de 1996);212600
309;;art. 309;Parte Especial;incluido;LEI;9426;1996;(Incluído pela Lei nº 9.426, de 1996);212685
310;;art. 310;Parte Especial;redacao dada;LEI;9426;1996;(Redação dada pela Lei nº 9.426, de 1996);212918
310;;art. 310;Parte Especial;redacao dada;LEI;9426;1996;(Redação dada pela Lei nº 9.426, de 1996);213013
310;;art. 310;Parte Especial;redacao dada;LEI;14562;2023;(Redação dada pela Lei nº 14.562, de 2023);213101
311;;art. 311;Parte Especial;redacao dada;LEI;14562;2023;(Redação dada pela Lei nº 14.562, de 2023);213454
311;;art. 311;Parte Especial;redacao dada;LEI;9426;1996;(Redação dada pela Lei nº 9.426, de 1996);213544
311;;art. 311;Parte Especial;incluido;LEI;9426;1996;(Incluído pela Lei nº 9.426, de 1996);213701
311;;art. 311;Parte Especial;redacao dada;LEI;14562;2023;(Redação dada pela Lei nº 14.562, de 2023);213793
311;;art. 311;Parte Especial;incluido;LEI;14562;2023;(Incluído pela Lei nº 14.562, de 2023);214002
311;;art. 311;Parte Especial;incluido;LEI;14562;2023;(Incluído pela Lei nº 14.562, de 2023);214317
311;;art. 311;Parte Especial;incluido;LEI;14562;2023;(Incluído pela Lei nº 14.562, de 2023);214789
311;;art. 311;Parte Especial;incluido;LEI;14562;2023;(Incluído pela Lei nº 14.562, de 2023);214961
311;;art. 311;Parte Especial;incluido;LEI;14562;2023;(Incluído pela Lei nº 14.562, de 2023);215057
311;;art. 311;Parte Especial;incluido;LEI;14562;2023;(Incluído pela Lei nº 14.562, de 2023);215276
311;;art. 311;Parte Especial;incluido;LEI;12550;2011;(Incluído pela Lei 12.550. de 2011);215326
311;;art. 311;Parte Especial;incluido;LEI;12550;2011;(Incluído pela Lei 12.550. de 2011);215407
311;;art. 311;Parte Especial;incluido;LEI;12550;2011;(Incluído pela Lei 12.550. de 2011);215484
311;A;art. 311-A;Parte Especial;incluido;LEI;12550;2011;(Incluído pela Lei 12.550. de 2011);215679
311;A;art. 311-A;Parte Especial;incluido;LEI;12550;2011;(Incluído pela Lei 12.550. de 2011);215737
311;A;art. 311-A;Parte Especial;incluido;LEI;12550;2011;(Incluído pela Lei 12.550. de 2011);215807
311;A;art. 311-A;Parte Especial;incluido;LEI;12550;2011;(Incluído pela Lei 12.550. de 2011);215904
311;A;art. 311-A;Parte Especial;incluido;LEI;12550;2011;(Incluído pela Lei 12.550. de 2011);215990
311;A;art. 311-A;Parte Especial;incluido;LEI;12550;2011;(Incluído pela Lei 12.550. de 2011);216081
311;A;art. 311-A;Parte Especial;incluido;LEI;12550;2011;(Incluído pela Lei 12.550. de 2011);216267
311;A;art. 311-A;Parte Especial;incluido;LEI;12550;2011;(Incluído pela Lei 12.550. de 2011);216369
311;A;art. 311-A;Parte Especial;incluido;LEI;12550;2011;(Incluído pela Lei 12.550. de 2011);216460
311;A;art. 311-A;Parte Especial;incluido;LEI;12550;2011;(Incluído pela Lei 12.550. de 2011);216584
313;;art. 313;Parte Especial;incluido;LEI;9983;2000;(Incluído pela Lei nº 9.983, de 2000);217823
313;A;art. 313-A;Parte Especial;incluido;LEI;9983;2000;(Incluído pela Lei nº 9.983, de 2000);218150
313;A;art. 313-A;Parte Especial;incluido;LEI;9983;2000;(Incluído pela Lei nº 9.983, de 2000);218251
313;A;art. 313-A;Parte Especial;incluido;LEI;9983;2000;(Incluído pela Lei nº 9.983, de 2000);218355
313;B;art. 313-B;Parte Especial;incluido;LEI;9983;2000;(Incluído pela Lei nº 9.983, de 2000);218549
313;B;art. 313-B;Parte Especial;incluido;LEI;9983;2000;(Incluído pela Lei nº 9.983, de 2000);218653
313;B;art. 313-B;Parte Especial;incluido;LEI;9983;2000;(Incluído pela Lei nº 9.983, de 2000);218854
316;;art. 316;Parte Especial;redacao dada;LEI;13964;2019;(Redação dada pela Lei nº 13.964, de 2019);219577
316;;art. 316;Parte Especial;redacao dada;LEI;8137;1990;(Redação dada pela Lei nº 8.137, de 27.12.1990);219825
316;;art. 316;Parte Especial;redacao dada;LEI;8137;1990;(Redação dada pela Lei nº 8.137, de 27.12.1990);219928
317;;art. 317;Parte Especial;redacao dada;LEI;10763;2003;(Redação dada pela Lei nº 10.763, de 12.11.2003);220436
318;;art. 318;Parte Especial;redacao dada;LEI;8137;1990;(Redação dada pela Lei nº 8.137, de 27.12.1990);221082
319;A;art. 319-A;Parte Especial;incluido;LEI;11466;2007;(Incluído pela Lei nº 11.466, de 2007);221610
325;;art. 325;Parte Especial;incluido;LEI;9983;2000;(Incluído pela Lei nº 9.983, de 2000);223470
325;;art. 325;Parte Especial;incluido;LEI;9983;2000;(Incluído pela Lei nº 9.983, de 2000);223725
325;;art. 325;Parte Especial;incluido;LEI;9983;2000;(Incluído pela Lei nº 9.983, de 2000);223820
325;;art. 325;Parte Especial;incluido;LEI;9983;2000;(Incluído pela Lei nº 9.983, de 2000);223936
325;;art. 325;Parte Especial;incluido;LEI;9983;2000;(Incluído pela Lei nº 9.983, de 2000);224034
327;;art. 327;Parte Especial;incluido;LEI;9983;2000;(Incluído pela Lei nº 9.983, de 2000);224707
327;;art. 327;Parte Especial;incluido;LEI;6799;1980;(Incluído pela Lei nº 6.799, de 1980);225045
331;;art. 331;Parte Especial;redacao dada;LEI;9127;1995;(Redação dada pela Lei nº 9.127, de 1995);226089
332;;art. 332;Parte Especial;redacao dada;LEI;9127;1995;(Redação dada pela Lei nº 9.127, de 1995);226323
332;;art. 332;Parte Especial;redacao dada;LEI;9127;1995;(Redação dada pela Lei nº 9.127, de 1995);226421
332;;art. 332;Parte Especial;redacao dada;LEI;9127;1995;(Redação dada pela Lei nº 9.127, de 1995);226590
333;;art. 333;Parte Especial;redacao dada;LEI;10763;2003;(Redação dada pela Lei nº 10.763, de 12.11.2003);226846
334;;art. 334;Parte Especial;redacao dada;LEI;13008;2014;(Redação dada pela Lei nº 13.008, de 26.6.2014);227217
334;;art. 334;Parte Especial;redacao dada;LEI;13008;2014;(Redação dada pela Lei nº 13.008, de 26.6.2014);227311
334;;art. 334;Parte Especial;redacao dada;LEI;13008;2014;(Redação dada pela Lei nº 13.008, de 26.6.2014);227393
334;;art. 334;Parte Especial;redacao dada;LEI;13008;2014;(Redação dada pela Lei nº 13.008, de 26.6.2014);227511
334;;art. 334;Parte Especial;redacao dada;LEI;13008;2014;(Redação dada pela Lei nº 13.008, de 26.6.2014);227620
334;;art. 334;Parte Especial;redacao dada;LEI;13008;2014;(Redação dada pela Lei nº 13.008, de 26.6.2014);228058
334;;art. 334;Parte Especial;redacao dada;LEI;13008;2014;(Redação dada pela Lei nº 13.008, de 26.6.2014);228348
334;;art. 334;Parte Especial;redacao dada;LEI;13008;2014;(Redação dada pela Lei nº 13.008, de 26.6.2014);228588
334;;art. 334;Parte Especial;redacao dada;LEI;13008;2014;(Redação dada pela Lei nº 13.008, de 26.6.2014);228747
334;A;art. 334-A;Parte Especial;incluido;LEI;13008;2014;(Incluído pela Lei nº 13.008, de 26.6.2014);228861
334;A;art. 334-A;Parte Especial;incluido;LEI;13008;2014;(Incluído pela Lei nº 13.008, de 26.6.2014);228953
334;A;art. 334-A;Parte Especial;incluido;LEI;13008;2014;(Incluído pela Lei nº 13.008, de 26.6.2014);229031
334;A;art. 334-A;Parte Especial;incluido;LEI;13008;2014;(Incluído pela Lei nº 13.008, de 26.6.2014);229136
334;A;art. 334-A;Parte Especial;incluido;LEI;13008;2014;(Incluído pela Lei nº 13.008, de 26.6.2014);229309
334;A;art. 334-A;Parte Especial;incluido;LEI;13008;2014;(Incluído pela Lei nº 13.008, de 26.6.2014);229437
334;A;art. 334-A;Parte Especial;incluido;LEI;13008;2014;(Incluído pela Lei nº 13.008, de 26.6.2014);229681
334;A;art. 334-A;Parte Especial;incluido;LEI;13008;2014;(Incluído pela Lei nº 13.008, de 26.6.2014);229879
334;A;art. 334-A;Parte Especial;incluido;LEI;4729;1965;(Incluído pela Lei nº 4.729, de 14.7.1965);230116
334;A;art. 334-A;Parte Especial;incluido;LEI;13008;2014;(Incluído pela Lei nº 13.008, de 26.6.2014);230271
337;;art. 337;Parte Especial;incluido;LEI;9983;2000;(Incluído pela Lei nº 9.983, de 2000);231585
337;A;art. 337-A;Parte Especial;incluido;LEI;9983;2000;(Incluído pela Lei nº 9.983, de 2000);231744
337;A;art. 337-A;Parte Especial;incluido;LEI;9983;2000;(Incluído pela Lei nº 9.983, de 2000);232025
337;A;art. 337-A;Parte Especial;incluido;LEI;9983;2000;(Incluído pela Lei nº 9.983, de 2000);232248
337;A;art. 337-A;Parte Especial;incluido;LEI;9983;2000;(Incluído pela Lei nº 9.983, de 2000);232458
337;A;art. 337-A;Parte Especial;incluido;LEI;9983;2000;(Incluído pela Lei nº 9.983, de 2000);232557
337;A;art. 337-A;Parte Especial;incluido;LEI;9983;2000;(Incluído pela Lei nº 9.983, de 2000);232844
337;A;art. 337-A;Parte Especial;incluido;LEI;9983;2000;(Incluído pela Lei nº 9.983, de 2000);233023
337;A;art. 337-A;Parte Especial;incluido;LEI;9983;2000;(Incluído pela Lei nº 9.983, de 2000);233079
337;A;art. 337-A;Parte Especial;incluido;LEI;9983;2000;(Incluído pela Lei nº 9.983, de 2000);233339
337;A;art. 337-A;Parte Especial;incluido;LEI;9983;2000;(Incluído pela Lei nº 9.983, de 2000);233598
337;A;art. 337-A;Parte Especial;incluido;LEI;9983;2000;(Incluído pela Lei nº 9.983, de 2000);233791
337;A;art. 337-A;Parte Especial;incluido;LEI COMPLEMENTAR;225;2026;(Incluído pela Lei Complementar nº 225, de 2026);234128
337;A;art. 337-A;Parte Especial;incluido;LEI COMPLEMENTAR;225;2026;(Incluído pela Lei Complementar nº 225, de 2026);234359
337;A;art. 337-A;Parte Especial;incluido;LEI;10467;2002;(Incluído pela Lei nº 10.467, de 11.6.2002);234422
337;B;art. 337-B;Parte Especial;incluido;LEI;10467;2002;(Incluído pela Lei nº 10.467, de 11.6.2002);234850
337;B;art. 337-B;Parte Especial;incluido;LEI;10467;2002;(Incluído pela Lei nº 10.467, de 11.6.2002);234952
337;B;art. 337-B;Parte Especial;incluido;LEI;10467;2002;(Incluído pela Lei nº 10467, de 11.6.2002);235199
337;B;art. 337-B;Parte Especial;incluido;LEI;10467;2002;(Incluído pela Lei nº 10.467, de 11.6.2002);235301
337;C;art. 337-C;Parte Especial;incluido;LEI;10467;2002;(Incluído pela Lei nº 10.467, de 11.6.2002);235629
337;C;art. 337-C;Parte Especial;incluido;LEI;10467;2002;(Incluído pela Lei nº 10.467, de 11.6.2002);235734
337;C;art. 337-C;Parte Especial;incluido;LEI;10467;2002;(Incluído pela Lei nº 10467, de 11.6.2002);235915
337;C;art. 337-C;Parte Especial;incluido;LEI;10467;2002;(Incluído pela Lei nº 10.467, de 11.6.2002);235990
337;D;art. 337-D;Parte Especial;incluido;LEI;10467;2002;(Incluído pela Lei nº 10.467, de 11.6.2002);236286
337;D;art. 337-D;Parte Especial;incluido;LEI;10467;2002;(Incluído pela Lei nº 10.467, de 11.6.2002);236568
337;D;art. 337-D;Parte Especial;incluido;LEI;14133;2021;(Incluído pela Lei nº 14.133, de 2021);236679
337;D;art. 337-D;Parte Especial;incluido;LEI;14133;2021;(Incluído pela Lei nº 14.133, de 2021);236744
337;E;art. 337-E;Parte Especial;incluido;LEI;14133;2021;(Incluído pela Lei nº 14.133, de 2021);236888
337;E;art. 337-E;Parte Especial;incluido;LEI;14133;2021;(Incluído pela Lei nº 14.133, de 2021);236984
337;E;art. 337-E;Parte Especial;incluido;LEI;14133;2021;(Incluído pela Lei nº 14.133, de 2021);237070
337;F;art. 337-F;Parte Especial;incluido;LEI;14133;2021;(Incluído pela Lei nº 14.133, de 2021);237295
337;F;art. 337-F;Parte Especial;incluido;LEI;14133;2021;(Incluído pela Lei nº 14.133, de 2021);237396
337;F;art. 337-F;Parte Especial;incluido;LEI;14133;2021;(Incluído pela Lei nº 14.133, de 2021);237470
337;G;art. 337-G;Parte Especial;incluido;LEI;14133;2021;(Incluído pela Lei nº 14.133, de 2021);237737
337;G;art. 337-G;Parte Especial;incluido;LEI;14133;2021;(Incluído pela Lei nº 14.133, de 2021);237837
337;G;art. 337-G;Parte Especial;incluido;LEI;14133;2021;(Incluído pela Lei nº 14.133, de 2021);237938
337;H;art. 337-H;Parte Especial;incluido;LEI;14133;2021;(Incluído pela Lei nº 14.133, de 2021);238365
337;H;art. 337-H;Parte Especial;incluido;LEI;14133;2021;(Incluído pela Lei nº 14.133, de 2021);238466
337;H;art. 337-H;Parte Especial;incluido;LEI;14133;2021;(Incluído pela Lei nº 14.133, de 2021);238541
337;I;art. 337-I;Parte Especial;incluido;LEI;14133;2021;(Incluído pela Lei nº 14.133, de 2021);238676
337;I;art. 337-I;Parte Especial;incluido;LEI;14133;2021;(Incluído pela Lei nº 14.133, de 2021);238776
337;I;art. 337-I;Parte Especial;incluido;LEI;14133;2021;(Incluído pela Lei nº 14.133, de 2021);238847
337;J;art. 337-J;Parte Especial;incluido;LEI;14133;2021;(Incluído pela Lei nº 14.133, de 2021);239015
337;J;art. 337-J;Parte Especial;incluido;LEI;14133;2021;(Incluído pela Lei nº 14.133, de 2021);239114
337;J;art. 337-J;Parte Especial;incluido;LEI;14133;2021;(Incluído pela Lei nº 14.133, de 2021);239178
337;K;art. 337-K;Parte Especial;incluido;LEI;14133;2021;(Incluído pela Lei nº 14.133, de 2021);239355
337;K;art. 337-K;Parte Especial;incluido;LEI;14133;2021;(Incluído pela Lei nº 14.133, de 2021);239496
337;K;art. 337-K;Parte Especial;incluido;LEI;14133;2021;(Incluído pela Lei nº 14.133, de 2021);239643
337;K;art. 337-K;Parte Especial;incluido;LEI;14133;2021;(Incluído pela Lei nº 14.133, de 2021);239714
337;L;art. 337-L;Parte Especial;incluido;LEI;14133;2021;(Incluído pela Lei nº 14.133, de 2021);239861
337;L;art. 337-L;Parte Especial;incluido;LEI;14133;2021;(Incluído pela Lei nº 14.133, de 2021);240048
337;L;art. 337-L;Parte Especial;incluido;LEI;14133;2021;(Incluído pela Lei nº 14.133, de 2021);240233
337;L;art. 337-L;Parte Especial;incluido;LEI;14133;2021;(Incluído pela Lei nº 14.133, de 2021);240315
337;L;art. 337-L;Parte Especial;incluido;LEI;14133;2021;(Incluído pela Lei nº 14.133, de 2021);240447
337;L;art. 337-L;Parte Especial;incluido;LEI;14133;2021;(Incluído pela Lei nº 14.133, de 2021);240619
337;L;art. 337-L;Parte Especial;incluido;LEI;14133;2021;(Incluído pela Lei nº 14.133, de 2021);240720
337;L;art. 337-L;Parte Especial;incluido;LEI;14133;2021;(Incluído pela Lei nº 14.133, de 2021);240780
337;M;art. 337-M;Parte Especial;incluido;LEI;14133;2021;(Incluído pela Lei nº 14.133, de 2021);240895
337;M;art. 337-M;Parte Especial;incluido;LEI;14133;2021;(Incluído pela Lei nº 14.133, de 2021);240991
337;M;art. 337-M;Parte Especial;incluido;LEI;14133;2021;(Incluído pela Lei nº 14.133, de 2021);241101
337;M;art. 337-M;Parte Especial;incluido;LEI;14133;2021;(Incluído pela Lei nº 14.133, de 2021);241200
337;M;art. 337-M;Parte Especial;incluido;LEI;14133;2021;(Incluído pela Lei nº 14.133, de 2021);241469
337;M;art. 337-M;Parte Especial;incluido;LEI;14133;2021;(Incluído pela Lei nº 14.133, de 2021);241529
337;N;art. 337-N;Parte Especial;incluido;LEI;14133;2021;(Incluído pela Lei nº 14.133, de 2021);241778
337;N;art. 337-N;Parte Especial;incluido;LEI;14133;2021;(Incluído pela Lei nº 14.133, de 2021);241878
337;N;art. 337-N;Parte Especial;incluido;LEI;14133;2021;(Incluído pela Lei nº 14.133, de 2021);241971
337;O;art. 337-O;Parte Especial;incluido;LEI;14133;2021;(Incluído pela Lei nº 14.133, de 2021);242458
337;O;art. 337-O;Parte Especial;incluido;LEI;14133;2021;(Incluído pela Lei nº 14.133, de 2021);242558
337;O;art. 337-O;Parte Especial;incluido;LEI;14133;2021;(Incluído pela Lei nº 14.133, de 2021);243000
337;O;art. 337-O;Parte Especial;incluido;LEI;14133;2021;(Incluído pela Lei nº 14.133, de 2021);243197
337;P;art. 337-P;Parte Especial;incluido;LEI;14133;2021;(Incluído pela Lei nº 14.133, de 2021);243479
338;;art. 338;Parte Especial;incluido;LEI;15280;2025;(Incluído pela Lei nº 15.280, de 2025);243837
338;A;art. 338-A;Parte Especial;incluido;LEI;15280;2025;(Incluído pela Lei nº 15.280, de 2025);243959
338;A;art. 338-A;Parte Especial;incluido;LEI;15280;2025;(Incluído pela Lei nº 15.280, de 2025);244054
338;A;art. 338-A;Parte Especial;incluido;LEI;15280;2025;(Incluído pela Lei nº 15.280, de 2025);244197
338;A;art. 338-A;Parte Especial;incluido;LEI;15280;2025;(Incluído pela Lei nº 15.280, de 2025);244328
338;A;art. 338-A;Parte Especial;incluido;LEI;15280;2025;(Incluído pela Lei nº 15.280, de 2025);244447
339;;art. 339;Parte Especial;redacao dada;LEI;14110;2020;(Redação dada pela Lei nº 14.110, de 2020);244836
342;;art. 342;Parte Especial;redacao dada;LEI;10268;2001;(Redação dada pela Lei nº 10.268, de 28.8.2001);245728
342;;art. 342;Parte Especial;redacao dada;LEI;12850;2013;(Redação dada pela Lei nº 12.850, de 2013);245833
342;;art. 342;Parte Especial;redacao dada;LEI;10268;2001;(Redação dada pela Lei nº 10.268, de 28.8.2001);246157
342;;art. 342;Parte Especial;redacao dada;LEI;10268;2001;(Redação dada pela Lei nº 10.268, de 28.8.2001);246341
343;;art. 343;Parte Especial;redacao dada;LEI;10268;2001;(Redação dada pela Lei nº 10.268, de 28.8.2001);246631
343;;art. 343;Parte Especial;redacao dada;LEI;10268;2001;(Redação dada pela Lei nº 10.268, de 28.8.2001);246728
343;;art. 343;Parte Especial;redacao dada;LEI;10268;2001;(Redação dada pela Lei nº 10.268, de 28.8.2001);247023
344;;art. 344;Parte Especial;incluido;LEI;14245;2021;(Incluído pela Lei nº 14.245, de 2021);247567
349;A;art. 349-A;Parte Especial;incluido;LEI;12012;2009;(Incluído pela Lei nº 12.012, de 2009);249313
349;A;art. 349-A;Parte Especial;incluido;LEI;12012;2009;(Incluído pela Lei nº 12.012, de 2009);249401
350;;art. 350;Parte Especial;revogado;LEI;13869;2019;(Revogado pela Lei nº 13.869, de 2019);249491
359;;art. 359;Parte Especial;incluido;LEI;10028;2000;(Incluído pela Lei nº 10.028, de 2000);252677
359;A;art. 359-A;Parte Especial;incluido;LEI;10028;2000;(Incluído pela Lei nº 10.028, de 2000);252871
359;A;art. 359-A;Parte Especial;incluido;LEI;10028;2000;(Incluído pela Lei nº 10.028, de 2000);252959
359;A;art. 359-A;Parte Especial;incluido;LEI;10028;2000;(Incluído pela Lei nº 10.028, de 2000);253110
359;A;art. 359-A;Parte Especial;incluido;LEI;10028;2000;(Incluído pela Lei nº 10.028, de 2000);253263
359;A;art. 359-A;Parte Especial;incluido;LEI;10028;2000;(Incluído pela Lei nº 10.028, de 2000);253399
359;A;art. 359-A;Parte Especial;incluido;LEI;10028;2000;(Incluído pela Lei nº 10.028, de 2000);253493
359;B;art. 359-B;Parte Especial;incluido;LEI;10028;2000;(Incluído pela Lei nº 10.028, de 2000);253690
359;B;art. 359-B;Parte Especial;incluido;LEI;10028;2000;(Incluído pela Lei nº 10.028, de 2000);253786
359;B;art. 359-B;Parte Especial;incluido;LEI;10028;2000;(Incluído pela Lei nº 10.028, de 2000);253887
359;C;art. 359-C;Parte Especial;incluido;LEI;10028;2000;(Incluído pela Lei nº 10.028, de 2000);254243
359;C;art. 359-C;Parte Especial;incluido;LEI;10028;2000;(Incluído pela Lei nº 10.028, de 2000);254328
359;C;art. 359-C;Parte Especial;incluido;LEI;10028;2000;(Incluído pela Lei nº 10.028, de 2000);254403
359;D;art. 359-D;Parte Especial;incluido;LEI;10028;2000;(Incluído pela Lei nº 10.028, de 2000);254494
359;D;art. 359-D;Parte Especial;incluido;LEI;10028;2000;(Incluído pela Lei nº 10.028, de 2000);254584
359;D;art. 359-D;Parte Especial;incluido;LEI;10028;2000;(Incluído pela Lei nº 10.028, de 2000);254654
359;E;art. 359-E;Parte Especial;incluido;LEI;10028;2000;(Incluído pela Lei nº 10.028, de 2000);254866
359;E;art. 359-E;Parte Especial;incluido;LEI;10028;2000;(Incluído pela Lei nº 10.028, de 2000);254959
359;E;art. 359-E;Parte Especial;incluido;LEI;10028;2000;(Incluído pela Lei nº 10.028, de 2000);255033
359;F;art. 359-F;Parte Especial;incluido;LEI;10028;2000;(Incluído pela Lei nº 10.028, de 2000);255224
359;F;art. 359-F;Parte Especial;incluido;LEI;10028;2000;(Incluído pela Lei nº 10.028, de 2000);255320
359;F;art. 359-F;Parte Especial;incluido;LEI;10028;2000;(Incluído pela Lei nº 10.028, de 2000);255436
359;G;art. 359-G;Parte Especial;incluido;LEI;10028;2000;(Incluído pela Lei nº 10.028, de 2000);255648
359;G;art. 359-G;Parte Especial;incluido;LEI;10028;2000;(Incluído pela Lei nº 10.028, de 2000);255740
359;G;art. 359-G;Parte Especial;incluido;LEI;10028;2000;(Incluído pela Lei nº 10.028, de 2000);255829
359;H;art. 359-H;Parte Especial;incluido;LEI;10028;2000;(Incluído pela Lei nº 10.028, de 2000);256114
359;H;art. 359-H;Parte Especial;incluido;LEI;10028;2000;(Incluído pela Lei nº 10.028, de 2000);256204
359;H;art. 359-H;Parte Especial;incluido;LEI;14197;2021;(Incluído pela Lei nº 14.197, de 2021);256254
359;H;art. 359-H;Parte Especial;incluido;LEI;14197;2021;(Incluído pela Lei nº 14.197, de 2021);256365
359;H;art. 359-H;Parte Especial;incluido;LEI;14197;2021;(Incluído pela Lei nº 14.197, de 2021);256475
359;I;art. 359-I;Parte Especial;incluido;LEI;14197;2021;(Incluído pela Lei nº 14.197, de 2021);256670
359;I;art. 359-I;Parte Especial;incluido;LEI;14197;2021;(Incluído pela Lei nº 14.197, de 2021);256766
359;I;art. 359-I;Parte Especial;incluido;LEI;14197;2021;(Incluído pela Lei nº 14.197, de 2021);256943
359;I;art. 359-I;Parte Especial;incluido;LEI;14197;2021;(Incluído pela Lei nº 14.197, de 2021);257140
359;I;art. 359-I;Parte Especial;incluido;LEI;14197;2021;(Incluído pela Lei nº 14.197, de 2021);257239
359;I;art. 359-I;Parte Especial;incluido;LEI;14197;2021;(Incluído pela Lei nº 14.197, de 2021);257321
359;J;art. 359-J;Parte Especial;incluido;LEI;14197;2021;(Incluído pela Lei nº 14.197, de 2021);257513
359;J;art. 359-J;Parte Especial;incluido;LEI;14197;2021;(Incluído pela Lei nº 14.197, de 2021);257650
359;J;art. 359-J;Parte Especial;incluido;LEI;14197;2021;(Incluído pela Lei nº 14.197, de 2021);257711
359;K;art. 359-K;Parte Especial;incluido;LEI;14197;2021;(Incluído pela Lei nº 14.197, de 2021);258105
359;K;art. 359-K;Parte Especial;incluido;LEI;14197;2021;(Incluído pela Lei nº 14.197, de 2021);258202
359;K;art. 359-K;Parte Especial;incluido;LEI;14197;2021;(Incluído pela Lei nº 14.197, de 2021);258386
359;K;art. 359-K;Parte Especial;incluido;LEI;14197;2021;(Incluído pela Lei nº 14.197, de 2021);258535
359;K;art. 359-K;Parte Especial;incluido;LEI;14197;2021;(Incluído pela Lei nº 14.197, de 2021);258634
359;K;art. 359-K;Parte Especial;incluido;LEI;14197;2021;(Incluído pela Lei nº 14.197, de 2021);258904
359;K;art. 359-K;Parte Especial;incluido;LEI;14197;2021;(Incluído pela Lei nº 14.197, de 2021);259000
359;K;art. 359-K;Parte Especial;incluido;LEI;14197;2021;(Incluído pela Lei nº 14.197, de 2021);259221
359;K;art. 359-K;Parte Especial;incluido;LEI;14197;2021;(Incluído pela Lei nº 14.197, de 2021);259283
359;K;art. 359-K;Parte Especial;incluido;LEI;14197;2021;(Incluído pela Lei nº 14.197, de 2021);259431
359;L;art. 359-L;Parte Especial;incluido;LEI;14197;2021;(Incluído pela Lei nº 14.197, de 2021);259650
359;L;art. 359-L;Parte Especial;incluido;LEI;14197;2021;(Incluído pela Lei nº 14.197, de 2021);259789
359;L;art. 359-L;Parte Especial;incluido;LEI;14197;2021;(Incluído pela Lei nº 14.197, de 2021);259855
359;M;art. 359-M;Parte Especial;incluido;LEI;14197;2021;(Incluído pela Lei nº 14.197, de 2021);260007
359;M;art. 359-M;Parte Especial;incluido;LEI;14197;2021;(Incluído pela Lei nº 14.197, de 2021);260147
359;M;art. 359-M;Parte Especial;incluido;LEI;15402;2026;(Incluído pela Lei nº 15.402, de 2026);260547
359;M;art. 359-M;Parte Especial;incluido;LEI;15402;2026;(Incluído pela Lei nº 15.402, de 2026);260836
359;M;art. 359-M;Parte Especial;incluido;LEI;14197;2021;(Incluído pela Lei nº 14.197, de 2021);260888
359;M;art. 359-M;Parte Especial;incluido;LEI;14197;2021;(Incluído pela Lei nº 14.197, de 2021);261058
359;N;art. 359-N;Parte Especial;incluido;LEI;14197;2021;(Incluído pela Lei nº 14.197, de 2021);261307
359;N;art. 359-N;Parte Especial;incluido;LEI;14197;2021;(Incluído pela Lei nº 14.197, de 2021);261412
359;N;art. 359-N;Parte Especial;incluido;LEI;14197;2021;(Incluído pela Lei nº 14.197, de 2021);261471
359;O;art. 359-O;Parte Especial;incluido;LEI;14197;2021;(Incluído pela Lei nº 14.197, de 2021);261543
359;O;art. 359-O;Parte Especial;incluido;LEI;14197;2021;(Incluído pela Lei nº 14.197, de 2021);261612
359;P;art. 359-P;Parte Especial;incluido;LEI;14197;2021;(Incluído pela Lei nº 14.197, de 2021);261891
359;P;art. 359-P;Parte Especial;incluido;LEI;14197;2021;(Incluído pela Lei nº 14.197, de 2021);262037
359;P;art. 359-P;Parte Especial;incluido;LEI;14197;2021;(Incluído pela Lei nº 14.197, de 2021);262096
359;Q;art. 359-Q;Parte Especial;incluido;LEI;14197;2021;(Incluído pela Lei nº 14.197, de 2021);262168
359;Q;art. 359-Q;Parte Especial;incluido;LEI;14197;2021;(Incluído pela Lei nº 14.197, de 2021);262230
359;Q;art. 359-Q;Parte Especial;incluido;LEI;14197;2021;(Incluído pela Lei nº 14.197, de 2021);262348
359;R;art. 359-R;Parte Especial;incluido;LEI;14197;2021;(Incluído pela Lei nº 14.197, de 2021);262591
359;R;art. 359-R;Parte Especial;incluido;LEI;14197;2021;(Incluído pela Lei nº 14.197, de 2021);262687
359;R;art. 359-R;Parte Especial;incluido;LEI;14197;2021;(Incluído pela Lei nº 14.197, de 2021);262748
359;R;art. 359-R;Parte Especial;incluido;LEI;14197;2021;(Incluído pela Lei nº 14.197, de 2021);262807
359;R;art. 359-R;Parte Especial;incluido;LEI;14197;2021;(Incluído pela Lei nº 14.197, de 2021);262869
359;T;art. 359-T;Parte Especial;incluido;LEI;14197;2021;(Incluído pela Lei nº 14.197, de 2021);263270
359;T;art. 359-T;Parte Especial;incluido;LEI;14197;2021;(Incluído pela Lei nº 14.197, de 2021);263329
359;U;art. 359-U;Parte Especial;incluido;LEI;14197;2021;(Incluído pela Lei nº 14.197, de 2021);263402
