arquivo;norma;data_no_nome;publicacoes;proposicao_originaria;situacao;fecho;sancionou;referendaram;qtd_referendas;tem_secao_veto;tem_promulgacao_de_vetos;promulgou_vetos;campo_veto_da_ficha;secoes_presentes
1941\1941-12-09_decreto-lei-3914.md;Decreto-Lei nº 3.914, de 9 de dezembro de 1941;1941-12-09;Ficha: Diário Oficial da União - Seção 1 - 11/12/1941, Página 23033 (Publicação Original) || Ficha: Coleção de Leis do Brasil - 1941, Página 612 Vol. 7 (Publicação Original) || Publicacao Original: Diário Oficial da União - Seção 1 - 11/12/1941, Página 23033 (Publicação Original) || Publicacao Original: Coleção de Leis do Brasil - 1941, Página 612 Vol. 7 (Publicação Original);;Não consta revogação expressa;;;;0;False;False;;;Ficha, Publicacao Original
1943\1943-01-21_decreto-lei-5214.md;Decreto-Lei nº 5.214, de 21 de janeiro de 1943;1943-01-21;Ficha: Diário Oficial da União - Seção 1 - 25/1/1943, Página 1057 (Publicação Original) || Publicacao Original: Diário Oficial da União - Seção 1 - 25/1/1943, Página 1057 (Publicação Original);;Não consta revogação expressa;;;;0;False;False;;;Ficha, Publicacao Original
1951\1951-09-12_lei-1431.md;Lei Ordinária nº 1.431, de 12 de setembro de 1951;1951-09-12;Ficha: Diário Oficial da União - Seção 1 - 14/9/1951, Página 13689 (Publicação Original) || Ficha: Coleção de Leis do Brasil - 1951, Página 36 Vol. 5 (Publicação Original) || Ficha: Diário Oficial da União - Seção 1 - 11/10/1951, Página 15090 (Retificação) || Publicacao Original: Diário Oficial da União - Seção 1 - 14/9/1951, Página 13689 (Publicação Original) || Publicacao Original: Coleção de Leis do Brasil - 1951, Página 36 Vol. 5 (Publicação Original) || Retificacao: Diário Oficial da União - Seção 1 - 11/10/1951, Página 15090 (Retificação);PL 1254/1948;Não consta revogação expressa;;;;0;False;False;;;Ficha, Publicacao Original, Retificacao
1955\1955-06-11_lei-2505.md;Lei Ordinária nº 2.505, de 11 de junho de 1955;1955-06-11;Ficha: Diário Oficial da União - Seção 1 - 16/6/1955, Página 11801 (Publicação Original) || Ficha: Coleção de Leis do Brasil - 1955, Página 43 Vol. 3 (Publicação Original) || Publicacao Original: Diário Oficial da União - Seção 1 - 16/6/1955, Página 11801 (Publicação Original) || Publicacao Original: Coleção de Leis do Brasil - 1955, Página 43 Vol. 3 (Publicação Original);PL 1440/1951;Não consta revogação expressa;"Rio de Janeiro, em 11 de junho de 1955; 134º da Independência e 67º da República";JOÃO CAFÉ FILHO;Prado Kelly;1;False;False;;;Ficha, Publicacao Original
1956\1956-10-01_lei-2889.md;Lei Ordinária nº 2.889, de 1º de outubro de 1956;1956-10-01;Ficha: Diário Oficial da União - Seção 1 - 2/10/1956, Página 18673 (Publicação Original) || Ficha: Coleção de Leis do Brasil - 1956, Página 16 Vol. 7 (Publicação Original) || Ficha: Diário Oficial da União - Seção 1 - 8/10/1956, Página 19131 (Retificação) || Publicacao Original: Diário Oficial da União - Seção 1 - 2/10/1956, Página 18673 (Publicação Original) || Publicacao Original: Coleção de Leis do Brasil - 1956, Página 16 Vol. 7 (Publicação Original) || Retificacao: Diário Oficial da União - Seção 1 - 8/10/1956, Página 19131 (Retificação);PL 249/1951;Não consta revogação expressa;"Rio de Janeiro, em 1 de outubro de 1956; 135º da Independência e 68º da República";JUSCELINO KUBITSCHEK;Nereu Ramos;1;False;False;;;Ficha, Publicacao Original, Retificacao
1961\1961-07-26_lei-3924.md;Lei Ordinária nº 3.924, de 26 de julho de 1961;1961-07-26;Ficha: Diário Oficial da União - Seção 1 - 27/7/1961, Página 6793 (Publicação Original) || Ficha: Coleção de Leis do Brasil - 1961, Página 44 Vol. 5 (Publicação Original) || Ficha: Diário Oficial da União - Seção 1 - 28/7/1961, Página 6857 (Retificação) || Publicacao Original: Diário Oficial da União - Seção 1 - 27/7/1961, Página 6793 (Publicação Original) || Publicacao Original: Coleção de Leis do Brasil - 1961, Página 44 Vol. 5 (Publicação Original) || Retificacao: Diário Oficial da União - Seção 1 - 28/7/1961, Página 6857 (Retificação);PL 3537/1957;Não consta revogação expressa;"Brasília, em 26 de julho de 1961; 140º da Independência e 73º da República";JÂNIO QUADROS;"Brígido Tinoco ; Oscar Pedroso Horta ; Clemente Mariani ; João Agripino";4;False;False;;;Ficha, Publicacao Original, Retificacao
1964\1964-07-16_lei-4357.md;Lei Ordinária nº 4.357, de 16 de julho de 1964;1964-07-16;Ficha: Diário Oficial da União - Seção 1 - 17/7/1964, Página 6377 (Publicação Original) || Ficha: Coleção de Leis do Brasil - 1964, Página 33 Vol. 5 (Publicação Original) || Ficha: Diário Oficial da União - Seção 1 - 22/7/1964, Página 6505 (Retificação) || Ficha: Diário do Congresso Nacional - Seção 1 - 23/7/1964, Página 5672 (Veto) || Ficha: Diário do Congresso Nacional - 27/8/1964, Página 523 (Apreciação de Veto) || Publicacao Original: Diário Oficial da União - Seção 1 - 17/7/1964, Página 6377 (Publicação Original) || Publicacao Original: Coleção de Leis do Brasil - 1964, Página 33 Vol. 5 (Publicação Original) || Retificacao: Diário Oficial da União - Seção 1 - 22/7/1964, Página 6505 (Retificação) || Veto: Diário do Congresso Nacional - Seção 1 - 23/7/1964, Página 5672 (Veto) || Veto: Diário do Congresso Nacional - 27/8/1964, Página 523 (Apreciação de Veto);PL 1969/1964;Não consta revogação expressa;"Brasília, 16 de julho de 1964; 143º da Independência e 76º da República";Octávio Gouveia de Bulhões;;0;True;False;;;Ficha, Publicacao Original, Retificacao, Texto Atualizado, Veto
1964\1964-11-04_lei-4451.md;Lei Ordinária nº 4.451, de 4 de novembro de 1964;1964-11-04;Ficha: Diário Oficial da União - Seção 1 - 6/11/1964, Página 10017 (Publicação Original) || Ficha: Coleção de Leis do Brasil - 1964, Página 63 Vol. 7 (Publicação Original) || Ficha: Diário Oficial da União - Seção 1 - 12/11/1964, Página 10227 (Retificação) || Publicacao Original: Diário Oficial da União - Seção 1 - 6/11/1964, Página 10017 (Publicação Original) || Publicacao Original: Coleção de Leis do Brasil - 1964, Página 63 Vol. 7 (Publicação Original) || Retificacao: Diário Oficial da União - Seção 1 - 12/11/1964, Página 10227 (Retificação);PL 698/1959;Não consta revogação expressa;"Brasília, 4 de novembro de 1964; 143º da Independência e 76º da República";Milton Campos;;0;False;False;;;Ficha, Publicacao Original, Retificacao
1965\1965-04-02_lei-4611.md;Lei Ordinária nº 4.611, de 2 de abril de 1965;1965-04-02;Ficha: Diário Oficial da União - Seção 1 - 6/4/1965, Página 3449 (Publicação Original) || Ficha: Coleção de Leis do Brasil - 1965, Página 31 Vol. 3 (Publicação Original) || Ficha: Diário Oficial da União - Seção 1 - 6/4/1965, Página 3462 (Veto) || Publicacao Original: Diário Oficial da União - Seção 1 - 6/4/1965, Página 3449 (Publicação Original) || Publicacao Original: Coleção de Leis do Brasil - 1965, Página 31 Vol. 3 (Publicação Original) || Veto: Diário Oficial da União - Seção 1 - 6/4/1965, Página 3462 (Veto);PL 3364/1961;Revogada;Brasília, 2 de abril de 1965, 144º da Independência e 77º da República;Milton Campos;;0;True;False;;;Ficha, Publicacao Original, Veto
1965\1965-07-14_lei-4729.md;Lei Ordinária nº 4.729, de 14 de julho de 1965;1965-07-14;Ficha: Diário Oficial da União - Seção 1 - 19/7/1965, Página 6745 (Publicação Original) || Ficha: Coleção de Leis do Brasil - 1965, Página 56 Vol. 5 (Publicação Original) || Publicacao Original: Diário Oficial da União - Seção 1 - 19/7/1965, Página 6745 (Publicação Original) || Publicacao Original: Coleção de Leis do Brasil - 1965, Página 56 Vol. 5 (Publicação Original);PL 2748/1965;Não consta revogação expressa;"Brasília, em 14 de julho de 1965; 144º da Independência e 77º da República";Milton Soares Campos;Octávio Bulhões;1;False;False;;;Ficha, Publicacao Original, Texto Atualizado
1967\1967-02-10_decreto-lei-159.md;Decreto-Lei nº 159, de 10 de fevereiro de 1967;1967-02-10;Ficha: Diário Oficial da União - Seção 1 - 13/2/1967, Página 1727 (Publicação Original) || Ficha: Coleção de Leis do Brasil - 1967, Página 182 Vol. 1 (Publicação Original) || Publicacao Original: Diário Oficial da União - Seção 1 - 13/2/1967, Página 1727 (Publicação Original) || Publicacao Original: Coleção de Leis do Brasil - 1967, Página 182 Vol. 1 (Publicação Original);;Não consta revogação expressa;"Brasília, 10 de fevereiro de 1967; 146º da Independência e 79º da República";Raymundo de Britto;;0;False;False;;;Ficha, Publicacao Original
1967\1967-05-08_decreto-lei-326.md;Decreto-Lei nº 326, de 8 de maio de 1967;1967-05-08;Ficha: Diário Oficial da União - Seção 1 - 8/5/1967, Página 5015 (Publicação Original) || Ficha: Coleção de Leis do Brasil - 1967, Página 6 Vol. 3 (Publicação Original) || Ficha: Diário Oficial da União - Seção 1 - 17/5/1967, Página 5383 (Republicação) || Publicacao Original: Diário Oficial da União - Seção 1 - 8/5/1967, Página 5015 (Publicação Original) || Publicacao Original: Coleção de Leis do Brasil - 1967, Página 6 Vol. 3 (Publicação Original);;Não consta revogação expressa;"Brasília, 8 de maio de 1967; 146º da Independência e 79º da República";Antonio Delfim Netto;Helio Beltrão;1;False;False;;;Ficha, Publicacao Original
1967\1967-11-03_lei-5346.md;Lei Ordinária nº 5.346, de 3 de novembro de 1967;1967-11-03;Ficha: Diário Oficial da União - Seção 1 - 7/11/1967, Página 11271 (Publicação Original) || Ficha: Coleção de Leis do Brasil - 1967, Página 42 Vol. 7 (Publicação Original) || Publicacao Original: Diário Oficial da União - Seção 1 - 7/11/1967, Página 11271 (Publicação Original) || Publicacao Original: Coleção de Leis do Brasil - 1967, Página 42 Vol. 7 (Publicação Original);PL 583/1967;Não consta revogação expressa;"Brasília, 3 de novembro de 1967; 146º da Independência e 79º da República";Luís Antônio da Gama e Silva;;0;False;False;;;Ficha, Publicacao Original
1968\1968-07-05_lei-5467.md;Lei Ordinária nº 5.467, de 5 de julho de 1968;1968-07-05;Ficha: Diário Oficial da União - Seção 1 - 8/7/1968, Página 5649 (Publicação Original) || Ficha: Coleção de Leis do Brasil - 1968, Página 15 Vol. 5 (Publicação Original) || Publicacao Original: Diário Oficial da União - Seção 1 - 8/7/1968, Página 5649 (Publicação Original) || Publicacao Original: Coleção de Leis do Brasil - 1968, Página 15 Vol. 5 (Publicação Original);PL 4044/1966;Não consta revogação expressa;"Brasília, 5 de julho de 1968; 147º da Independência e 80º da República";Luís Antônio da Gama e Silva;;0;False;False;;;Ficha, Publicacao Original
1968\1968-07-18_lei-5474.md;Lei Ordinária nº 5.474, de 18 de julho de 1968;1968-07-18;Ficha: Diário Oficial da União - Seção 1 - 19/7/1968, Página 6121 (Publicação Original) || Ficha: Coleção de Leis do Brasil - 1968, Página 19 Vol. 5 (Publicação Original) || Ficha: Diário Oficial da União - Seção 1 - 25/7/1968, Página 6353 (Retificação) || Publicacao Original: Diário Oficial da União - Seção 1 - 19/7/1968, Página 6121 (Publicação Original) || Publicacao Original: Coleção de Leis do Brasil - 1968, Página 19 Vol. 5 (Publicação Original) || Retificacao: Diário Oficial da União - Seção 1 - 25/7/1968, Página 6353 (Retificação);PL 1138/1968;Não consta revogação expressa;"Brasília, 18 de julho de 1968; 147º da Independência e 80º da República";Luís Antônio da Gama e Silva;"Antônio Delfim Netto ; Edmundo de Macedo Soares";2;False;False;;;Ficha, Publicacao Original, Retificacao, Texto Atualizado
1968\1968-07-25_lei-5478.md;Lei Ordinária nº 5.478, de 25 de julho de 1968;1968-07-25;Ficha: Diário Oficial da União - Seção 1 - 26/7/1968, Página 6401 (Publicação Original) || Ficha: Coleção de Leis do Brasil - 1968, Página 25 Vol. 5 (Publicação Original) || Ficha: Diário Oficial da União - Seção 1 - Suplemento - 8/4/1974, Página 9 (Republicação Atualizada) || Ficha: Diário Oficial da União - Seção 1 - 14/8/1968, Página 7178 (Retificação) || Publicacao Original: Diário Oficial da União - Seção 1 - 26/7/1968, Página 6401 (Publicação Original) || Publicacao Original: Coleção de Leis do Brasil - 1968, Página 25 Vol. 5 (Publicação Original) || Retificacao: Diário Oficial da União - Seção 1 - 14/8/1968, Página 7178 (Retificação);PL 1163/1968;Não consta revogação expressa;"Brasília, 25 de julho de 1968; 147º da Independência e 80º da República";Luís Antônio da Gama e Silva;;0;False;False;;;Ficha, Publicacao Original, Retificacao, Texto Atualizado
1968\1968-12-26_decreto-lei-385.md;Decreto-Lei nº 385, de 26 de dezembro de 1968;1968-12-26;Ficha: Diário Oficial da União - Seção 1 - 27/12/1968, Página 11201 (Publicação Original) || Ficha: Coleção de Leis do Brasil - 1968, Página 31 Vol. 7 (Publicação Original) || Publicacao Original: Diário Oficial da União - Seção 1 - 27/12/1968, Página 11201 (Publicação Original) || Publicacao Original: Coleção de Leis do Brasil - 1968, Página 31 Vol. 7 (Publicação Original);;Não consta revogação expressa;"Brasília, 26 de dezembro de 1968; 147º da Independência e 80º da República";Luís Antonio da Gama e Silva;;0;False;False;;;Ficha, Publicacao Original
1971\1971-10-29_lei-5726.md;Lei Ordinária nº 5.726, de 29 de outubro de 1971;1971-10-29;Ficha: Diário Oficial da União - Seção 1 - 1/11/1971, Página 8769 (Publicação Original) || Ficha: Coleção de Leis do Brasil - 1971, Página 49 Vol. 7 (Publicação Original) || Publicacao Original: Diário Oficial da União - Seção 1 - 1/11/1971, Página 8769 (Publicação Original) || Publicacao Original: Coleção de Leis do Brasil - 1971, Página 49 Vol. 7 (Publicação Original);PL 185/1971;Não consta revogação expressa;"Brasília, 29 de outubro de 1971; 150º da Independência e 83º da República";Alfredo Buzaid;"Adalberto de Barros Nunes ; Orlando Geisel ; Jorge de Carvalho e Silva ; Antônio Delfim Netto ; Mário David Andreazza ; Júlio Barata ; Márcio de Souza e Mello ; Marcus Vinícius Pratini de Moraes ; Antônio Dias Leite Júnior ; João Paulo dos Reis Velloso ; José Costa Cavalcanti";11;False;False;;;Ficha, Publicacao Original, Texto Atualizado
1977\1977-05-24_lei-6416.md;Lei Ordinária nº 6.416, de 24 de maio de 1977;1977-05-24;Ficha: Diário Oficial da União - Seção 1 - 25/5/1977, Página 6341 (Publicação Original) || Ficha: Coleção de Leis do Brasil - 1977, Página 73 Vol. 3 (Publicação Original) || Ficha: Diário Oficial da União - Seção 1 - 7/6/1977, Página 7029 (Retificação) || Publicacao Original: Diário Oficial da União - Seção 1 - 25/5/1977, Página 6341 (Publicação Original) || Publicacao Original: Coleção de Leis do Brasil - 1977, Página 73 Vol. 3 (Publicação Original) || Retificacao: Diário Oficial da União - Seção 1 - 7/6/1977, Página 7029 (Retificação);PLN 2/1977, apreciada pelo Congresso Nacional, com tramitação registrada pelo Senado Federal.;Não consta revogação expressa;"Brasília, 24 de maio de 1977; 156º da Independência e 89º da República";ERNESTO GEISEL;Armando Falcão;1;False;False;;;Ficha, Publicacao Original, Retificacao
1979\1979-11-05_lei-6710.md;Lei Ordinária nº 6.710, de 5 de novembro de 1979;1979-11-05;Ficha: Diário Oficial da União - Seção 1 - 6/11/1979, Página 16345 (Publicação Original) || Ficha: Coleção de Leis do Brasil - 1979, Página 93 Vol. 7 (Publicação Original) || Publicacao Original: Diário Oficial da União - Seção 1 - 6/11/1979, Página 16345 (Publicação Original) || Publicacao Original: Coleção de Leis do Brasil - 1979, Página 93 Vol. 7 (Publicação Original);PL 203/1975;Não consta revogação expressa;"Brasília, em 5 de novembro de 1979; 158º da Independência e 91º da República";JOÃO FIGUEIREDO;Murilo Macêdo;1;False;False;;;Ficha, Publicacao Original
1980\1980-06-23_lei-6799.md;Lei Ordinária nº 6.799, de 23 de junho de 1980;1980-06-23;Ficha: Diário Oficial da União - Seção 1 - 24/6/1980, Página 12454 (Publicação Original) || Ficha: Coleção de Leis do Brasil - 1980, Página 74 Vol. 3 (Publicação Original) || Ficha: Diário do Congresso Nacional - 23/8/1980, Página 2057 (Veto) || Publicacao Original: Diário Oficial da União - Seção 1 - 24/6/1980, Página 12454 (Publicação Original) || Publicacao Original: Coleção de Leis do Brasil - 1980, Página 74 Vol. 3 (Publicação Original) || Veto: Diário do Congresso Nacional - 23/8/1980, Página 2057 (Veto);PL 1066/1975;Não consta revogação expressa;"Brasília, em 23 de junho de 1980; 159º da Independência e 92º República";JOÃO FIGUEIREDO;Ibrahim Abi-Ackel;1;True;False;;;Ficha, Publicacao Original, Veto
1980\1980-12-17_lei-6895.md;Lei Ordinária nº 6.895, de 17 de dezembro de 1980;1980-12-17;Ficha: Diário Oficial da União - Seção 1 - 18/12/1980, Página 25401 (Publicação Original) || Ficha: Coleção de Leis do Brasil - 1980, Página 230 Vol. 7 (Publicação Original) || Publicacao Original: Diário Oficial da União - Seção 1 - 18/12/1980, Página 25401 (Publicação Original) || Publicacao Original: Coleção de Leis do Brasil - 1980, Página 230 Vol. 7 (Publicação Original);PL 3143/1980;Não consta revogação expressa;"Brasília, em 17 de dezembro de 1980; 159º da Independência e 92º da República";JOÃO FIGUEIREDO;Ibrahim Abi-Ackel;1;False;False;;;Ficha, Publicacao Original
1981\1981-03-30_lei-6898.md;Lei Ordinária nº 6.898, de 30 de março de 1981;1981-03-30;Ficha: Diário Oficial da União - Seção 1 - 1/4/1981, Página 6077 (Publicação Original) || Ficha: Coleção de Leis do Brasil - 1981, Página 64 Vol. 3 (Publicação Original) || Publicacao Original: Diário Oficial da União - Seção 1 - 1/4/1981, Página 6077 (Publicação Original) || Publicacao Original: Coleção de Leis do Brasil - 1981, Página 64 Vol. 3 (Publicação Original);PL 3358/1980;Não consta revogação expressa;"Brasília, em 30 de março de 1981; 160º da Independência e 93º da República";JOÃO FIGUEIREDO;Ibrahim Abi-Ackel;1;False;False;;;Ficha, Publicacao Original
1984\1984-07-11_lei-7209.md;Lei Ordinária nº 7.209, de 11 de julho de 1984;1984-07-11;Ficha: Diário Oficial da União - Seção 1 - 13/7/1984, Página 10217 (Publicação Original) || Ficha: Coleção de Leis do Brasil - 1984, Página 38 Vol. 5 (Publicação Original) || Publicacao Original: Diário Oficial da União - Seção 1 - 13/7/1984, Página 10217 (Publicação Original) || Publicacao Original: Coleção de Leis do Brasil - 1984, Página 38 Vol. 5 (Publicação Original);PL 1656/1983;Não consta revogação expressa;"Brasília, em 11 de julho de 1984; 163º da Independência e 96º da República";JOÃO FIGUEIREDO;Ibrahim Abi-Ackel;1;False;False;;;Ficha, Publicacao Original
1984\1984-11-19_lei-7251.md;Lei Ordinária nº 7.251, de 19 de novembro de 1984;1984-11-19;Ficha: Diário Oficial da União - Seção 1 - 21/11/1984, Página 17105 (Publicação Original) || Ficha: Coleção de Leis do Brasil - 1984, Página 139 Vol. 7 (Publicação Original) || Publicacao Original: Diário Oficial da União - Seção 1 - 21/11/1984, Página 17105 (Publicação Original) || Publicacao Original: Coleção de Leis do Brasil - 1984, Página 139 Vol. 7 (Publicação Original);PL 285/1979;Não consta revogação expressa;"Brasília, em 19 de novembro de 1984; 163º da Independência e 96º da República";JOÃO FIGUEIREDO;Ibrahim Abi-Ackel;1;False;False;;;Ficha, Publicacao Original
1989\1989-12-21_lei-7960.md;Lei Ordinária nº 7.960, de 21 de dezembro de 1989;1989-12-21;Ficha: Diário Oficial da União - Seção 1 - 22/12/1989, Página 24075 (Publicação Original) || Ficha: Coleção de Leis do Brasil - 1989, Página 3077 Vol. 6 (Publicação Original) || Publicacao Original: Diário Oficial da União - Seção 1 - 22/12/1989, Página 24075 (Publicação Original) || Publicacao Original: Coleção de Leis do Brasil - 1989, Página 3077 Vol. 6 (Publicação Original);MPV 111/1989, (PLV 39/1989), apreciada pelo Congresso Nacional, com tramitação registrada pelo Senado Federal. Vide ADIs;Não consta revogação expressa;"Brasília, 21 de dezembro de 1989; 168º da Independência e 101º da República";JOSÉ SARNEY;;0;False;False;;;Ficha, Publicacao Original, Texto Atualizado
1990\1990-07-13_lei-8069.md;Lei Ordinária nº 8.069, de 13 de julho de 1990;1990-07-13;Ficha: Diário Oficial da União - Seção 1 - 16/7/1990, Página 13563 (Publicação Original) || Ficha: Coleção de Leis do Brasil - 1990, Página 2379 Vol. 4 (Publicação Original) || Ficha: Diário Oficial da União - Seção 1 - 27/9/1990, Página 18551 (Retificação) || Publicacao Original: Diário Oficial da União - Seção 1 - 16/7/1990, Página 13563 (Publicação Original) || Publicacao Original: Coleção de Leis do Brasil - 1990, Página 2379 Vol. 4 (Publicação Original) || Retificacao: Diário Oficial da União - Seção 1 - 27/9/1990, Página 18551 (Retificação);PL 5172/1990;Não consta revogação expressa;"Brasília, em 13 de julho de 1990; 169º da Independência e 102º da República";FERNANDO COLLOR;"Bernardo Cabral ; Carlos Chiarelli ; Antonio Magri ; Margarida Procópio";4;False;False;;;Ficha, Publicacao Original, Retificacao, Texto Atualizado
1990\1990-07-25_lei-8072.md;Lei Ordinária nº 8.072, de 25 de julho de 1990;1990-07-25;Ficha: Diário Oficial da União - Seção 1 - 26/7/1990, Página 14303 (Publicação Original) || Ficha: Coleção de Leis do Brasil - 1990, Página 2447 Vol. 4 (Publicação Original) || Ficha: Diário Oficial da União - Seção 1 - 26/7/1990, Página 14311 (Veto) || Ficha: Diário do Congresso Nacional - 22/8/1990, Página 3666 (Veto) || Ficha: Diário do Congresso Nacional - 24/4/1991, Página 1405 (Apreciação de Veto) || Publicacao Original: Diário Oficial da União - Seção 1 - 26/7/1990, Página 14303 (Publicação Original) || Publicacao Original: Coleção de Leis do Brasil - 1990, Página 2447 Vol. 4 (Publicação Original) || Veto: Diário Oficial da União - Seção 1 - 26/7/1990, Página 14311 (Veto) || Veto: Diário do Congresso Nacional - 22/8/1990, Página 3666 (Veto) || Veto: Diário do Congresso Nacional - 24/4/1991, Página 1405 (Apreciação de Veto);PL 5405/1990;Não consta revogação expressa;"Brasília, 25 de julho de 1990; 169º da Independência e 102º da República";FERNANDO COLLOR;Bernardo Cabral;1;True;False;;"Veta Parcialmente. Mensagem Presidencial n° 550 de 1,990. Art. 4º - (Mantém veto) Art. 11 - (Mantém veto) Vide Norma(s): Lei Ordinária nº 15487 de 6 de Agosto de 2026 (Poder Legislativo) - (Alteração). Art. 1º, ""caput"", parágrafo único, inciso VII . Lei Ordinária nº 15384 de 9 de Abril de 2026 (Poder Legislativo) - (Acréscimo de Inciso). Art. 1º, ""caput"", inciso I-C . Lei Ordinária nº 15358 de 24 de Março de 2026 (Poder Legislativo) - (Acréscimo de Inciso). Art. 1º, ""caput"", parágrafo único, inciso VIII . Lei Ordinária nº 15159 de 3 de Julho de 2025 (Poder Legislativo) - (Alteração). Art. 1º, ""caput"", incisos I, I-A, alíneas ""a"", ""b"", ""c"" . Lei Ordinária nº 15134 de 6 de Maio de 2025 (Poder Legislativo) - (Alteração). Art. 1º, ""caput"", inciso I-A, alíneas ""a"", ""b"" . Lei Ordinária nº 14994 de 9 de Outubro de 2024 (Poder Legislativo) - (Alteração). Art. 1º, ""caput"", incisos I, I-B . Lei Ordinária nº 14811 de 12 de Janeiro de 2024 (Poder Legislativo) - (Alteração). Art. 1º, ""caput"", incisos X, XI, XII, parágrafo único, inciso VII . Lei Ordinária nº 14688 de 20 de Setembro de 2023 (Poder Legislativo) - (Acréscimo de Inciso). Art. 1º, parágrafo único, inciso VI . Lei Ordinária nº 14344 de 24 de Maio de 2022 (Poder Legislativo) - (Alteração). Art. 1º, ""caput"", inciso I . Lei Ordinária nº 13964 de 24 de Dezembro de 2019 (Poder Legislativo) - (Alteração). Art. 1º, ""caput"", incisos I, II, alíneas ""a"", ""b"", ""c"", incisos III, IX, parágrafo único, incisos I a V . Lei Ordinária nº 13964 d";Ficha, Publicacao Original, Texto Atualizado, Veto
1990\1990-12-27_lei-8137.md;Lei Ordinária nº 8.137, de 27 de dezembro de 1990;1990-12-27;Ficha: Diário Oficial da União - Seção 1 - 28/12/1990, Página 25534 (Publicação Original) || Ficha: Coleção de Leis do Brasil - 1990, Página 3571 Vol. 6 (Publicação Original) || Ficha: Diário Oficial da União - Seção 1 - 28/12/1990, Página 25538 (Veto) || Ficha: Diário do Congresso Nacional - Seção 1 - 27/2/1991, Página 919 (Veto) || Ficha: Diário do Congresso Nacional - 9/5/1991, Página 1554 (Apreciação de Veto) || Publicacao Original: Diário Oficial da União - Seção 1 - 28/12/1990, Página 25534 (Publicação Original) || Publicacao Original: Coleção de Leis do Brasil - 1990, Página 3571 Vol. 6 (Publicação Original) || Veto: Diário Oficial da União - Seção 1 - 28/12/1990, Página 25538 (Veto) || Veto: Diário do Congresso Nacional - Seção 1 - 27/2/1991, Página 919 (Veto) || Veto: Diário do Congresso Nacional - 9/5/1991, Página 1554 (Apreciação de Veto);PL 4788/1990;Não consta revogação expressa;"Brasília, 27 de dezembro de 1990; 169º da Independência e 102º da República";FERNANDO COLLOR;Jarbas Passarinho;1;True;False;;"Veta Parcialmente. Mensagem Presidencial n° 951 de 1,990. Art. 13 - (Mantém veto) Vide Norma(s): Lei Complementar nº 224 de 26 de Dezembro de 2025 (Poder Legislativo) - (Acréscimo de Inciso). Art. 12, ""caput"", inciso IV . Lei Ordinária nº 13254 de 13 de Janeiro de 2016 (Poder Legislativo) - (Norma Complementar). Art. 1º ; Art. 2º, incisos I, II e V . Lei Ordinária nº 12529 de 30 de Novembro de 2011 (Poder Legislativo) - (Alteração). Art. 4º, incisos I, II, alíneas ""a"", ""b"", ""c"" . Lei Ordinária nº 12529 de 30 de Novembro de 2011 (Poder Legislativo) - (Revogação Parcial). Art. 4º, inciso I, alíneas ""a"", ""b"", 'c"", ""d"", ""e"", ""f"" e incisos III, IV, V, VI, VII; Art. 5º ; Art. 6º. Lei Ordinária nº 10446 de 8 de Maio de 2002 (Poder Legislativo) - (Aplicação). Art. 4º, incisos I, ""a"", II, III e VII. Medida Provisória nº 27 de 24 de Janeiro de 2002 (Poder Executivo) - (Aplicação). Art. 4º, incisos I, ""a"", II, III e VII. Lei Ordinária nº 9964 de 10 de Abril de 2000 (Poder Legislativo) - (Aplicação). Art. 1º; Art. 2º. Decreto nº 2730 de 10 de Agosto de 1998 (Poder Executivo) - (Aplicação). Lei Ordinária nº 9249 de 26 de Dezembro de 1995 (Poder Legislativo) - (Norma Complementar). Lei Ordinária nº 9080 de 19 de Julho de 1995 (Poder Legislativo) - (Acréscimo de Parágrafo Único). Art. 16, Parágrafo único. Lei Ordinária nº 8884 de 11 de Junho de 1994 (Poder Legislativo) - (Alteração). Art.4º, incisos VII. Lei Ordinária nº 8383 de 30 de Dezembro de 1991 (Poder Legislativo) - (Revogação Parcia";Ficha, Publicacao Original, Texto Atualizado, Veto
1991\1991-02-08_lei-8176.md;Lei Ordinária nº 8.176, de 8 de fevereiro de 1991;1991-02-08;Ficha: Diário Oficial da União - Seção 1 - 13/2/1991, Página 2805 (Publicação Original) || Ficha: Coleção de Leis do Brasil - 1991, Página 88 Vol. 1 (Publicação Original) || Ficha: Diário Oficial da União - Seção 1 - 13/2/1991, Página 2808 (Veto) || Ficha: Diário do Congresso Nacional - 3/4/1991, Página 1230 (Veto) || Ficha: Diário do Congresso Nacional - 6/6/1991, Página 1799 (Apreciação de Veto) || Publicacao Original: Diário Oficial da União - Seção 1 - 13/2/1991, Página 2805 (Publicação Original) || Publicacao Original: Coleção de Leis do Brasil - 1991, Página 88 Vol. 1 (Publicação Original) || Veto: Diário Oficial da União - Seção 1 - 13/2/1991, Página 2808 (Veto) || Veto: Diário do Congresso Nacional - 3/4/1991, Página 1230 (Veto) || Veto: Diário do Congresso Nacional - 6/6/1991, Página 1799 (Apreciação de Veto);PL 6134/1991;Não consta revogação expressa;"Brasília, 8 de fevereiro de 1991; 170° da Independência e 103° da República";FERNANDO COLLOR;"Jarbas Passarinho ; Ozires Silva";2;True;False;;"Veta Parcialmente. Mensagem Presidencial n° 57 de 1.991. Art. 3º - (Mantém veto) Vide Norma(s): Lei Ordinária nº 15348 de 13 de Fevereiro de 2026 (Poder Legislativo) - (Alteração). Art. 1º, ""caput"", inciso II . Lei Ordinária nº 9847 de 26 de Outubro de 1999 (Poder Legislativo) - (Aplicação). Decreto nº 2953 de 28 de Janeiro de 1999 (Poder Executivo) - (Aplicação). Lei Ordinária nº 9478 de 6 de Agosto de 1997 (Poder Legislativo) - (Norma Complementar). Art. 4º. Decreto nº 238 de 24 de Outubro de 1991 (Poder Executivo) - (Regulamentação). Art. 4º. Indexação";Ficha, Publicacao Original, Veto
1992\1992-01-20_decreto-430.md;Decreto nº 430, de 20 de janeiro de 1992;1992-01-20;Ficha: Diário Oficial da União - Seção 1 - 21/1/1992, Página 741 (Publicação Original) || Publicacao Original: Diário Oficial da União - Seção 1 - 21/1/1992, Página 741 (Publicação Original);;Não consta revogação expressa;"Brasília, 20 de janeiro de 1992; 171° da Independência e 104° da República";FERNANDO COLLOR;"Jarbas Passarinho ; Marcílio Marques Moreira";2;False;False;;;Ficha, Publicacao Original
1993\1993-03-16_lei-8635.md;Lei Ordinária nº 8.635, de 16 de março de 1993;1993-03-16;Ficha: Diário Oficial da União - Seção 1 - 17/3/1993, Página 3137 (Publicação Original) || Ficha: Coleção de Leis do Brasil - 1993, Página 558 Vol. 3 (Publicação Original) || Publicacao Original: Diário Oficial da União - Seção 1 - 17/3/1993, Página 3137 (Publicação Original) || Publicacao Original: Coleção de Leis do Brasil - 1993, Página 558 Vol. 3 (Publicação Original);PL 161/1991;Não consta revogação expressa;Brasília, 16 de março de 1993, 172º da Independência e 105º da República;ITAMAR FRANCO;Maurício Corrêa;1;False;False;;;Ficha, Publicacao Original
1993\1993-07-15_lei-8683.md;Lei Ordinária nº 8.683, de 15 de julho de 1993;1993-07-15;Ficha: Diário Oficial da União - Seção 1 - 16/7/1993, Página 9937 (Publicação Original) || Ficha: Coleção de Leis do Brasil - 1993, Página 1681 Vol. 7 (Publicação Original) || Publicacao Original: Diário Oficial da União - Seção 1 - 16/7/1993, Página 9937 (Publicação Original) || Publicacao Original: Coleção de Leis do Brasil - 1993, Página 1681 Vol. 7 (Publicação Original);PL 2460/1991;Não consta revogação expressa;;;;0;False;False;;;Ficha, Publicacao Original
1994\1994-03-28_lei-8864.md;Lei Ordinária nº 8.864, de 28 de março de 1994;1994-03-28;Ficha: Diário Oficial da União - Seção 1 - 29/3/1994, Página 4554 (Publicação Original) || Ficha: Coleção de Leis do Brasil - 1994, Página 1495 Vol. 4 (Publicação Original) || Ficha: Diário do Congresso Nacional - 6/4/1995, Página 2113 (Publicação Original) || Ficha: Diário Oficial da União - Seção 1 - 29/3/1994, Página 4556 (Veto) || Publicacao Original: Diário Oficial da União - Seção 1 - 29/3/1994, Página 4554 (Publicação Original) || Publicacao Original: Coleção de Leis do Brasil - 1994, Página 1495 Vol. 4 (Publicação Original) || Publicacao Original: Diário do Congresso Nacional - 6/4/1995, Página 2113 (Publicação Original) || Publicacao Original: Diário Oficial da União - Seção 1 - 29/3/1994, Página 4556 (Veto);PL 3081/1989;Revogada;"Brasília, 28 de março de 1994; 173º da Independência e 106º da República";ITAMAR FRANCO;Maurício Corrêa;1;False;False;;"Veta Parcialmente. Mensagem Presidencial n° 254 de 1,994. Art. 2º, § 4º - (Mantém veto) Art. 3º - (Mantém veto) Art. 8º, § 1º - (Mantém veto) Art. 10 - (Mantém veto) Art. 27, inciso I - (Mantém veto) Art. 32 - (Mantém veto) Art. 33 - (Mantém veto) Vide Norma(s): Lei Ordinária nº 9841 de 5 de Outubro de 1999 (Poder Legislativo) - (Revogação). Lei Ordinária nº 9317 de 5 de Dezembro de 1996 (Poder Legislativo) - (Revogação Parcial). Art. 12; Art. 13; Art. 14. Medida Provisória nº 1526 de 5 de Novembro de 1996 (Poder Executivo) - (Revogação Parcial). Art. 12 a 14. Indexação";Ficha, Publicacao Original
1994\1994-09-06_lei-8930.md;Lei Ordinária nº 8.930, de 6 de setembro de 1994;1994-09-06;Ficha: Diário Oficial da União - Seção 1 - Edição Extra - A - 7/9/1994, Página 13469 (Publicação Original) || Ficha: Coleção de Leis do Brasil - 1994, Página 3591 Vol. 10 (Publicação Original) || Publicacao Original: Diário Oficial da União - Seção 1 - Edição Extra - A - 7/9/1994, Página 13469 (Publicação Original) || Publicacao Original: Coleção de Leis do Brasil - 1994, Página 3591 Vol. 10 (Publicação Original);PL 4146/1993;Não consta revogação expressa;"Brasília, 6 de setembro de 1994; 173º da Independência e 106º da República";ITAMAR FRANCO;Alexandre de Paula Dupeyrat Martins;1;False;False;;;Ficha, Publicacao Original
1995\1995-11-16_lei-9127.md;Lei Ordinária nº 9.127, de 16 de novembro de 1995;1995-11-16;Ficha: Diário Oficial da União - Seção 1 - 17/11/1995, Página 18461 (Publicação Original) || Ficha: Coleção de Leis do Brasil - 1995, Página 4714 Vol. 11 (Publicação Original) || Publicacao Original: Diário Oficial da União - Seção 1 - 17/11/1995, Página 18461 (Publicação Original) || Publicacao Original: Coleção de Leis do Brasil - 1995, Página 4714 Vol. 11 (Publicação Original);PL 3787/1993 CPICN;Não consta revogação expressa;"Brasília, 16 de novembro de 1995; 174º da Independência e 107º da República";FERNANDO HENRIQUE CARDOSO;;0;False;False;;;Ficha, Publicacao Original
1996\1996-01-12_lei-9263.md;Lei Ordinária nº 9.263, de 12 de janeiro de 1996;1996-01-12;Ficha: Diário Oficial da União - Seção 1 - 15/1/1996, Página 561 (Publicação Original) || Ficha: Coleção de Leis do Brasil - 1996, Página 4867 Vol. 8 (Publicação Original) || Ficha: Diário Oficial da União - Seção 1 - 15/1/1996, Página 569 (Veto) || Ficha: Diário do Congresso Nacional - 13/8/1997, Página 6843 (Apreciação de Veto) || Ficha: Diário Oficial da União - Seção 1 - 20/8/1997, Página 17989 (Promulgação de Vetos) || Publicacao Original: Diário Oficial da União - Seção 1 - 15/1/1996, Página 561 (Publicação Original) || Publicacao Original: Coleção de Leis do Brasil - 1996, Página 4867 Vol. 8 (Publicação Original) || Veto: Diário Oficial da União - Seção 1 - 15/1/1996, Página 569 (Veto) || Veto: Diário do Congresso Nacional - 13/8/1997, Página 6843 (Apreciação de Veto) || Promulgacao de Vetos: Diário Oficial da União - Seção 1 - 20/8/1997, Página 17989 (Promulgação de Vetos);PL 209/1991;Não consta revogação expressa;"Brasília, 12 de janeiro de 1996; 175º da Independência e 108º da República";FERNANDO HENRIQUE CARDOSO;Adib Jatene;1;True;True;;"Veta Parcialmente. Mensagem Presidencial n° 66 de 1.996. Art. 10 - (Rejeita veto) Art. 11 - (Rejeita veto) Art. 14, parágrafo único - (Rejeita veto) Art. 15 - (Rejeita veto) Vide Norma(s): Lei Ordinária nº 14443 de 2 de Setembro de 2022 (Poder Legislativo) - (Alteração). Art. 9º, ""caput"", § 2º ; Art. 10, ""caput"", inciso I, § 2º . Lei Ordinária nº 14443 de 2 de Setembro de 2022 (Poder Legislativo) - (Revogação Parcial). Art. 10, § 5º . Lei Ordinária nº 13045 de 25 de Novembro de 2014 (Poder Legislativo) - (Alteração). Art. 3º, Parágrafo único, inciso V . Indexação";Ficha, Promulgacao de Vetos, Publicacao Original, Texto Atualizado, Veto
1996\1996-04-01_lei-9268.md;Lei Ordinária nº 9.268, de 1º de abril de 1996;1996-04-01;Ficha: Diário Oficial da União - Seção 1 - 2/4/1996, Página 5457 (Publicação Original) || Ficha: Coleção de Leis do Brasil - 1996, Página 1458 Vol. 4 (Publicação Original) || Publicacao Original: Diário Oficial da União - Seção 1 - 2/4/1996, Página 5457 (Publicação Original) || Publicacao Original: Coleção de Leis do Brasil - 1996, Página 1458 Vol. 4 (Publicação Original);PL 726/1995;Não consta revogação expressa;"Brasília, 1º de abril de 1996; 175º da Independência e 108º da República";FERNANDO HENRIQUE CARDOSO;;0;False;False;;;Ficha, Publicacao Original
1996\1996-04-02_lei-9269.md;Lei Ordinária nº 9.269, de 2 de abril de 1996;1996-04-02;Ficha: Diário Oficial da União - Seção 1 - 3/4/1996, Página 5501 (Publicação Original) || Ficha: Coleção de Leis do Brasil - 1996, Página 1460 Vol. 4 (Publicação Original) || Publicacao Original: Diário Oficial da União - Seção 1 - 3/4/1996, Página 5501 (Publicação Original) || Publicacao Original: Coleção de Leis do Brasil - 1996, Página 1460 Vol. 4 (Publicação Original);PL 3288/1992;Não consta revogação expressa;"Brasília, 2 de abril de 1996; 175º da Independência e 108º da República";FERNANDO HENRIQUE CARDOSO;;0;False;False;;;Ficha, Publicacao Original
1996\1996-05-14_lei-9279.md;Lei Ordinária nº 9.279, de 14 de maio de 1996;1996-05-14;Ficha: Diário Oficial da União - Seção 1 - 15/5/1996, Página 8353 (Publicação Original) || Ficha: Coleção de Leis do Brasil - 1996, Página 1886 Vol. 5 (Publicação Original) || Publicacao Original: Diário Oficial da União - Seção 1 - 15/5/1996, Página 8353 (Publicação Original) || Publicacao Original: Coleção de Leis do Brasil - 1996, Página 1886 Vol. 5 (Publicação Original);PL 824/1991;Não consta revogação expressa;"Brasília, 14 de maio de 1996; 175º da Independência e 108º da República";FERNANDO HENRIQUE CARDOSO;"Sebastião do Rego Barros Neto ; Pedro Malan ; Francisco Dornelles ; José Israel Vargas";4;False;False;;;Ficha, Publicacao Original, Texto Atualizado
1996\1996-06-04_lei-9281.md;Lei Ordinária nº 9.281, de 4 de junho de 1996;1996-06-04;Ficha: Diário Oficial da União - Seção 1 - 5/6/1996, Página 9909 (Publicação Original) || Ficha: Coleção de Leis do Brasil - 1996, Página 2581 Vol. 6 (Publicação Original) || Ficha: Diário Oficial da União - Seção 1 - 7/6/1996, Página 10009 (Retificação) || Publicacao Original: Diário Oficial da União - Seção 1 - 5/6/1996, Página 9909 (Publicação Original) || Publicacao Original: Coleção de Leis do Brasil - 1996, Página 2581 Vol. 6 (Publicação Original) || Retificacao: Diário Oficial da União - Seção 1 - 7/6/1996, Página 10009 (Retificação);PL 1374/1991;Não consta revogação expressa;"Brasília, 4 de junho de 1996; 175º da Independência e 108º da República";FERNANDO HENRIQUE CARDOSO;;0;False;False;;;Ficha, Publicacao Original, Retificacao
1996\1996-12-05_lei-9318.md;Lei Ordinária nº 9.318, de 5 de dezembro de 1996;1996-12-05;Ficha: Diário Oficial da União - Seção 1 - 6/12/1996, Página 25978 (Publicação Original) || Ficha: Coleção de Leis do Brasil - 1996, Página 6438 Vol. 12 (Publicação Original) || Publicacao Original: Diário Oficial da União - Seção 1 - 6/12/1996, Página 25978 (Publicação Original) || Publicacao Original: Coleção de Leis do Brasil - 1996, Página 6438 Vol. 12 (Publicação Original);PL 2797/1989;Não consta revogação expressa;"Brasília, 5 de dezembro de 1996; 175º da Independência e 108º da República";FERNANDO HENRIQUE CARDOSO;;0;False;False;;;Ficha, Publicacao Original
1996\1996-12-24_lei-9426.md;Lei Ordinária nº 9.426, de 24 de dezembro de 1996;1996-12-24;Ficha: Diário Oficial da União - Seção 1 - 26/12/1996, Página 28444 (Publicação Original) || Ficha: Coleção de Leis do Brasil - 1996, Página 6627 Vol. 12 (Publicação Original) || Ficha: Diário Oficial da União - Seção 1 - 15/1/1997, Página 787 (Retificação) || Publicacao Original: Diário Oficial da União - Seção 1 - 26/12/1996, Página 28444 (Publicação Original) || Publicacao Original: Coleção de Leis do Brasil - 1996, Página 6627 Vol. 12 (Publicação Original) || Retificacao: Diário Oficial da União - Seção 1 - 15/1/1997, Página 787 (Retificação);PL 725/1995;Não consta revogação expressa;"Brasília, 24 de dezembro de 1996; 175º da Independência e 108º da República";FERNANDO HENRIQUE CARDOSO;Milton Seligman;1;False;False;;;Ficha, Publicacao Original, Retificacao
1997\1997-05-13_lei-9459.md;Lei Ordinária nº 9.459, de 13 de maio de 1997;1997-05-13;Ficha: Diário Oficial da União - Seção 1 - 14/5/1997, Página 9901 (Publicação Original) || Ficha: Coleção de Leis do Brasil - 1997, Página 2773 Vol. 5 (Publicação Original) || Publicacao Original: Diário Oficial da União - Seção 1 - 14/5/1997, Página 9901 (Publicação Original) || Publicacao Original: Coleção de Leis do Brasil - 1997, Página 2773 Vol. 5 (Publicação Original);PL 1240/1995;Não consta revogação expressa;"Brasília, 13 de maio de 1997; 176º da Independência e 109º da República";FERNANDO HENRIQUE CARDOSO;Milton Seligman;1;False;False;;;Ficha, Publicacao Original
1998\1998-07-02_lei-9677.md;Lei Ordinária nº 9.677, de 2 de julho de 1998;1998-07-02;Ficha: Diário Oficial da União - Seção 1 - 3/7/1998, Página 1 (Publicação Original) || Ficha: Coleção de Leis do Brasil - 1998, Página 4845 Vol. 7 (Publicação Original) || Publicacao Original: Diário Oficial da União - Seção 1 - 3/7/1998, Página 1 (Publicação Original) || Publicacao Original: Coleção de Leis do Brasil - 1998, Página 4845 Vol. 7 (Publicação Original);PL 4207/1998;Não consta revogação expressa;"Brasília, 2 de julho de 1998; 177º da Independência e 110º da República";FERNANDO HENRIQUE CARDOSO;Renan Calheiros José Serra;1;False;False;;;Ficha, Publicacao Original
1998\1998-11-25_lei-9714.md;Lei Ordinária nº 9.714, de 25 de novembro de 1998;1998-11-25;Ficha: Diário Oficial da União - Seção 1 - 26/11/1998, Página 1 (Publicação Original) || Ficha: Coleção de Leis do Brasil - 1998, Página 7905 Vol. 11 (Publicação Original) || Ficha: Diário Oficial da União - Seção 1 - 26/11/1998, Página 37 (Veto) || Publicacao Original: Diário Oficial da União - Seção 1 - 26/11/1998, Página 1 (Publicação Original) || Publicacao Original: Coleção de Leis do Brasil - 1998, Página 7905 Vol. 11 (Publicação Original) || Veto: Diário Oficial da União - Seção 1 - 26/11/1998, Página 37 (Veto);PL 2684/1996;Não consta revogação expressa;"Brasília, 25 de novembro de 1998; 177º da Independência e 110º da República";FERNANDO HENRIQUE CARDOSO;Renan Calheiros;1;True;False;;Veta Parcialmente. Mensagem Presidencial n° 1447 de 1.998. Art. 43, inciso III - (Mantém veto) Art. 44, § 1º - (Mantém veto) Art. 45, § 4º - (Mantém veto) Vide Norma(s): Decreto nº 2856 de 3 de Dezembro de 1998 (Poder Executivo) - (Norma Complementar). Decreto nº 2656 de 3 de Julho de 1998 (Poder Executivo) - (Norma Complementar). . Indexação;Ficha, Publicacao Original, Veto
1998\1998-12-29_lei-9777.md;Lei Ordinária nº 9.777, de 29 de dezembro de 1998;1998-12-29;Ficha: Diário Oficial da União - Seção 1 - 30/12/1998, Página 1 (Publicação Original) || Ficha: Coleção de Leis do Brasil - 1998, Página 8680 Vol. 12 (Publicação Original) || Publicacao Original: Diário Oficial da União - Seção 1 - 30/12/1998, Página 1 (Publicação Original) || Publicacao Original: Coleção de Leis do Brasil - 1998, Página 8680 Vol. 12 (Publicação Original);PL 929/1995;Não consta revogação expressa;"Brasília, 29 de dezembro de 1998; 177º da Independência e 110º da República";FERNANDO HENRIQUE CARDOSO;Renan Calheiros;1;False;False;;;Ficha, Publicacao Original
1999\1999-01-28_decreto-2953.md;Decreto nº 2.953, de 28 de janeiro de 1999;1999-01-28;Ficha: Diário Oficial da União - Seção 1 - 29/1/1999, Página 27 (Publicação Original) || Publicacao Original: Diário Oficial da União - Seção 1 - 29/1/1999, Página 27 (Publicação Original);;Não consta revogação expressa;"Brasília, 28 de janeiro de 1999; 178º da Independência e 111º da República";FERNANDO HENRIQUE CARDOSO;Rodolpho Tourinho Neto;1;False;False;;;Ficha, Publicacao Original, Texto Atualizado
1999\1999-10-26_lei-9847.md;Lei Ordinária nº 9.847, de 26 de outubro de 1999;1999-10-26;Ficha: Diário Oficial da União - Seção 1 - Edição Extra - A - 27/10/1999, Página 1 (Publicação Original) || Ficha: Coleção de Leis do Brasil - 1999, Página 6921 Vol. 10 (Publicação Original) || Publicacao Original: Diário Oficial da União - Seção 1 - Edição Extra - A - 27/10/1999, Página 1 (Publicação Original) || Publicacao Original: Coleção de Leis do Brasil - 1999, Página 6921 Vol. 10 (Publicação Original);;Não consta revogação expressa;;;;0;False;False;;;Ficha, Publicacao Original, Texto Atualizado
2000\2000-07-14_lei-9983.md;Lei Ordinária nº 9.983, de 14 de julho de 2000;2000-07-14;Ficha: Diário Oficial da União - Seção 1 - 17/7/2000, Página 4 (Publicação Original) || Ficha: Coleção de Leis do Brasil - 2000, Página 4896 Vol. 7 (Publicação Original) || Ficha: Diário Oficial da União - Seção 1 - 17/7/2000, Página 8 (Veto) || Publicacao Original: Diário Oficial da União - Seção 1 - 17/7/2000, Página 4 (Publicação Original) || Publicacao Original: Coleção de Leis do Brasil - 2000, Página 4896 Vol. 7 (Publicação Original) || Veto: Diário Oficial da União - Seção 1 - 17/7/2000, Página 8 (Veto);PL 933/1999;Não consta revogação expressa;"Brasília, 14 de julho de 2000; 179º da independência e 112º da República";FERNANDO HENRIQUE CARDOSO;"José Gregori ; Waldeck Ornélas";2;True;False;;Veta Parcialmente. Mensagem Presidencial n° 961 de 2,000. Art. 337-A, § 2º, inciso I Indexação;Ficha, Publicacao Original, Veto
2000\2000-10-19_lei-10028.md;Lei Ordinária nº 10.028, de 19 de outubro de 2000;2000-10-19;Ficha: Diário Oficial da União - Seção 1 - Eletrônico - 20/10/2000, Página 1 (Publicação Original) || Ficha: Coleção de Leis do Brasil - 2000, Página 7205 Vol. 10 (Publicação Original) || Publicacao Original: Diário Oficial da União - Seção 1 - Eletrônico - 20/10/2000, Página 1 (Publicação Original) || Publicacao Original: Coleção de Leis do Brasil - 2000, Página 7205 Vol. 10 (Publicação Original);PL 621/1999;Não consta revogação expressa;"Brasília, 19 de outubro de 2000; 179º da Independência e 112º da Independência";FERNANDO HENRIQUE CARDOSO;José Gregori;1;False;False;;;Ficha, Publicacao Original
2001\2001-05-15_lei-10224.md;Lei Ordinária nº 10.224, de 15 de maio de 2001;2001-05-15;Ficha: Diário Oficial da União - Seção 1 - Eletrônico - 16/5/2001, Página 1 (Publicação Original) || Ficha: Diário Oficial da União - Seção 1 - 16/5/2001, Página 28 (Veto) || Publicacao Original: Diário Oficial da União - Seção 1 - Eletrônico - 16/5/2001, Página 1 (Publicação Original) || Veto: Diário Oficial da União - Seção 1 - 16/5/2001, Página 28 (Veto);PL 61/1999;Não consta revogação expressa;"Brasília, 15 de maio de 2001; 180º da Independência e 113º da República";FERNANDO HENRIQUE CARDOSO;José Gregori;1;True;False;;Veta Parcialmente. Mensagem Presidencial n° 424 de 2.001. Art. 216-A, parágrafo único do Decreto-Lei nº 2848, de 1940 Indexação;Ficha, Publicacao Original, Veto
2001\2001-08-28_lei-10268.md;Lei Ordinária nº 10.268, de 28 de agosto de 2001;2001-08-28;Ficha: Diário Oficial da União - Seção 1 - Eletrônico - 29/8/2001, Página 2 (Publicação Original) || Ficha: Diário Oficial da União - Seção 1 - Eletrônico - 31/8/2001, Página 1 (Retificação) || Publicacao Original: Diário Oficial da União - Seção 1 - Eletrônico - 29/8/2001, Página 2 (Publicação Original) || Retificacao: Diário Oficial da União - Seção 1 - Eletrônico - 31/8/2001, Página 1 (Retificação);PL 3532/2000;Não consta revogação expressa;"Brasília, 28 de agosto de 2001; 180º da Independência e 113º da República";FERNANDO HENRIQUE CARDOSO;José Gregori;1;False;False;;;Ficha, Publicacao Original, Retificacao
2002\2002-06-11_lei-10467.md;Lei Ordinária nº 10.467, de 11 de junho de 2002;2002-06-11;Ficha: Diário Oficial da União - Seção 1 - 12/6/2002, Página 1 (Publicação Original) || Publicacao Original: Diário Oficial da União - Seção 1 - 12/6/2002, Página 1 (Publicação Original);PL 4143/2001;Não consta revogação expressa;"Brasília, 11 de junho de 2002; 181º da Independência e 114º da República";FERNANDO HENRIQUE CARDOSO;Miguel Reale Júnior;1;False;False;;;Ficha, Publicacao Original
2003\2003-07-01_lei-10695.md;Lei Ordinária nº 10.695, de 1º de julho de 2003;2003-07-01;Ficha: Diário Oficial da União - Seção 1 - 2/7/2003, Página 1 (Publicação Original) || Publicacao Original: Diário Oficial da União - Seção 1 - 2/7/2003, Página 1 (Publicação Original);PL 2681/1996;Não consta revogação expressa;"Brasília, 1º de julho de 2003; 182º da Independência e 115º da República";LUIZ INÁCIO LULA DA SILVA;Márcio Thomaz Bastos;1;False;False;;;Ficha, Publicacao Original
2003\2003-10-01_lei-10741.md;Lei Ordinária nº 10.741, de 1º de outubro de 2003;2003-10-01;Ficha: Diário Oficial da União - Seção 1 - 3/10/2003, Página 1 (Publicação Original) || Ficha: Diário Oficial da União - Seção 1 - 3/10/2003, Página 11 (Veto) || Publicacao Original: Diário Oficial da União - Seção 1 || Veto: Diário Oficial da União - Seção 1 - 3/10/2003, Página 11 (Veto);PL 3561/1997;Não consta revogação expressa;"Brasília, 1º de outubro de 2003; 182º da Independência e 115º da República";LUIZ INÁCIO LULA DA SILVA;"Márcio Thomaz Bastos ; Antonio Palocci Filho ; Rubem Fonseca Filho ; Humberto Sérgio Costa Lima ; Guido Mantega ; Ricardo José Ribeiro Berzoini ; Benedita Souza da Silva Sampaio ; Álvaro Augusto Ribeiro Costa";8;True;False;;"Veta Parcialmente. Mensagem Presidencial n° 503 de 2.003. Art. 72 Vide Norma(s): Lei Ordinária nº 15163 de 3 de Julho de 2025 (Poder Legislativo) - (Alteração). Art. 94, ""caput"", parágrafo único ; Art. 99, ""caput"", §§ 1º, 2º . Lei Ordinária nº 14423 de 22 de Julho de 2022 (Poder Legislativo) - (Alteração). Ementa ; Art. 1º ; Art. 2º ; Art. 3º, ""caput"", § 1º, incisos III, IV, V, VI, § 2º ; Art. 4º, ""caput"", § 1º ; Art. 7º ; Art. 10, ""caput"" ; Art. 11 ; Art. 12 ; Art. 14 ; Art. 15, ""caput"", § 1º, inciso IV, §§ 2º, 3º, 4º, 5º, incisos I, II, §§ 6º. 7º ; Art. 16, ""caput"", parágrafo único ; Art. 17, ""caput"", parágrafo único, incisos I, II ; Art. 18 ; Art. 19, ""caput"", incisos III, IV, V, § 1º ; Art. 20 ; Art. 21, ""caput"", §§ 1º, 2º ; Art. 22 ; Art. 23 ; Art. 24 ; Art. 25, ""caput"", parágrafo único ; Art. 26 ; Art. 27, ""caput"" ; Art. 28, ""caput"", incisos I, III ; Art. 33 ; Art. 34, ""caput"" ; Art. 35, ""caput"", §§ 1º, 2º ; Art. 36 ; Art. 37, ""caput"", §§ 2º, 3º ; Art. 38, ""caput"", incisos I, II, III, parágrafo único ; Art. 39, ""caput"", §§ 1º, 2º ; Art. 40, ""caput"", incisos I, II ; Art. 41 ; Art. 42 ; Art. 43, ""caput""; Art. 44 ; Art. 45, ""caput"", inciso IV ; Título IV ; Art. 46 ; Art. 47, ""caput"", incisos IV, V, VI ; Capítulo II ; Art. 48, ""caput"", parágrafo único ; Art. 49, ""caput"", incisos III, IV, V, VI, parágrafo único ; Art. 50, ""caput"", incisos I, II, VIII, XII, XIV, XV; Art. 51 ; Art. 52 ; Art. 55, ""caput"", inciso I, alínea ""e"", §§ 1º. 3º, 4º ; Art. 56, parágrafo único ; Art. 57,";Ficha, Publicacao Original, Texto Atualizado, Veto
2003\2003-11-12_lei-10763.md;Lei Ordinária nº 10.763, de 12 de novembro de 2003;2003-11-12;Ficha: Diário Oficial da União - Seção 1 - 13/11/2003, Página 1 (Publicação Original) || Publicacao Original: Diário Oficial da União - Seção 1 - 13/11/2003, Página 1 (Publicação Original);PL 7017/2002;Não consta revogação expressa;"Brasília, 12 de novembro de 2003; 182º da Independência e 115º da República";LUIZ INÁCIO LULA DA SILVA;Márcio Thomaz Bastos;1;False;False;;;Ficha, Publicacao Original
2003\2003-12-11_lei-10803.md;Lei Ordinária nº 10.803, de 11 de dezembro de 2003;2003-12-11;Ficha: Diário Oficial da União - Seção 1 - 12/12/2003, Página 1 (Publicação Original) || Publicacao Original: Diário Oficial da União - Seção 1 - 12/12/2003, Página 1 (Publicação Original);PL 7429/2002;Não consta revogação expressa;"Brasília, 11 de dezembro de 2003; 182º da Independência e 115º da República";LUIZ INÁCIO LULA DA SILVA;Márcio Thomaz Bastos;1;False;False;;;Ficha, Publicacao Original
2004\2004-06-17_lei-10886.md;Lei Ordinária nº 10.886, de 17 de junho de 2004;2004-06-17;Ficha: Diário Oficial da União - Seção 1 - 18/6/2004, Página 1 (Publicação Original) || Publicacao Original: Diário Oficial da União - Seção 1 - 18/6/2004, Página 1 (Publicação Original);PL 3/2003;Não consta revogação expressa;"Brasília, 17 de junho de 2004; 183º da Independência e 116º da República";LUIZ INÁCIO LULA DA SILVA;Márcio Thomaz Bastos;1;False;False;;;Ficha, Publicacao Original
2004\2004-12-22_lei-11035.md;Lei Ordinária nº 11.035, de 22 de dezembro de 2004;2004-12-22;Ficha: Diário Oficial da União - Seção 1 - 23/12/2004, Página 2 (Publicação Original) || Publicacao Original: Diário Oficial da União - Seção 1 - 23/12/2004, Página 2 (Publicação Original);PL 1365/1999;Não consta revogação expressa;"Brasília, 22 de dezembro de 2004; 183º da Independência e 116º da República";LUIZ INÁCIO LULA DA SILVA;Márcio Thomaz Bastos;1;False;False;;;Ficha, Publicacao Original
2005\2005-03-28_lei-11106.md;Lei Ordinária nº 11.106, de 28 de março de 2005;2005-03-28;Ficha: Diário Oficial da União - Seção 1 - 29/3/2005, Página 1 (Publicação Original) || Publicacao Original: Diário Oficial da União - Seção 1 - 29/3/2005, Página 1 (Publicação Original);PL 117/2003;Não consta revogação expressa;"Brasília, 28 de março de 2005; 184º da Independência e 117º da República";LUIZ INÁCIO LULA DA SILVA;"Márcio Thomaz Bastos ; José Dirceu de Oliveira e Silva";2;False;False;;;Ficha, Publicacao Original
2006\2006-08-07_lei-11340.md;Lei Ordinária nº 11.340, de 7 de agosto de 2006;2006-08-07;Ficha: Diário Oficial da União - Seção 1 - 8/8/2006, Página 1 (Publicação Original) || Publicacao Original: Diário Oficial da União - Seção 1 - 8/8/2006, Página 1 (Publicação Original);PL 4559/2004;Não consta revogação expressa;"Brasília, 7 de agosto de 2006; 185º da Independência e 118º da República";LUIZ INÁCIO LULA DA SILVA;Dilma Rousseff;1;False;False;;;Ficha, Publicacao Original, Texto Atualizado
2007\2007-03-28_lei-11466.md;Lei Ordinária nº 11.466, de 28 de março de 2007;2007-03-28;Ficha: Diário Oficial da União - Seção 1 - Edição Extra - 29/3/2007, Página 1 (Publicação Original) || Publicacao Original: Diário Oficial da União - Seção 1 - Edição Extra - 29/3/2007, Página 1 (Publicação Original);PL 7225/2006;Não consta revogação expressa;"Brasília, 28 de março de 2007; 186º da Independência e 119º da República";LUIZ INÁCIO LULA DA SILVA;Tarso Genro;1;False;False;;;Ficha, Publicacao Original
2007\2007-11-29_lei-11596.md;Lei Ordinária nº 11.596, de 29 de novembro de 2007;2007-11-29;Ficha: Diário Oficial da União - Seção 1 - 30/11/2007, Página 20 (Publicação Original) || Publicacao Original: Diário Oficial da União - Seção 1 - 30/11/2007, Página 20 (Publicação Original);PL 5973/2005;Não consta revogação expressa;"Brasília, 29 de novembro de 2007; 186º da Independência e 119º da República";LUIZ INÁCIO LULA DA SILVA;"Tarso Genro ; José Antonio Dias Toffoli";2;False;False;;;Ficha, Publicacao Original
2009\2009-04-17_lei-11923.md;Lei Ordinária nº 11.923, de 17 de abril de 2009;2009-04-17;Ficha: Diário Oficial da União - Seção 1 - Edição Extra - 17/4/2009, Página 2 (Publicação Original) || Publicacao Original: Diário Oficial da União - Seção 1 - Edição Extra - 17/4/2009, Página 2 (Publicação Original);PL 4025/2004;Não consta revogação expressa;"Brasília, 17 de abril de 2009; 188º da Independência e 121º da República";LUIZ INÁCIO LULA DA SILVA;José Antonio Dias Toffoli;1;False;False;;;Ficha, Publicacao Original
2009\2009-08-06_lei-12012.md;Lei Ordinária nº 12.012, de 6 de agosto de 2009;2009-08-06;Ficha: Diário Oficial da União - Seção 1 - 7/8/2009, Página 1 (Publicação Original) || Publicacao Original: Diário Oficial da União - Seção 1 - 7/8/2009, Página 1 (Publicação Original);PL 7024/2006;Não consta revogação expressa;"Brasília, 6 de agosto de 2009; 188º da Independência e 121º da República";LUIZ INÁCIO LULA DA SILVA;Tarso Genro;1;False;False;;;Ficha, Publicacao Original
2009\2009-08-07_lei-12015.md;Lei Ordinária nº 12.015, de 7 de agosto de 2009;2009-08-07;Ficha: Diário Oficial da União - Seção 1 - 10/8/2009, Página 1 (Publicação Original) || Ficha: Diário Oficial da União - Seção 1 - 10/8/2009, Página 4 (Veto) || Ficha: Diário do Senado Federal - 14/9/2004, Página 29238 (Exposição de Motivos) || Publicacao Original: Diário Oficial da União - Seção 1 - 10/8/2009, Página 1 (Publicação Original) || Veto: Diário Oficial da União - Seção 1 - 10/8/2009, Página 4 (Veto) || Exposicao de Motivos: Diário do Senado Federal - 14/9/2004, Página 29238 (Exposição de Motivos);PL 4850/2005;Não consta revogação expressa;"Brasília, 7 de agosto de 2009; 188º da Independência e 121º da República";LUIZ INÁCIO LULA DA SILVA;Tarso Genro;1;True;False;;Veta parcialmente. Mensagem Presidencial n° 640 de 2.009. Art. 218, Parágrafo único do Decreto-Lei nº 2.848, de 07/12/1940, alterado pelo art. 2º do projeto de lei Art. 217-A, § 2º e incisos I e II do art. 234-A do Decreto-Lei nº 2.848, de 07/12/1940 acrescidos pelo art. 3º do projeto de lei Art. 234-C, do Decreto-Lei nº 2.848, de 07/12/1940, acrescido pelo art. 3º do projeto de lei Indexação;Exposicao de Motivos, Ficha, Publicacao Original, Veto
2009\2009-09-29_lei-12033.md;Lei Ordinária nº 12.033, de 29 de setembro de 2009;2009-09-29;Ficha: Diário Oficial da União - Seção 1 - 30/9/2009, Página 1 (Publicação Original) || Publicacao Original: Diário Oficial da União - Seção 1 - 30/9/2009, Página 1 (Publicação Original);PL 36/1999;Não consta revogação expressa;"Brasília, 29 de setembro de 2009; 188º da Independência e 121º da República";LUIZ INÁCIO LULA DA SILVA;Tarso Genro;1;False;False;;;Ficha, Publicacao Original
2010\2010-05-05_lei-12234.md;Lei Ordinária nº 12.234, de 5 de maio de 2010;2010-05-05;Ficha: Diário Oficial da União - Seção 1 - 6/5/2010, Página 3 (Publicação Original) || Publicacao Original: Diário Oficial da União - Seção 1 - 6/5/2010, Página 3 (Publicação Original);PL 1383/2003;Não consta revogação expressa;"Brasília, 5 de maio de 2010; 189º da Independência e 122º da República";LUIZ INÁCIO LULA DA SILVA;Luiz Paulo Teles Ferreira Barreto;1;False;False;;;Ficha, Publicacao Original
2011\2011-12-15_lei-12550.md;Lei Ordinária nº 12.550, de 15 de dezembro de 2011;2011-12-15;Ficha: Diário Oficial da União - Seção 1 - 16/12/2011, Página 2 (Publicação Original) || Ficha: Diário da Câmara dos Deputados - 17/2/2012, Página 3155 (Publicação Original) || Ficha: Diário Oficial da União - Seção 1 - 16/12/2011, Página 21 (Veto) || Publicacao Original: Diário Oficial da União - Seção 1 - 16/12/2011, Página 2 (Publicação Original) || Publicacao Original: Diário da Câmara dos Deputados - 17/2/2012, Página 3155 (Publicação Original) || Veto: Diário Oficial da União - Seção 1 - 16/12/2011, Página 21 (Veto);PL 1749/2011;Não consta revogação expressa;"Brasília, 15 de dezembro de 2011; 190º da Independência e 123º da República";DILMA ROUSSEFF;"Fernando Haddad ; Alexandre Rocha Santos Padilha ; Miriam Belchior";3;True;False;;Veta parcialmente. Mensagem Presidencial n° 574 de 2.011. Art. 9º, §§ 2º, 3º Vide Norma(s): Lei Ordinária nº 12871 de 22 de Outubro de 2013 (Poder Legislativo) - (Aplicação). Lei Ordinária nº 12863 de 24 de Setembro de 2013 (Poder Legislativo) - (Revogação Parcial). Art. 7º, § 2º . Decreto nº 7661 de 28 de Dezembro de 2011 (Poder Executivo) - (Norma Complementar). Indexação;Ficha, Publicacao Original, Texto Atualizado, Veto
2012\2012-05-17_lei-12650.md;Lei Ordinária nº 12.650, de 17 de maio de 2012;2012-05-17;Ficha: Diário Oficial da União - Seção 1 - 18/5/2012, Página 3 (Publicação Original) || Publicacao Original: Diário Oficial da União - Seção 1 - 18/5/2012, Página 3 (Publicação Original);PL 6719/2009;Não consta revogação expressa;"Brasília, 17 de maio de 2012; 191º da Independência e 124º da República";DILMA ROUSSEFF;"José Eduardo Cardozo ; Maria do Rosário Nunes";2;False;False;;;Ficha, Publicacao Original
2012\2012-05-28_lei-12653.md;Lei Ordinária nº 12.653, de 28 de maio de 2012;2012-05-28;Ficha: Diário Oficial da União - Seção 1 - 29/5/2012, Página 1 (Publicação Original) || Publicacao Original: Diário Oficial da União - Seção 1 - 29/5/2012, Página 1 (Publicação Original);PL 3331/2012;Não consta revogação expressa;"Brasília, 28 de maio de 2012; 191º da Independência e 124º da República";DILMA ROUSSEFF;"José Eduardo Cardozo ; Alexandre Rocha Santos Padilha ; Eva Maria Cella Dal Chiavon";3;False;False;;;Ficha, Publicacao Original
2012\2012-07-24_lei-12694.md;Lei Ordinária nº 12.694, de 24 de julho de 2012;2012-07-24;Ficha: Diário Oficial da União - Seção 1 - 25/7/2012, Página 3 (Publicação Original) || Ficha: Diário Oficial da União - Seção 1 - 25/7/2012, Página 7 (Veto) || Ficha: Diário Oficial da União - Seção 1 - 26/7/2012, Página 3 (Veto - Republicação) || Publicacao Original: Diário Oficial da União - Seção 1 - 25/7/2012, Página 3 (Publicação Original) || Veto: Diário Oficial da União - Seção 1 - 25/7/2012, Página 7 (Veto) || Veto: Diário Oficial da União - Seção 1 - 26/7/2012, Página 3 (Veto - Republicação);PL 2057/2007;Não consta revogação expressa;"Brasília, 24 de julho de 2012; 191º da Independência e 124º da República";DILMA ROUSSEFF;José Eduardo Cardozo;1;True;False;;"Veta parcialmente. Mensagem Presidencial n° 342 de 2.012. Art. 144-A, § 7º do Decreto-Lei nº 3.689, de 03/10/1941 - Código de Processo Penal, acrescido pelo art. 5º do projeto de lei Vide Norma(s): Lei Ordinária nº 15245 de 29 de Outubro de 2025 (Poder Legislativo) - (Alteração). Lei Ordinária nº 15134 de 6 de Maio de 2025 (Poder Legislativo) - (Alteração). Art. 9º, ""caput"", § 1º-A, incisos I a VI . Lei Ordinária nº 13964 de 24 de Dezembro de 2019 (Poder Legislativo) - (Acréscimo de Artigo). Art. 1º-A, ""caput"", incisos I, II, III, §§ 1º, 2º, 3º . Indexação";Ficha, Publicacao Original, Texto Atualizado, Veto
2012\2012-09-27_lei-12720.md;Lei Ordinária nº 12.720, de 27 de setembro de 2012;2012-09-27;Ficha: Diário Oficial da União - Seção 1 - 28/9/2012, Página 1 (Publicação Original) || Publicacao Original: Diário Oficial da União - Seção 1 - 28/9/2012, Página 1 (Publicação Original);PL 370/2007;Não consta revogação expressa;"Brasília, 27 de setembro de 2012; 191º da Independência e 124º da República";DILMA ROUSSEFF;"José Eduardo Cardozo ; Maria do Rosário Nunes";2;False;False;;;Ficha, Publicacao Original
2012\2012-11-30_lei-12735.md;Lei Ordinária nº 12.735, de 30 de novembro de 2012;2012-11-30;Ficha: Diário Oficial da União - Seção 1 - 3/12/2012, Página 1 (Publicação Original) || Ficha: Diário Oficial da União - Seção 1 - 3/12/2012, Página 9 (Veto) || Publicacao Original: Diário Oficial da União - Seção 1 - 3/12/2012, Página 1 (Publicação Original) || Veto: Diário Oficial da União - Seção 1 - 3/12/2012, Página 9 (Veto);PL 84/1999;Não consta revogação expressa;"Brasília, 30 de novembro de 2012; 191º da Independência e 124º da República";DILMA ROUSSEFF;"José Eduardo Cardozo ; Paulo Bernardo Silva ; Maria do Rosário Nunes";3;True;False;;Veta parcialmente. Mensagem Presidencial n° 525 de 2.012. Art. 2º Art. 3º Indexação;Ficha, Publicacao Original, Veto
2012\2012-11-30_lei-12737.md;Lei Ordinária nº 12.737, de 30 de novembro de 2012;2012-11-30;Ficha: Diário Oficial da União - Seção 1 - 3/12/2012, Página 1 (Publicação Original) || Publicacao Original: Diário Oficial da União - Seção 1 - 3/12/2012, Página 1 (Publicação Original);PL 2793/2011;Não consta revogação expressa;"Brasília, 30 de novembro de 2012; 191º da Independência e 124º da República";DILMA ROUSSEFF;José Eduardo Cardozo;1;False;False;;;Ficha, Publicacao Original
2013\2013-08-02_lei-12850.md;Lei Ordinária nº 12.850, de 2 de agosto de 2013;2013-08-02;Ficha: Diário Oficial da União - Seção 1 - Edição Extra - 5/8/2013, Página 3 (Publicação Original) || Publicacao Original: Diário Oficial da União - Seção 1 - Edição Extra - 5/8/2013, Página 3 (Publicação Original);PL 6578/2009;Não consta revogação expressa;"Brasília, 2 de agosto de 2013; 192º da Independência e 125º da República";DILMA ROUSSEFF;José Eduardo Cardozo;1;False;False;;;Ficha, Publicacao Original, Texto Atualizado
2013\2013-12-17_lei-12894.md;Lei Ordinária nº 12.894, de 17 de dezembro de 2013;2013-12-17;Ficha: Diário Oficial da União - Seção 1 - 18/12/2013, Página 1 (Publicação Original) || Publicacao Original: Diário Oficial da União - Seção 1 - 18/12/2013, Página 1 (Publicação Original);PL 4784/2012;Não consta revogação expressa;"Brasília, 17 de dezembro de 2013; 192º da Independência e 125º da República";DILMA ROUSSEFF;José Eduardo Cardozo;1;False;False;;;Ficha, Publicacao Original
2014\2014-05-21_lei-12978.md;Lei Ordinária nº 12.978, de 21 de maio de 2014;2014-05-21;Ficha: Diário Oficial da União - Seção 1 - 22/5/2014, Página 1 (Publicação Original) || Publicacao Original: Diário Oficial da União - Seção 1 - 22/5/2014, Página 1 (Publicação Original);PL 7220/2014;Não consta revogação expressa;"Brasília, 21 de maio de 2014; 193º da Independência e 126º da República";DILMA ROUSSEFF;"José Eduardo Cardozo ; Ideli Salvatti";2;False;False;;;Ficha, Publicacao Original
2014\2014-06-26_lei-13008.md;Lei Ordinária nº 13.008, de 26 de junho de 2014;2014-06-26;Ficha: Diário Oficial da União - Seção 1 - 27/6/2014, Página 1 (Publicação Original) || Publicacao Original: Diário Oficial da União - Seção 1 - 27/6/2014, Página 1 (Publicação Original);PL 643/2011;Não consta revogação expressa;"Brasília, 26 de junho de 2014; 193º da Independência e 126º da República";DILMA ROUSSEFF;José Eduardo Cardozo;1;False;False;;;Ficha, Publicacao Original
2015\2015-03-09_lei-13104.md;Lei Ordinária nº 13.104, de 9 de março de 2015;2015-03-09;Ficha: Diário Oficial da União - Seção 1 - 10/3/2015, Página 1 (Publicação Original) || Publicacao Original: Diário Oficial da União - Seção 1 - 10/3/2015, Página 1 (Publicação Original);PL 8305/2014;Não consta revogação expressa;"Brasília, 9 de março de 2015; 194º da Independência e 127º da República";DILMA ROUSSEFF;"José Eduardo Cardozo ; Eleonora Menicucci de Oliveira ; Ideli Salvatti";3;False;False;;;Ficha, Publicacao Original
2015\2015-07-06_lei-13142.md;Lei Ordinária nº 13.142, de 6 de julho de 2015;2015-07-06;Ficha: Diário Oficial da União - Seção 1 - 7/7/2015, Página 1 (Publicação Original) || Publicacao Original: Diário Oficial da União - Seção 1 - 7/7/2015, Página 1 (Publicação Original);PL 846/2015;Não consta revogação expressa;"Brasília, 6 de julho de 2015; 194º da Independência e 127º da República";DILMA ROUSSEFF;Marivaldo de Castro Pereira;1;False;False;;;Ficha, Publicacao Original
2015\2015-11-11_lei-13188.md;Lei Ordinária nº 13.188, de 11 de novembro de 2015;2015-11-11;Ficha: Diário Oficial da União - Seção 1 - 12/11/2015, Página 1 (Publicação Original) || Ficha: Diário Oficial da União - Seção 1 - 12/11/2015, Página 31 (Veto) || Publicacao Original: Diário Oficial da União - Seção 1 - 12/11/2015, Página 1 (Publicação Original) || Veto: Diário Oficial da União - Seção 1 - 12/11/2015, Página 31 (Veto);PL 6446/2013;Não consta revogação expressa;"Brasília, 11 de novembro de 2015; 194º da Independência e 127º da República";DILMA ROUSSEFF;José Eduardo Cardozo;1;True;False;;Veta parcialmente. Mensagem Presidencial n° 478 de 2.015. Art. 5º, § 3º - (Mantém Veto) Indexação;Ficha, Publicacao Original, Texto Atualizado, Veto
2015\2015-12-28_lei-13228.md;Lei Ordinária nº 13.228, de 28 de dezembro de 2015;2015-12-28;Ficha: Diário Oficial da União - Seção 1 - 29/12/2015, Página 1 (Publicação Original) || Publicacao Original: Diário Oficial da União - Seção 1 - 29/12/2015, Página 1 (Publicação Original);PL 6920/2010;Não consta revogação expressa;"Brasília, 28 de dezembro de 2015; 194º da Independência e 127º da República";DILMA ROUSSEFF;José Eduardo Cardozo;1;False;False;;;Ficha, Publicacao Original
2016\2016-01-13_lei-13254.md;Lei Ordinária nº 13.254, de 13 de janeiro de 2016;2016-01-13;Ficha: Diário Oficial da União - Seção 1 - 14/1/2016, Página 3 (Publicação Original) || Ficha: Diário Oficial da União - Seção 1 - 14/1/2016, Página 9 (Veto) || Publicacao Original: Diário Oficial da União - Seção 1 - 14/1/2016, Página 3 (Publicação Original) || Veto: Diário Oficial da União - Seção 1 - 14/1/2016, Página 9 (Veto);PL 2960/2015;Não consta revogação expressa;"Brasília, 13 de janeiro de 2016; 195º da Independência e 128º da República";DILMA ROUSSEFF;"José Eduardo Cardozo ; Nelson Barbosa ; Valdir Moysés Simão";3;True;False;;"Veta parcialmente. Mensagem Presidencial n° 21 de 2,016. Art. 1º, § 5º, inciso I - (Mantém Veto) Art. 3º, inciso VIII - (Mantém Veto) Art. 4º, § 8º, inciso V - (Mantém Veto) Art. 3º, inciso IX - (Mantém Veto) Art. 4º, inciso VI - (Mantém Veto) Art. 10, inciso II - (Mantém Veto) Art. 5º, § 1º, incisos V e VIII e § 2º, inciso I - (Mantém Veto) Art. 5º, §§ 3º, 4º - (Mantém Veto) Art. 8º, § 1º - (Mantém Veto) Vide Norma(s): Lei Ordinária nº 13428 de 30 de Março de 2017 (Poder Legislativo) - (Alteração). Art. 1º, § 4º-A ; Art. 5º, § 1º ; Art. 9º, §§ 3º e 4º. Medida Provisória nº 753 de 19 de Dezembro de 2016 (Poder Executivo) - (Alteração sem Eficácia). Art. 8º, § 3º . Indexação";Ficha, Publicacao Original, Texto Atualizado, Veto
2016\2016-03-16_lei-13260.md;Lei Ordinária nº 13.260, de 16 de março de 2016;2016-03-16;Ficha: Diário Oficial da União - Seção 1 - Edição Extra - 17/3/2016, Página 1 (Publicação Original) || Ficha: Diário Oficial da União - Seção 1 - Edição Extra - 17/3/2016, Página 5 (Veto) || Ficha: Diário Oficial da União - Seção 1 - 18/3/2016, Página 1 (Retificação) || Publicacao Original: Diário Oficial da União - Seção 1 - Edição Extra - 17/3/2016, Página 1 (Publicação Original) || Veto: Diário Oficial da União - Seção 1 - Edição Extra - 17/3/2016, Página 5 (Veto) || Retificacao: Diário Oficial da União - Seção 1 - 18/3/2016, Página 1 (Retificação);PL 2016/2015;Não consta revogação expressa;"Brasília, 16 de março de 2016; 195º da Independência e 128º da República";DILMA ROUSSEFF;"Wellington César Lima e Silva ; Nilma Lino Gomes";2;True;False;;Veta parcialmente. Mensagem Presidencial n° 85 de 2.016. Art. 2º, § 1º, incisos II e III - (Mantém Veto) Art. 3º, §§ 1º e 2º - (Mantém Veto) Art. 4º - (Mantém Veto) Art. 8º - (Mantém Veto) Art. 9º - (Mantém Veto) Art. 11, Parágrafo único - (Mantém Veto) Indexação;Ficha, Publicacao Original, Retificacao, Veto
2016\2016-08-02_lei-13330.md;Lei Ordinária nº 13.330, de 2 de agosto de 2016;2016-08-02;Ficha: Diário Oficial da União - Seção 1 - 3/8/2016, Página 2 (Publicação Original) || Publicacao Original: Diário Oficial da União - Seção 1 - 3/8/2016, Página 2 (Publicação Original);PL 6999/2013;Não consta revogação expressa;"Brasília, 2 de agosto de 2016; 195º da Independência e 128º da República";MICHEL TEMER;Alexandre de Moraes;1;False;False;;;Ficha, Publicacao Original
2016\2016-10-06_lei-13344.md;Lei Ordinária nº 13.344, de 6 de outubro de 2016;2016-10-06;Ficha: Diário Oficial da União - Seção 1 - 7/10/2016, Página 2 (Publicação Original) || Publicacao Original: Diário Oficial da União - Seção 1 - 7/10/2016, Página 2 (Publicação Original);PL 7370/2014;Não consta revogação expressa;"Brasília, 6 de outubro de 2016; 195º da Independência e 128º da República";MICHEL TEMER;"Alexandre de Moraes ; José Serra ; Ricardo José Magalhães Barros ; Osmar Terra ; Grace Maria Fernandes Mendonça";5;False;False;;;Ficha, Publicacao Original
2017\2017-05-24_lei-13445.md;Lei Ordinária nº 13.445, de 24 de maio de 2017;2017-05-24;Ficha: Diário Oficial da União - Seção 1 - 25/5/2017, Página 1 (Publicação Original) || Ficha: Diário Oficial da União - Seção 1 - 25/5/2017, Página 12 (Veto) || Publicacao Original: Diário Oficial da União - Seção 1 - 25/5/2017, Página 1 (Publicação Original) || Veto: Diário Oficial da União - Seção 1 - 25/5/2017, Página 12 (Veto);PL 2516/2015;Não consta revogação expressa;"Brasília, 24 de maio de 2017; 196º da Independência e 129º da República";MICHEL TEMER;"Osmar Serraglio ; Aloysio Nunes Ferreira Filho ; Henrique Meirelles ; Eliseu Padilha ; Sergio Westphalen Etchegoyen ; Grace Maria Fernandes Mendonça";6;True;False;;"Veta parcialmente. Mensagem Presidencial n° 163 de 2.017. Art. 1º, § 1º, inciso I - (Mantém Veto) Art. 14, § 10 - (Mantém Veto) Art. 30, § 1º, inciso II - (Mantém Veto) Art. 37, Parágrafo único - (Mantém Veto) Art. 40, inciso IV - (Mantém Veto) Art. 44 - (Mantém Veto) Art. 74 - (Mantém Veto) Art. 113, § 4º - (Mantém Veto) Art. 1º, § 2º - (Mantém Veto) Art. 116 - (Mantém Veto) Art. 55, inciso II, alínea ""e"" - (Mantém Veto) Art. 66, inciso I e IV - (Mantém Veto) Art. 4º, §§ 2º e 3º - (Mantém Veto) Art. 30, inciso II, alíena ""d"" - (Mantém Veto) Art. 4º, § 4º - (Mantém Veto) Art. 6º, Parágrafo único - (Mantém Veto) Art. 49, § 5º - (Mantém Veto) Art. 105, § 3º - (Mantém Veto) Art. 118 - (Mantém Veto) Última linha do Anexo, ""Autorização de Trabalho"" - (Mantém Veto) Vide Norma(s): Decreto nº 12657 de 7 de Outubro de 2025 (Poder Executivo) - (Norma Complementar). Art. 120 . Decreto nº 9731 de 16 de Março de 2019 (Poder Executivo) - (Norma Complementar). Art. 9º, ""caput"", inciso IV . Decreto nº 9277 de 5 de Fevereiro de 2018 (Poder Executivo) - (Norma Complementar). Art. 31, § 4º . Decreto nº 9199 de 20 de Novembro de 2017 (Poder Executivo) - (Regulamentação). Lei Ordinária nº 13445 de 24 de Maio de 2017 (Poder Legislativo) - (Vigência Condicionada). Indexação";Ficha, Publicacao Original, Veto
2017\2017-12-07_lei-13531.md;Lei Ordinária nº 13.531, de 7 de dezembro de 2017;2017-12-07;Ficha: Diário Oficial da União - Seção 1 - 8/12/2017, Página 6 (Publicação Original) || Publicacao Original: Diário Oficial da União - Seção 1 - 8/12/2017, Página 6 (Publicação Original);PL 3763/2004;Não consta revogação expressa;"Brasília, 7 de dezembro de 2017; 196º da Independência e 129º da República";MICHEL TEMER;Torquato Jardim;1;False;False;;;Ficha, Publicacao Original
2018\2018-01-09_lei-13606.md;Lei Ordinária nº 13.606, de 9 de janeiro de 2018;2018-01-09;Ficha: Diário Oficial da União - Seção 1 - 10/1/2018, Página 2 (Publicação Original) || Ficha: Diário Oficial da União - Seção 1 - 10/1/2018, Página 21 (Veto) || Ficha: Diário Oficial da União - Seção 1 - 18/4/2018, Página 4 (Promulgação de Vetos) || Publicacao Original: Diário Oficial da União - Seção 1 - 10/1/2018, Página 2 (Publicação Original) || Veto: Diário Oficial da União - Seção 1 - 10/1/2018, Página 21 (Veto) || Promulgacao de Vetos: Diário Oficial da União - Seção 1 - 18/4/2018, Página 4 (Promulgação de Vetos);PL 9206/2017;Não consta revogação expressa;"Brasília, 9 de janeiro de 2018; 197º da Independência e 130º da República";MICHEL TEMER;"Henrique Meirelles ; Eumar Roberto Novacki ; Esteves Pedro Colnago Junior ; Grace Maria Fernandes Mendonça";4;True;True;MICHEL TEMER;"Veta parcialmente. Mensagem Presidencial n° 27 de 2.018. Art. 2º, inciso II, alínea 'a' - (Rejeita Veto) Art. 3º, inciso II, alínea 'a' - (Rejeita Veto) Art. 8º - (Rejeita Veto) Art. 9º - (Rejeita Veto) Art. 27 - (Rejeita Veto) Art. 28 - (Rejeita Veto) Art. 29 - (Rejeita Veto) Art. 30 - (Rejeita Veto) Art. 31 - (Rejeita Veto) Art. 32 - (Rejeita Veto) Art. 36 - (Rejeita Veto) Art. 37 - (Rejeita Veto) Art. 39 - (Rejeita Veto) Art. 25, § 12 da Lei nº 8.212, de 24 de julho de 1991, alterado pelo art. 14 do projeto - (Rejeita Veto) Art. 25, inciso I e § 6º da Lei nº 8.870, de 15 de abril de 1994, alterado pelo art. 15 do projeto - (Rejeita Veto) Art. 3º'; Art. 3º-A; Art. 4º, § 4º; Art. 14; Art. 16 da Lei 13.340, de 28 de setembro de 2016, alterados pelo art. 18 do projeto - (Rejeita Veto) Art. 20-D da Lei nº 10.522, de 19 de julho de 2002, acrescido pelo art. 25 do projeto - (Rejeita Veto) Art. 19, e Anexo II - (Rejeita Veto) Vide Norma(s): Lei Ordinária nº 14275 de 23 de Dezembro de 2021 (Poder Legislativo) - (Acréscimo de Artigo). Art. 20-A, ""caput"", parágrafo único ; Art. 36-A, ""caput"", incisos I, II . Lei Ordinária nº 13729 de 8 de Novembro de 2018 (Poder Legislativo) - (Alteração). Art. 1º, ""caput"", § 2º ; Art. 20, ""caput"", § 4º ; Art. 26, ""caput"", inciso IV ; Art. 28-A, ""caput"", incisos I a IV, §§ 1º a 5º ; Art. 29-A, ""caput"", incisos I, II, alíneas ""a"" a ""h"", III, §§ 1º, 2º, incisos I a VII, §§ 3º a 5º, incisos I, II, § 6º . Lei Ordinária nº 13729 de 8 de Novembro de 2018 (";Ficha, Promulgacao de Vetos, Publicacao Original, Texto Atualizado, Veto
2018\2018-04-23_lei-13654.md;Lei Ordinária nº 13.654, de 23 de abril de 2018;2018-04-23;Ficha: Diário Oficial da União - Seção 1 - 24/4/2018, Página 1 (Publicação Original) || Publicacao Original: Diário Oficial da União - Seção 1 - 24/4/2018, Página 1 (Publicação Original);PL 9160/2017;Não consta revogação expressa;"Brasília, 23 de abril de 2018; 197º da Independência e 130º da República";MICHEL TEMER;"Eliseu Padilha ; Grace Maria Fernandes Mendonça";2;False;False;;;Ficha, Publicacao Original
2018\2018-09-24_lei-13715.md;Lei Ordinária nº 13.715, de 24 de setembro de 2018;2018-09-24;Ficha: Diário Oficial da União - Seção 1 - 25/9/2018, Página 1 (Publicação Original) || Publicacao Original: Diário Oficial da União - Seção 1 - 25/9/2018, Página 1 (Publicação Original);PL 7874/2017;Não consta revogação expressa;"Brasília, 24 de setembro de 2018; 197º da Independência e 130º da República";JOSÉ ANTONIO DIAS TOFFOLI;"Torquato Jardim ; Gustavo do Vale Rocha";2;False;False;;;Ficha, Publicacao Original
2018\2018-09-24_lei-13718.md;Lei Ordinária nº 13.718, de 24 de setembro de 2018;2018-09-24;Ficha: Diário Oficial da União - Seção 1 - 25/9/2018, Página 2 (Publicação Original) || Publicacao Original: Diário Oficial da União - Seção 1 - 25/9/2018, Página 2 (Publicação Original);PL 5452/2016;Não consta revogação expressa;"Brasília, 24 de setembro de 2018; 197º da Independência e 130º da República";JOSÉ ANTONIO DIAS TOFFOLI;"Gustavo do Vale Rocha ; Grace Maria Fernandes Mendonça";2;False;False;;;Ficha, Publicacao Original
2018\2018-12-19_lei-13771.md;Lei Ordinária nº 13.771, de 19 de dezembro de 2018;2018-12-19;Ficha: Diário Oficial da União - Seção 1 - 20/12/2018, Página 1 (Publicação Original) || Publicacao Original: Diário Oficial da União - Seção 1 - 20/12/2018, Página 1 (Publicação Original);PL 3030/2015;Não consta revogação expressa;"Brasília, 19 de dezembro de 2018; 197º da Independência e 130º da República";MICHEL TEMER;"Gustavo do Vale Rocha ; Raul Jungmann";2;False;False;;;Ficha, Publicacao Original
2018\2018-12-19_lei-13772.md;Lei Ordinária nº 13.772, de 19 de dezembro de 2018;2018-12-19;Ficha: Diário Oficial da União - Seção 1 - 20/12/2018, Página 2 (Publicação Original) || Publicacao Original: Diário Oficial da União - Seção 1 - 20/12/2018, Página 2 (Publicação Original);PL 5555/2013;Não consta revogação expressa;"Brasília, 19 de dezembro de 2018; 197º da Independência e 130º da República";MICHEL TEMER;"Torquato Jardim ; Gustavo do Vale Rocha ; Raul Jungmann";3;False;False;;;Ficha, Publicacao Original
2019\2019-09-05_lei-13869.md;Lei Ordinária nº 13.869, de 5 de setembro de 2019;2019-09-05;Ficha: Diário Oficial da União - Seção 1 - Edição Extra - A - 5/9/2019, Página 1 (Publicação Original) || Ficha: Diário Oficial da União - Seção 1 - Edição Extra - A - 5/9/2019, Página 2 (Veto) || Ficha: Diário Oficial da União - Seção 1 - Edição Extra - C - 5/9/2019, Página 1 (Retificação) || Ficha: Diário Oficial da União - Seção 1 - 18/9/2019, Página 3 (Retificação) || Ficha: Diário Oficial da União - Seção 1 - 18/9/2019, Página 11 (Veto - Retificação) || Ficha: Diário Oficial da União - Seção 1 - Edição Extra - A - 27/9/2019, Página 1 (Promulgação de Vetos) || Publicacao Original: Diário Oficial da União - Seção 1 - Edição Extra - A - 5/9/2019, Página 1 (Publicação Original) || Veto: Diário Oficial da União - Seção 1 - Edição Extra - A - 5/9/2019, Página 2 (Veto) || Retificacao: Diário Oficial da União - Seção 1 - Edição Extra - C - 5/9/2019, Página 1 (Retificação) || Retificacao: Diário Oficial da União - Seção 1 - 18/9/2019, Página 3 (Retificação) || Retificacao: Diário Oficial da União - Seção 1 - 18/9/2019, Página 11 (Veto - Retificação) || Promulgacao de Vetos: Diário Oficial da União - Seção 1 - Edição Extra - A - 27/9/2019, Página 1 (Promulgação de Vetos);PL 7596/2017;Não consta revogação expressa;"Brasília, 5 de setembro de 2019; 198º da Independência e 131º da República";JAIR MESSIAS BOLSONARO;"Sérgio Moro ; Wagner de Campos Rosário ; Jorge Antonio de Oliveira Francisco ; André Luiz de Almeida Mendonça";4;True;True;JAIR MESSIAS BOLSONARO;"Veta parcialmente. Mensagem Presidencial n° 406 de 2.019. Art. 3º - (Rejeita Veto) Art. 5º, inciso III - (Mantém Veto) Art. 9º - (Rejeita Veto) Art. 11 - (Mantém Veto) Art. 13, inciso III - (Rejeita Veto) Art. 14 - (Mantém Veto) Art. 15, parágrafo único - (Rejeita Veto) Art. 16 - (Rejeita Veto) Art. 17 - (Mantém Veto) Art. 20 - (Rejeita Veto) Art. 22, inciso II do § 1º - (Mantém Veto) Art. 26 - (Mantém Veto) Art. 29, parágrafo único - (Mantém Veto) Art. 30 - (Rejeita Veto) Art. 32 - (Rejeita Veto) Art. 34 - (Mantém Veto) Art. 35 - (Mantém Veto) Art. 38 - (Rejeita Veto) Art. 43 - (Rejeita Veto) Vide Norma(s): Lei Ordinária nº 14321 de 31 de Março de 2022 (Poder Legislativo) - (Acréscimo de Artigo). Art. 15-A, ""caput"", incisos I, II, §§ 1º, 2º . Lei Ordinária nº 13869 de 5 de Setembro de 2019 (Poder Legislativo) - (Vigência Condicionada). Indexação";Ficha, Promulgacao de Vetos, Publicacao Original, Retificacao, Texto Atualizado, Veto
2019\2019-12-24_lei-13964.md;Lei Ordinária nº 13.964, de 24 de dezembro de 2019;2019-12-24;Ficha: Diário Oficial da União - Seção 1 - Edição Extra - A - 24/12/2019, Página 1 (Publicação Original) || Ficha: Diário Oficial da União - Seção 1 - Edição Extra - A - 24/12/2019, Página 9 (Veto) || Ficha: Diário Oficial da União - Seção 1 - 30/4/2021, Página 2 (Promulgação de Vetos) || Publicacao Original: Diário Oficial da União - Seção 1 - Edição Extra - A - 24/12/2019, Página 1 (Publicação Original) || Veto: Diário Oficial da União - Seção 1 - Edição Extra - A - 24/12/2019, Página 9 (Veto) || Promulgacao de Vetos: Diário Oficial da União - Seção 1 - 30/4/2021, Página 2 (Promulgação de Vetos);PL 10372/2018;Não consta revogação expressa;"Brasília, 24 de dezembro de 2019; 198º da Independência e 131º da República";JAIR MESSIAS BOLSONARO;"Sérgio Moro ; José Vicente Santini ; André Luiz de Almeida Mendonça";3;True;True;JAIR MESSIAS BOLSONARO;Veta parcialmente. Mensagem Presidencial n° 726 de 2.019. Art. 121, Inciso VIII do § 2º do Decreto-Lei nº 2.848, de 7 de dezembro de 1940, alterado pelo art. 2º do projeto de lei - (Rejeita Veto) Art. 141, § 2º do Decreto-Lei nº 2.848, de 7 de dezembro de 1940, alterado pelo art. 2º do projeto de lei - (Rejeita Veto) Art. 3º-B, § 1º do Decreto-Lei nº 3.689, de 3 de outubro de 1941, inserido pelo art. 3º do projeto de lei - (Rejeita Veto) Art. 112, § 7º da Lei nº 7.210, de 11 de julho de 1984, alterado pelo art. 4º do projeto de lei - (Rejeita Veto) Art. 8º-A, § 2º da Lei nº 9.296, de 24 de julho de 1996, inserido pelo art. 7º do projeto de lei - (Rejeita Veto) Art. 8º-A, § 4º da Lei nº 9.296, de 24 de julho de 1996, inserido pelo art. 7º do projeto de lei - (Rejeita Veto) Art. 9º-A, Caput da Lei nº 7.210, de 11 de julho de 1984, alterado pelo art. 4º do projeto de lei - (Rejeita Veto) Art. 9º-A, § 5º da Lei nº 7.210, de 11 de julho de 1984, alterado pelo art. 4º do projeto de lei - (Rejeita Veto) Art. 9º-A, § 6º da Lei nº 7.210, de 11 de julho de 1984, alterado pelo art. 4º do projeto de lei - (Rejeita Veto) Art. 9º-A, § 7º da Lei nº 7.210, de 11 de julho de 1984, alterado pelo art. 4º do projeto de lei - (Rejeita Veto) Art. 17-A, § 2º da Lei nº 8.429, de 2 de junho de 1992, alterado pelo art. 6º do projeto de lei - (Mantém Veto) Art. 17-A, Caput e §§ 1º, 3º, 4º e 5º da Lei nº 8.429, de 2 de junho de 1992, alterados pelo art. 6º do projeto de lei - (Mantém Veto) Art. 14-A, §§;Ficha, Promulgacao de Vetos, Publicacao Original, Texto Atualizado, Veto
2019\2019-12-26_lei-13968.md;Lei Ordinária nº 13.968, de 26 de dezembro de 2019;2019-12-26;Ficha: Diário Oficial da União - Seção 1 - 27/12/2019, Página 2 (Publicação Original) || Publicacao Original: Diário Oficial da União - Seção 1 - 27/12/2019, Página 2 (Publicação Original);PL 8833/2017;Não consta revogação expressa;"Brasília, 26 de dezembro de 2019; 198º da Independência e 131º da República";JAIR MESSIAS BOLSONARO;Damares Regina Alves;1;False;False;;;Ficha, Publicacao Original
2020\2020-12-18_lei-14110.md;Lei Ordinária nº 14.110, de 18 de dezembro de 2020;2020-12-18;Ficha: Diário Oficial da União - Seção 1 - 21/12/2020, Página 1 (Publicação Original) || Publicacao Original: Diário Oficial da União - Seção 1 - 21/12/2020, Página 1 (Publicação Original);PL 2810/2020;Não consta revogação expressa;"Brasília, 18 de dezembro de 2020; 199º da Independência e 132º da República";JAIR MESSIAS BOLSONARO;André Luiz de Almeida Mendonça;1;False;False;;;Ficha, Publicacao Original
2021\2021-03-31_lei-14132.md;Lei Ordinária nº 14.132, de 31 de março de 2021;2021-03-31;Ficha: Diário Oficial da União - Seção 1 - Edição Extra - E - 1/4/2021, Página 1 (Publicação Original) || Publicacao Original: Diário Oficial da União - Seção 1 - Edição Extra - E - 1/4/2021, Página 1 (Publicação Original);PL 1369/2019;Não consta revogação expressa;"Brasília, 31 de março de 2021; 200º da Independência e 133º da República";JAIR MESSIAS BOLSONARO;"Anderson Gustavo Torres ; Damares Regina Alves";2;False;False;;;Ficha, Publicacao Original
2021\2021-04-01_lei-14133.md;Lei Ordinária nº 14.133, de 1º de abril de 2021;2021-04-01;Ficha: Diário Oficial da União - Seção 1 - Edição Extra - F - 1/4/2021, Página 1 (Publicação Original) || Ficha: Diário Oficial da União - Seção 1 - Edição Extra - F - 1/4/2021, Página 24 (Veto) || Ficha: Diário Oficial da União - Seção 1 - 11/6/2021, Página 2 (Promulgação de Vetos) || Publicacao Original: Diário Oficial da União - Seção 1 - Edição Extra - F - 1/4/2021, Página 1 (Publicação Original) || Veto: Diário Oficial da União - Seção 1 - Edição Extra - F - 1/4/2021, Página 24 (Veto) || Promulgacao de Vetos: Diário Oficial da União - Seção 1 - 11/6/2021, Página 2 (Promulgação de Vetos);PL 6814/2017;Não consta revogação expressa;"Brasília, 1º de abril de 2021; 200º da Independência e 133º da República";JAIR MESSIAS BOLSONARO;"Anderson Gustavo Torres ; Paulo Guedes ; Tarcisio Gomes de Freitas ; Marcelo Antônio Cartaxo Queiroga Lopes ; Wagner de Campos Rosário ; André Luiz de Almeida Mendonça";6;True;True;JAIR MESSIAS BOLSONARO;;Ficha, Promulgacao de Vetos, Publicacao Original, Veto
2021\2021-05-27_lei-14155.md;Lei Ordinária nº 14.155, de 27 de maio de 2021;2021-05-27;Ficha: Diário Oficial da União - Seção 1 - 28/5/2021, Página 1 (Publicação Original) || Publicacao Original: Diário Oficial da União - Seção 1 - 28/5/2021, Página 1 (Publicação Original);PL 4554/2020;Não consta revogação expressa;"Brasília, 27 de maio de 2021; 200º da Independência e 133º da República";JAIR MESSIAS BOLSONARO;Anderson Gustavo Torres;1;False;False;;;Ficha, Publicacao Original
2021\2021-07-28_lei-14188.md;Lei Ordinária nº 14.188, de 28 de julho de 2021;2021-07-28;Ficha: Diário Oficial da União - Seção 1 - 29/7/2021, Página 1 (Publicação Original) || Publicacao Original: Diário Oficial da União - Seção 1 - 29/7/2021, Página 1 (Publicação Original);PL 741/2021;Não consta revogação expressa;"Brasília, 28 de julho de 2021; 200º da Independência e 133º da República";JAIR MESSIAS BOLSONARO;Damares Regina Alves;1;False;False;;;Ficha, Publicacao Original
2021\2021-09-01_lei-14197.md;Lei Ordinária nº 14.197, de 1º de setembro de 2021;2021-09-01;Ficha: Diário Oficial da União - Seção 1 - 2/9/2021, Página 3 (Publicação Original) || Ficha: Diário Oficial da União - Seção 1 - 2/9/2021, Página 11 (Veto) || Publicacao Original: Diário Oficial da União - Seção 1 - 2/9/2021, Página 3 (Publicação Original) || Veto: Diário Oficial da União - Seção 1 - 2/9/2021, Página 11 (Veto);PL 2462/1991;Não consta revogação expressa;"Brasília, 1º de setembro de 2021; 200º da Independência e 133º da República";JAIR MESSIAS BOLSONARO;"Anderson Gustavo Torres ; Walter Souza Braga Netto ; Damares Regina Alves ; Augusto Heleno Ribeiro Pereira";4;True;False;;Veta parcialmente. Mensagem Presidencial n° 427 de 2,021. Art. 2º, do Projeto de Lei, na parte em que acrescenta a especificação temática Comunicação enganosa em massa e o art. 359-O à Parte Especial do Decreto-Lei nº 2.848, de 7 de dezembro de 1940 Art. 2º, do Projeto de Lei, na parte em que acrescenta a especificação temática Ação penal privada subsidiária e o art. 359-Q à Parte Especial do Decreto-Lei nº 2.848, de 7 de dezembro de 1940 Art. 2º, do Projeto de Lei, na parte em que acrescenta o Capítulo V à Parte Especial do Decreto-Lei nº 2.848, de 7 de dezembro de 1940 2 Art. 2º, do Projeto de Lei, na parte em que acrescenta o inciso III do caput do art. 359-U à Parte Especial do Decreto-Lei nº 2.848, de 7 de dezembro de 1940 Art. 2º, do Projeto de Lei, na parte em que acrescenta a especificação temática Aumento de pena, o caput e os incisos I e II do art. 359-U, da Parte Especial do Decreto- Lei nº 2.848, de 7 de dezembro de 1940 Vide Norma(s): Lei Ordinária nº 14197 de 1º de Setembro de 2021 (Poder Legislativo) - (Vigência Condicionada). Indexação;Ficha, Publicacao Original, Veto
2021\2021-11-22_lei-14245.md;Lei Ordinária nº 14.245, de 22 de novembro de 2021;2021-11-22;Ficha: Diário Oficial da União - Seção 1 - 23/11/2021, Página 1 (Publicação Original);PL 5096/2020;Não consta revogação expressa;"Brasília, 22 de novembro de 2021; 200º da Independência e 133º da República";JAIR MESSIAS BOLSONARO;"Anderson Gustavo Torres ; Damares Regina Alves";2;False;False;;;Ficha, Publicacao Original
2022\2022-05-24_lei-14344.md;Lei Ordinária nº 14.344, de 24 de maio de 2022;2022-05-24;Ficha: Diário Oficial da União - Seção 1 - 25/5/2022, Página 1 (Publicação Original);PL 1360/2021;Não consta revogação expressa;"Brasília, 24 de maio de 2022; 201º da Independência e 134º da República";JAIR MESSIAS BOLSONARO;"Anderson Gustavo Torres ; Cristiane Rodrigues Britto";2;False;False;;;Ficha, Publicacao Original, Texto Atualizado
2022\2022-12-21_lei-14478.md;Lei Ordinária nº 14.478, de 21 de dezembro de 2022;2022-12-21;Ficha: Diário Oficial da União - Seção 1 - 22/12/2022, Página 3 (Publicação Original);PL 4401/2021 (Nº Anterior: PL 2303/2015);Não consta revogação expressa;"Brasília, 21 de dezembro de 2022; 201º da Independência e 134º da República";JAIR MESSIAS BOLSONARO;"Marcelo Pacheco dos Guaranys ; Wagner de Campos Rosário";2;False;False;;;Ficha, Publicacao Original
2023\2023-01-11_lei-14532.md;Lei Ordinária nº 14.532, de 11 de janeiro de 2023;2023-01-11;Ficha: Diário Oficial da União - Seção 1 - Edição Extra - B - 11/1/2023, Página 1 (Publicação Original);PL 4566/2021 (Nº Anterior: PL 1749/2015);Não consta revogação expressa;"Brasília, 11 de janeiro de 2023; 202º da Independência e 135º da República";LUIZ INÁCIO LULA DA SILVA;"Flávio Dino de Castro e Costa ; Silvio Luiz de Almeida ; Anielle Francisco da Silva";3;False;False;;;Ficha, Publicacao Original
2023\2023-04-26_lei-14562.md;Lei Ordinária nº 14.562, de 26 de abril de 2023;2023-04-26;Ficha: Diário Oficial da União - Seção 1 - 27/4/2023, Página 1 (Publicação Original);PL 5385/2019;Não consta revogação expressa;"Brasília, 26 de abril de 2023; 202º da Independência e 135º da República";GERALDO JOSÉ RODRIGUES ALCKMIN FILHO;"Flávio Dino de Castro e Costa ; José Renan Vasconcelos Calheiros Filho";2;False;False;;;Ficha, Publicacao Original
2023\2023-10-31_lei-14717.md;Lei Ordinária nº 14.717, de 31 de outubro de 2023;2023-10-31;Ficha: Diário Oficial da União - Seção 1 - 1/11/2023, Página 1 (Publicação Original);PL 976/2022;Não consta revogação expressa;"Brasília, 31 de outubro de 2023; 202º da Independência e 135º da República";LUIZ INÁCIO LULA DA SILVA;"Silvio Luiz de Almeida ; Flávio Dino de Castro e Costa ; Aparecida Gonçalves";3;False;False;;;Ficha, Publicacao Original
2024\2024-01-12_lei-14811.md;Lei Ordinária nº 14.811, de 12 de janeiro de 2024;2024-01-12;Ficha: Diário Oficial da União - Seção 1 - 15/1/2024, Página 1 (Publicação Original);PL 4224/2021;Não consta revogação expressa;"Brasília, 12 de janeiro de 2024; 203º da Independência e 136º da República";LUIZ INÁCIO LULA DA SILVA;"Camilo Sobreira de Santana ; Flávio Dino de Castro e Costa ; Nísia Verônica Trindade Lima";3;False;False;;;Ficha, Publicacao Original
2024\2024-09-09_lei-14967.md;Lei Ordinária nº 14.967, de 9 de setembro de 2024;2024-09-09;Ficha: Diário Oficial da União - Seção 1 - 10/9/2024, Página 2 (Publicação Original) || Ficha: Diário Oficial da União - Seção 1 - 10/9/2024, Página 14 (Veto) || Veto: Diário Oficial da União - Seção 1 - 10/9/2024, Página 14 (Veto);PL 4238/2012;Não consta revogação expressa;"Brasília, 9 de setembro de 2024; 203º da Independência e 136º da República";LUIZ INÁCIO LULA DA SILVA;"Fernando Haddad ; Enrique Ricardo Lewandowski ; Luiz Marinho ; Jorge Rodrigo Araújo Messias";4;True;False;;"Veta parcialmente. Mensagem Presidencial n° 1059 de 2.024. Art. 7º, § 2º do Projeto de Lei Art. 19, Inciso VI do ""caput"" do Projeto de Lei Art. 20, § 2º, § 3º, § 4º e § 5º do Projeto de Lei Art. 71, do Projeto de Lei Vide Norma(s): Decreto nº 13012 de 9 de Junho de 2026 (Poder Executivo) - (Regulamentação). Indexação";Ficha, Publicacao Original, Veto
2024\2024-10-09_lei-14994.md;Lei Ordinária nº 14.994, de 9 de outubro de 2024;2024-10-09;Ficha: Diário Oficial da União - Seção 1 - 10/10/2024, Página 2 (Publicação Original) || Publicacao Original: Diário Oficial da União - Seção 1 - 10/10/2024, Página 2 (Publicação Original);PL 4266/2023;Não consta revogação expressa;"Brasília, 9 de outubro de 2024; 203º da Independência e 136º da República";LUIZ INÁCIO LULA DA SILVA;"Macaé Maria Evaristo dos Santos ; Manoel Carlos de Almeida Neto ; Aparecida Gonçalves ; Simone Nassar Tebet";4;False;False;;;Ficha, Publicacao Original
2024\2024-11-27_lei-15035.md;Lei Ordinária nº 15.035, de 27 de novembro de 2024;2024-11-27;Ficha: Diário Oficial da União - Seção 1 - 28/11/2024, Página 2 (Publicação Original) || Ficha: Diário Oficial da União - Seção 1 - 28/11/2024, Página 4 (Veto) || Publicacao Original: Diário Oficial da União - Seção 1 - 28/11/2024, Página 2 (Publicação Original) || Veto: Diário Oficial da União - Seção 1 - 28/11/2024, Página 4 (Veto);PL 6212/2023;Não consta revogação expressa;"Brasília, 27 de novembro de 2024; 203º da Independência e 136º da República";LUIZ INÁCIO LULA DA SILVA;"Macaé Maria Evaristo dos Santos ; Enrique Ricardo Lewandowski ; Aparecida Gonçalves ; Jorge Rodrigo Araújo Messias";4;True;False;;Veta parcialmente. Mensagem Presidencial n° 1527 de 2.024. Art. 2º, do Projeto de Lei, na parte em que acrescenta o parágrafo único do art. 2º-A na Lei nº 14.069, de 1º de outubro de 2020 - (Mantém Veto) Indexação;Ficha, Publicacao Original, Veto
2025\2025-04-24_lei-15123.md;Lei Ordinária nº 15.123, de 24 de abril de 2025;2025-04-24;Ficha: Diário Oficial da União - Seção 1 - 25/4/2025, Página 3 (Publicação Original) || Publicacao Original: Diário Oficial da União - Seção 1 - 25/4/2025, Página 3 (Publicação Original);PL 370/2024;Não consta revogação expressa;"Brasília, 24 de abril de 2025; 204º da Independência e 137º da República";LUIZ INÁCIO LULA DA SILVA;"Macaé Maria Evaristo dos Santos ; Aparecida Gonçalves ; Simone Nassar Tebet";3;False;False;;;Ficha, Publicacao Original
2025\2025-05-06_lei-15134.md;Lei Ordinária nº 15.134, de 6 de maio de 2025;2025-05-06;Ficha: Diário Oficial da União - Seção 1 - 7/5/2025, Página 1 (Publicação Original) || Ficha: Diário Oficial da União - Seção 1 - 7/5/2025, Página 3 (Veto) || Ficha: Diário Oficial da União - Seção 1 - 9/5/2025, Página 5 (Veto - Retificação) || Publicacao Original: Diário Oficial da União - Seção 1 - 7/5/2025, Página 1 (Publicação Original) || Retificacao: Diário Oficial da União - Seção 1 - 9/5/2025, Página 5 (Veto - Retificação) || Veto: Diário Oficial da União - Seção 1 - 7/5/2025, Página 3 (Veto);PL 4015/2023 (Nº Anterior: PL 996/2015);Não consta revogação expressa;"Brasília, 6 de maio de 2025; 204º da Independência e 137º da República";LUIZ INÁCIO LULA DA SILVA;"Dario Carnevalli Durigan ; Esther Dweck ; Manoel Carlos de Almeida Neto ; Simone Nassar Tebet ; Vinícius Marques de Carvalho";5;True;False;;Veta parcialmente. Mensagem Presidencial n° 552 de 2,025. Art. 1º e art. 2º do Projeto de Lei Inciso I do art. 4º do Projeto de Lei Art. 9º do Projeto de Lei Seção III-A, Art. 14-A, parágrafo único Art. 10 do Projeto de Lei Art. 5º do Projeto de Lei Art. 8º do Projeto de Lei na parte em que acrescenta o § 2º-A ao art. 9º da Lei 12.694, de 24 de julho de 2012 Indexação;Ficha, Publicacao Original, Retificacao, Veto
2025\2025-07-03_lei-15159.md;Lei Ordinária nº 15.159, de 3 de julho de 2025;2025-07-03;Ficha: Diário Oficial da União - Seção 1 - 4/7/2025, Página 3 (Publicação Original) || Publicacao Original: Diário Oficial da União - Seção 1 - 4/7/2025, Página 3 (Publicação Original);PL 3613/2023;Não consta revogação expressa;"Brasília, 3 de julho de 2025; 204º da Independência e 137º da República";GERALDO JOSÉ RODRIGUES ALCKMIN FILHO;"Janine Mello dos Santos ; Manoel Carlos de Almeida Neto";2;False;False;;;Ficha, Publicacao Original
2025\2025-07-03_lei-15160.md;Lei Ordinária nº 15.160, de 3 de julho de 2025;2025-07-03;Ficha: Diário Oficial da União - Seção 1 - 4/7/2025, Página 3 (Publicação Original) || Publicacao Original: Diário Oficial da União - Seção 1 - 4/7/2025, Página 3 (Publicação Original);PL 419/2023;Não consta revogação expressa;"Brasília, 3 de julho de 2025; 204º da Independência e 137º da República";GERALDO JOSÉ RODRIGUES ALCKMIN FILHO;Márcia Helena Carvalho Lopes;1;False;False;;;Ficha, Publicacao Original
2025\2025-07-03_lei-15163.md;Lei Ordinária nº 15.163, de 3 de julho de 2025;2025-07-03;Ficha: Diário Oficial da União - Seção 1 - 4/7/2025, Página 3 (Publicação Original) || Publicacao Original: Diário Oficial da União - Seção 1 - 4/7/2025, Página 3 (Publicação Original);PL 4626/2020;Não consta revogação expressa;"Brasília, 3 de julho de 2025; 204º da Independência e 137º da República";GERALDO JOSÉ RODRIGUES ALCKMIN FILHO;Manoel Carlos de Almeida Neto;1;False;False;;;Ficha, Publicacao Original
2025\2025-07-28_lei-15181.md;Lei Ordinária nº 15.181, de 28 de julho de 2025;2025-07-28;Ficha: Diário Oficial da União - Seção 1 - 29/7/2025, Página 2 (Publicação Original) || Ficha: Diário Oficial da União - Seção 1 - 29/7/2025, Página 2 (Veto) || Publicacao Original: Diário Oficial da União - Seção 1 - 29/7/2025, Página 2 (Publicação Original) || Veto: Diário Oficial da União - Seção 1 - 29/7/2025, Página 2 (Veto);PL 4872/2024 (Nº Anterior: PL 5845/2016);Não consta revogação expressa;"Brasília, 28 de julho de 2025; 204º da Independência e 137º da República";LUIZ INÁCIO LULA DA SILVA;"Frederico de Siqueira Filho ; Enrique Ricardo Lewandowski ; Alexandre Silveira de Oliveira";3;True;False;;Veta parcialmente. Mensagem Presidencial n° 1021 de 2,025. Art. 2º, do Projeto de Lei Art. 5º, do Projeto de Lei Indexação;Ficha, Publicacao Original, Veto
2025\2025-10-02_lei-15229.md;Lei Ordinária nº 15.229, de 2 de outubro de 2025;2025-10-02;Ficha: Diário Oficial da União - Seção 1 - 3/10/2025, Página 1 (Publicação Original) || Publicacao Original: Diário Oficial da União - Seção 1 - 3/10/2025, Página 1 (Publicação Original);PL 3114/2023;Não consta revogação expressa;"Brasília, 2 de outubro de 2025; 204º da Independência e 137º da República";LUIZ INÁCIO LULA DA SILVA;Enrique Ricardo Lewandowski;1;False;False;;;Ficha, Publicacao Original
2025\2025-10-29_lei-15245.md;Lei Ordinária nº 15.245, de 29 de outubro de 2025;2025-10-29;Ficha: Diário Oficial da União - Seção 1 - 30/10/2025, Página 2 (Publicação Original) || Publicacao Original: Diário Oficial da União - Seção 1 - 30/10/2025, Página 2 (Publicação Original);PL 1307/2023;Não consta revogação expressa;"Brasília, 29 de outubro de 2025; 204º da Independência e 137º da República";LUIZ INÁCIO LULA DA SILVA;Enrique Ricardo Lewandowski;1;False;False;;;Ficha, Publicacao Original
2025\2025-12-05_lei-15280.md;Lei Ordinária nº 15.280, de 5 de dezembro de 2025;2025-12-05;Ficha: Diário Oficial da União - Seção 1 - 8/12/2025, Página 2 (Publicação Original) || Publicacao Original: Diário Oficial da União - Seção 1 - 8/12/2025, Página 2 (Publicação Original);PL 2810/2025;Não consta revogação expressa;"Brasília, 5 de dezembro de 2025; 204º da Independência e 137º da República";LUIZ INÁCIO LULA DA SILVA;"Enrique Ricardo Lewandowski ; Gustavo José de Guimarães e Souza";2;False;False;;;Ficha, Publicacao Original
2026\2026-01-08_lei-complementar-225.md;Lei Complementar nº 225, de 8 de janeiro de 2026;2026-01-08;Ficha: Diário Oficial da União - Seção 1 - 9/1/2026, Página 1 (Publicação Original) || Ficha: Diário Oficial da União - Seção 1 - 9/1/2025, Página 7 (Veto) || Publicacao Original: Diário Oficial da União - Seção 1 - 9/1/2026, Página 1 (Publicação Original) || Veto: Diário Oficial da União - Seção 1 - 9/1/2025, Página 7 (Veto);PLP 125/2022;Não consta revogação expressa;"Brasília, 8 de janeiro de 2026; 205º da Independência e 138º da República";LUIZ INÁCIO LULA DA SILVA;"Dario Carnevalli Durigan ; Geraldo José Rodrigues Alckmin Filho ; Manoel Carlos de Almeida Neto ; Isadora Maria Belem Rocha Cartaxo de Arruda";4;True;False;;"Veta parcialmente. Mensagem Presidencial n° 22 de 2.026. Inciso II do"" caput"" do art. 8º do Projeto de Lei Complementar Inciso I do § 2º do art. 31 do Projeto de Lei Complementar Inciso I do ""caput"" e § 3º e § 4º do art. 32 do Projeto de Lei Complementar Inciso III do ""caput"" do art. 32 do Projeto de Lei Complementar § 1º do art. 32 do Projeto de Lei Complementar Vide Norma(s): Lei Complementar nº 225 de 8 de Janeiro de 2026 (Poder Legislativo) - (Vigência Condicionada). Indexação";Ficha, Publicacao Original, Veto
2026\2026-03-08_lei-15353.md;Lei Ordinária nº 15.353, de 8 de março de 2026;2026-03-08;Ficha: Diário Oficial da União - Seção 1 - Edição Extra - B - 8/3/2026, Página 1 (Publicação Original) || Publicacao Original: Diário Oficial da União - Seção 1 - Edição Extra - B - 8/3/2026, Página 1 (Publicação Original);PL 2195/2024;Não consta revogação expressa;"Brasília, 8 de março de 2026; 205º da Independência e 138º da República";LUIZ INÁCIO LULA DA SILVA;"Macaé Maria Evaristo dos Santos ; Wellington César Lima e Silva ; Márcia Helena Carvalho Lopes";3;False;False;;;Ficha, Publicacao Original
2026\2026-03-24_lei-15358.md;Lei Ordinária nº 15.358, de 24 de março de 2026;2026-03-24;Ficha: Diário Oficial da União - Seção 1 - 25/3/2026, Página 1 (Publicação Original) || Ficha: Diário Oficial da União - Seção 1 - 25/3/2026, Página 10 (Veto) || Publicacao Original: Diário Oficial da União - Seção 1 - 25/3/2026, Página 1 (Publicação Original) || Veto: Diário Oficial da União - Seção 1 - 25/3/2026, Página 10 (Veto);PL 5582/2025;Não consta revogação expressa;"Brasília, 24 de março de 2026; 205º da Independência e 138º da República";LUIZ INÁCIO LULA DA SILVA;"Macaé Maria Evaristo dos Santos ; Wellington César Lima e Silva ; Simone Nassar Tebet ; Guilherme Castro Boulos ; Jorge Rodrigo Araújo Messias";5;True;False;;"Veta parcialmente. Mensagem Presidencial n° 216 de 2.026. Art. 2º, § 3º do Projeto de Lei Art. 33, do Projeto de Lei, na parte em que altera o inciso II do ""caput"" do art. 91 do Decreto-Lei nº 2.848, de 7 de dezembro de 1940 - Código Penal Art. 43, do Projeto de Lei Indexação";Ficha, Publicacao Original, Veto
2026\2026-04-09_lei-15384.md;Lei Ordinária nº 15.384, de 9 de abril de 2026;2026-04-09;Ficha: Diário Oficial da União - Seção 1 - 10/4/2026, Página 1 (Publicação Original) || Ficha: Diário Oficial da União - Seção 1 - 15/4/2026, Página 17 (Retificação) || Publicacao Original: Diário Oficial da União - Seção 1 - 10/4/2026, Página 1 (Publicação Original) || Retificacao: Diário Oficial da União - Seção 1 - 15/4/2026, Página 17 (Retificação);PL 3880/2024;Não consta revogação expressa;"Brasília, 9 de abril de 2026; 205º da Independência e 138º da República";LUIZ INÁCIO LULA DA SILVA;"Janine Mello dos Santos ; Márcia Helena Carvalho Lopes";2;False;False;;;Ficha, Publicacao Original, Retificacao, Texto Atualizado
2026\2026-04-30_lei-15397.md;Lei Ordinária nº 15.397, de 30 de abril de 2026;2026-04-30;Ficha: Diário Oficial da União - Seção 1 - 4/5/2026, Página 1 (Publicação Original) || Ficha: Diário Oficial da União - Seção 1 - 4/5/2026, Página 3 (Veto) || Publicacao Original: Diário Oficial da União - Seção 1 - 4/5/2026, Página 1 (Publicação Original) || Veto: Diário Oficial da União - Seção 1 - 4/5/2026, Página 3 (Veto);PL 3780/2023;Não consta revogação expressa;"Brasília, 30 de abril de 2026; 205º da Independência e 138º da República";LUIZ INÁCIO LULA DA SILVA;"Frederico de Siqueira Filho ; Wellington César Lima e Silva";2;True;False;;Veta parcialmente. Mensagem Presidencial n° 365 de 2.026. Art. 2º, do Projeto de Lei, na parte em que altera o inciso I do § 3º do art. 157 do Decreto-Lei nº 2.848, de 7 de dezembro de 1940 (Código Penal) Indexação;Ficha, Publicacao Original, Veto
2026\2026-05-08_lei-15402.md;Lei Ordinária nº 15.402, de 8 de maio de 2026;2026-05-08;Ficha: Diário Oficial da União - Seção 1 - Edição Extra - B - 8/5/2026, Página 1 (Publicação Original) || Publicacao Original: Diário Oficial da União - Seção 1 - Edição Extra - B - 8/5/2026, Página 1 (Publicação Original);PL 2162/2023;Não consta revogação expressa;"Brasília, 8 de maio de 2026; 205º da Independência e 138º da República";Senador DAVI ALCOLUMBRE;Presidente do Senado Federal;1;False;False;;;Ficha, Publicacao Original
2026\2026-05-20_lei-15409.md;Lei Ordinária nº 15.409, de 20 de maio de 2026;2026-05-20;Ficha: Diário Oficial da União - Seção 1 - 21/5/2026, Página 1 (Publicação Original) || Ficha: Diário Oficial da União - Seção 1 - 21/5/2026, Página 9 (Veto) || Publicacao Original: Diário Oficial da União - Seção 1 - 21/5/2026, Página 1 (Publicação Original) || Veto: Diário Oficial da União - Seção 1 - 21/5/2026, Página 9 (Veto);PL 1099/2024;Não consta revogação expressa;"Brasília, 20 de maio de 2026; 205º da Independência e 138º da República";LUIZ INÁCIO LULA DA SILVA;"Márcia Helena Carvalho Lopes ; Flavio José Roman";2;True;False;;Veta parcialmente. Mensagem Presidencial n° 426 de 2.026. Art. 5º, do Projeto de Lei Indexação;Ficha, Publicacao Original, Veto
2026\2026-06-03_lei-15425.md;Lei Ordinária nº 15.425, de 3 de junho de 2026;2026-06-03;Ficha: Diário Oficial da União - Seção 1 - 8/6/2026, Página 1 (Publicação Original) || Publicacao Original: Diário Oficial da União - Seção 1 - 8/6/2026, Página 1 (Publicação Original);PL 7323/2014;Não consta revogação expressa;"Brasília, 3 de junho de 2026; 205º da Independência e 138º da República";LUIZ INÁCIO LULA DA SILVA;Wellington César Lima e Silva;1;False;False;;;Ficha, Publicacao Original
2026\2026-06-18_lei-15438.md;Lei Ordinária nº 15.438, de 18 de junho de 2026;2026-06-18;Ficha: Diário Oficial da União - Seção 1 - 19/6/2026, Página 1 (Publicação Original) || Publicacao Original: Diário Oficial da União - Seção 1 - 19/6/2026, Página 1 (Publicação Original);PL 421/2023;Não consta revogação expressa;"Brasília, 18 de junho de 2026; 205º da Independência e 138 da República";LUIZ INÁCIO LULA DA SILVA;"Janine Mello dos Santos ; Márcia Helena Carvalho Lopes";2;False;False;;;Ficha, Publicacao Original
2026\2026-07-01_lei-15455.md;Lei Ordinária nº 15.455, de 1º de julho de 2026;2026-07-01;Ficha: Diário Oficial da União - Seção 1 - 2/7/2026, Página 1 (Publicação Original) || Ficha: Diário Oficial da União - Seção 1 - 2/7/2026, Página 7 (Veto) || Publicacao Original: Diário Oficial da União - Seção 1 - 2/7/2026, Página 1 (Publicação Original) || Veto: Diário Oficial da União - Seção 1 - 2/7/2026, Página 7 (Veto);PL 5760/2023;Não consta revogação expressa;"Brasília, 1º de julho de 2026; 205º da Independência e 138º da República";LUIZ INÁCIO LULA DA SILVA;"José Wellington Barroso de Araújo Dias ; Janine Mello dos Santos ; Rachel Barros de Oliveira ; Wellington César Lima e Silva ; Márcia Helena Carvalho Lopes ; Luiz Marinho";6;True;False;;"Veta parcialmente. Mensagem Presidencial n° 579 de 2.026. Art. 8º, na parte em que acrescenta o inciso II ao ""caput"" do art. 30-A da Lei Complementar nº 150, de 1º de junho de 2015 Indexação";Ficha, Publicacao Original, Veto
2026\2026-08-06_lei-15487.md;Lei Ordinária nº 15.487, de 6 de agosto de 2026;2026-08-06;Ficha: Diário Oficial da União - Seção 1 - 7/8/2026, Página 1 (Publicação Original) || Publicacao Original: Diário Oficial da União - Seção 1 - 7/8/2026, Página 1 (Publicação Original);PL 3066/2025;Não consta revogação expressa;"Brasília, 6 de agosto de 2026; 205º da Independência e 138º da República";LUIZ INÁCIO LULA DA SILVA;"Frederico de Siqueira Filho ; Janine Mello dos Santos ; Wellington César Lima e Silva ; Márcia Helena Carvalho Lopes ; Sidônio Cardoso Palmeira";5;False;False;;;Ficha, Publicacao Original
